/*
 * Generated by scripts/gen-font.py from JetBrains Mono Regular - do not edit by hand.
 *
 * JetBrains Mono is licensed under the SIL Open Font License 1.1; the licence text
 * is in licenses/OFL-1.1-JetBrainsMono.txt and covers this derived data too.
 *
 * 323 glyphs on a 20x36 master (32 cell rows under a 4-row overhang) at 16 coverage
 * levels, 50587 bytes of pixels. The coverage set is whatever src/ui/font5x7.c can
 * draw, so the two fonts render the same names.
 */

#include "mesh/ui/font_ui.h"

/* Every glyph's ink box, one after another: coverage packed two pixels to a byte,
   low nibble first, row by row within the box. */
static const uint8_t k_pixels[] = {
    0x20, 0x44, 0x02, 0x90, 0xFF, 0x07, 0x80, 0xFF, 0x07, 0x80, 0xFF, 0x06,
    0x80, 0xFF, 0x06, 0x70, 0xFF, 0x06, 0x70, 0xFF, 0x05, 0x60, 0xFF, 0x05,
    0x60, 0xFF, 0x05, 0x60, 0xFF, 0x04, 0x50, 0xFF, 0x04, 0x50, 0xFF, 0x04,
    0x50, 0xFF, 0x03, 0x40, 0xFF, 0x03, 0x40, 0xFF, 0x03, 0x30, 0xBB, 0x02,
    0x00, 0x00, 0x00, 0x00, 0x00, 0x00, 0x10, 0x44, 0x01, 0xC1, 0xFF, 0x1B,
    0xF3, 0xFF, 0x2F, 0xC1, 0xFF, 0x0B, 0x10, 0x44, 0x00, 0x42, 0x14, 0x00,
    0x42, 0x24, 0xF9, 0x5F, 0x00, 0xF7, 0x8F, 0xF8, 0x5F, 0x00, 0xF6, 0x7F,
    0xF8, 0x4F, 0x00, 0xF6, 0x7F, 0xF8, 0x4F, 0x00, 0xF5, 0x6F, 0xF7, 0x4F,
    0x00, 0xF5, 0x6F, 0xF7, 0x4F, 0x00, 0xF5, 0x6F, 0xF6, 0x3F, 0x00, 0xF4,
    0x5F, 0xF6, 0x3F, 0x00, 0xF4, 0x5F, 0x83, 0x17, 0x00, 0x82, 0x28, 0x00,
    0x00, 0x20, 0x24, 0x00, 0x00, 0x43, 0x01, 0x00, 0x00, 0x90, 0x7F, 0x00,
    0x00, 0xFE, 0x02, 0x00, 0x00, 0xB0, 0x4F, 0x00, 0x20, 0xDF, 0x00, 0x00,
    0x00, 0xE1, 0x1F, 0x00, 0x40, 0xBF, 0x00, 0x00, 0x00, 0xF3, 0x0D, 0x00,
    0x70, 0x8F, 0x00, 0x00, 0x00, 0xF5, 0x09, 0x00, 0xA0, 0x4F, 0x00, 0x30,
    0x44, 0xF9, 0x49, 0x44, 0xD4, 0x6F, 0x24, 0xC0, 0xFF, 0xFF, 0xFF, 0xFF,
    0xFF, 0xFF, 0xAF, 0x80, 0xBB, 0xFE, 0xBC, 0xBB, 0xFC, 0xBE, 0x7B, 0x00,
    0x10, 0xEE, 0x00, 0x00, 0xF5, 0x09, 0x00, 0x00, 0x40, 0xCF, 0x00, 0x00,
    0xF8, 0x07, 0x00, 0x00, 0x60, 0x9F, 0x00, 0x00, 0xFB, 0x04, 0x00, 0x00,
    0x90, 0x6F, 0x00, 0x00, 0xFE, 0x02, 0x00, 0x11, 0xC1, 0x4F, 0x11, 0x31,
    0xDF, 0x11, 0x01, 0xEA, 0xFE, 0xEF, 0xEE, 0xEE, 0xFF, 0xEE, 0x09, 0xEA,
    0xFE, 0xEF, 0xEE, 0xFE, 0xFF, 0xEE, 0x09, 0x11, 0xF5, 0x1B, 0x11, 0xA1,
    0x6F, 0x11, 0x01, 0x00, 0xF7, 0x08, 0x00, 0xC0, 0x3F, 0x00, 0x00, 0x00,
    0xFA, 0x05, 0x00, 0xE1, 0x1E, 0x00, 0x00, 0x00, 0xFD, 0x03, 0x00, 0xF3,
    0x0C, 0x00, 0x00, 0x20, 0xEF, 0x01, 0x00, 0xF6, 0x09, 0x00, 0x00, 0x30,
    0xBE, 0x00, 0x00, 0xE8, 0x06, 0x00, 0x00, 0x00, 0x11, 0x00, 0x00, 0x11,
    0x00, 0x00, 0x00, 0x00, 0x00, 0x00, 0x43, 0x00, 0x00, 0x00, 0x00, 0x00,
    0x00, 0xFC, 0x01, 0x00, 0x00, 0x00, 0x00, 0x00, 0xEC, 0x01, 0x00, 0x00,
    0x00, 0x00, 0x00, 0xEC, 0x00, 0x00, 0x00, 0x00, 0x00, 0x41, 0xFD, 0x25,
    0x00, 0x00, 0x00, 0x80, 0xFE, 0xFF, 0xEF, 0x2A, 0x00, 0x00, 0xFB, 0xEF,
    0xFF, 0xFE, 0xDF, 0x02, 0x70, 0xFF, 0x2A, 0xEC, 0x82, 0xFF, 0x0A, 0xD0,
    0xCF, 0x00, 0xEC, 0x00, 0xFA, 0x2F, 0xE1, 0x8F, 0x00, 0xEC, 0x01, 0xF5,
    0x4F, 0xE2, 0x8F, 0x00, 0xEC, 0x01, 0x21, 0x12, 0xD1, 0xCF, 0x00, 0xEC,
    0x01, 0x00, 0x00, 0xA0, 0xFF, 0x08, 0xEC, 0x01, 0x00, 0x00, 0x20, 0xFF,
    0xBF, 0xED, 0x00, 0x00, 0x00, 0x00, 0xE5, 0xFF, 0xFF, 0x6B, 0x01, 0x00,
    0x00, 0x30, 0xEA, 0xFF, 0xFF, 0x4D, 0x00, 0x00, 0x00, 0x20, 0xFC, 0xFE,
    0xFF, 0x04, 0x00, 0x00, 0x00, 0xEC, 0x81, 0xFF, 0x0D, 0x00, 0x00, 0x00,
    0xEC, 0x00, 0xF9, 0x4F, 0x00, 0x00, 0x00, 0xEC, 0x01, 0xF3, 0x7F, 0x96,
    0x08, 0x00, 0xEC, 0x01, 0xE2, 0x8F, 0xF9, 0x2F, 0x00, 0xEC, 0x01, 0xF3,
    0x7F, 0xF4, 0xAF, 0x00, 0xEC, 0x00, 0xFA, 0x3F, 0xB0, 0xFF, 0x5B, 0xEC,
    0xA5, 0xFF, 0x0B, 0x20, 0xFC, 0xFF, 0xFF, 0xFF, 0xCF, 0x01, 0x00, 0x81,
    0xFC, 0xFF, 0xDF, 0x17, 0x00, 0x00, 0x00, 0x20, 0xFC, 0x03, 0x00, 0x00,
    0x00, 0x00, 0x00, 0xEC, 0x00, 0x00, 0x00, 0x00, 0x00, 0x00, 0xFC, 0x01,
    0x00, 0x00, 0x00, 0x00, 0x00, 0xDB, 0x01, 0x00, 0x00, 0x00, 0x00, 0x00,
    0x11, 0x00, 0x00, 0x00, 0x00, 0x20, 0x34, 0x00, 0x00, 0x00, 0x00, 0x40,
    0x14, 0x20, 0xFB, 0xFF, 0x5D, 0x00, 0x00, 0x00, 0xF6, 0x0B, 0xB0, 0xFF,
    0xDB, 0xFF, 0x03, 0x00, 0x20, 0xEE, 0x02, 0xF3, 0x4E, 0x10, 0xFB, 0x09,
    0x00, 0xB0, 0x5F, 0x00, 0xF5, 0x0C, 0x00, 0xF6, 0x0B, 0x00, 0xF7, 0x0A,
    0x00, 0xF5, 0x0C, 0x00, 0xF6, 0x0B, 0x20, 0xEE, 0x01, 0x00, 0xF5, 0x0C,
    0x00, 0xF6, 0x0B, 0xC0, 0x5F, 0x00, 0x00, 0xF4, 0x2E, 0x00, 0xF9, 0x0A,
    0xF7, 0x0A, 0x00, 0x00, 0xD1, 0xCF, 0xA8, 0xFF, 0x24, 0xDF, 0x01, 0x00,
    0x00, 0x40, 0xFD, 0xFF, 0x8F, 0xC0, 0x4F, 0x00, 0x00, 0x00, 0x00, 0x51,
    0x67, 0x03, 0xF8, 0x09, 0x00, 0x00, 0x00, 0x00, 0x00, 0x00, 0x30, 0xDF,
    0x01, 0x00, 0x00, 0x00, 0x00, 0x00, 0x00, 0xC1, 0x4F, 0x40, 0x77, 0x15,
    0x00, 0x00, 0x00, 0x00, 0xF8, 0x08, 0xFA, 0xFF, 0xDF, 0x02, 0x00, 0x00,
    0x40, 0xDF, 0x60, 0xFF, 0x89, 0xFD, 0x0C, 0x00, 0x00, 0xD1, 0x4F, 0xC0,
    0x8F, 0x00, 0xE3, 0x2F, 0x00, 0x00, 0xF9, 0x08, 0xC0, 0x4F, 0x00, 0xD0,
    0x3F, 0x00, 0x40, 0xCF, 0x00, 0xC0, 0x5F, 0x00, 0xD1, 0x3F, 0x00, 0xD1,
    0x3F, 0x00, 0xC0, 0x4F, 0x00, 0xD0, 0x3F, 0x00, 0xF9, 0x07, 0x00, 0xA0,
    0x9F, 0x00, 0xF5, 0x2F, 0x50, 0xCF, 0x00, 0x00, 0x40, 0xFF, 0xBC, 0xFF,
    0x0A, 0xD1, 0x3D, 0x00, 0x00, 0x00, 0xD6, 0xFF, 0x9E, 0x01, 0x10, 0x01,
    0x00, 0x00, 0x00, 0x10, 0x43, 0x02, 0x00, 0x00, 0x00, 0x00, 0x63, 0x67,
    0x02, 0x00, 0x00, 0x00, 0x00, 0x00, 0xA1, 0xFF, 0xFF, 0x9F, 0x00, 0x00,
    0x00, 0x00, 0x00, 0xFB, 0xEF, 0xEC, 0xFF, 0x09, 0x00, 0x00, 0x00, 0x50,
    0xFF, 0x1A, 0x20, 0xFB, 0x4F, 0x00, 0x00, 0x00, 0x80, 0xEF, 0x02, 0x00,
    0xE2, 0x9F, 0x00, 0x00, 0x00, 0x90, 0xEF, 0x01, 0x00, 0xC0, 0xBF, 0x00,
    0x00, 0x00, 0x50, 0xFF, 0x04, 0x00, 0x20, 0x23, 0x00, 0x00, 0x00, 0x10,
    0xFD, 0x0C, 0x00, 0x00, 0x00, 0x00, 0x00, 0x00, 0x00, 0xF5, 0x9F, 0x00,
    0x00, 0x00, 0x00, 0x00, 0x00, 0x00, 0x90, 0xFF, 0x06, 0x00, 0x00, 0x00,
    0x00, 0x00, 0x70, 0xEC, 0xFF, 0x3F, 0x00, 0x00, 0x00, 0x00, 0x10, 0xFB,
    0xFF, 0xFE, 0xDF, 0x01, 0x00, 0x71, 0x68, 0x70, 0xFF, 0x3A, 0x51, 0xFF,
    0x0A, 0x00, 0xFA, 0x5F, 0xC0, 0xDF, 0x00, 0x00, 0xF7, 0x7F, 0x70, 0xFF,
    0x06, 0xE1, 0x9F, 0x00, 0x00, 0xA0, 0xFF, 0xF8, 0x9F, 0x00, 0xE1, 0x8F,
    0x00, 0x00, 0x10, 0xFC, 0xFF, 0x0B, 0x00, 0xE1, 0x8F, 0x00, 0x00, 0x00,
    0xF3, 0xEE, 0x01, 0x00, 0xE1, 0x9F, 0x00, 0x00, 0x00, 0xFA, 0xFF, 0x09,
    0x00, 0xC0, 0xDF, 0x01, 0x00, 0x80, 0xEF, 0xFA, 0x6F, 0x00, 0x60, 0xFF,
    0x4C, 0x32, 0xF9, 0x7F, 0xA0, 0xEF, 0x03, 0x00, 0xFB, 0xFF, 0xFE, 0xFF,
    0x08, 0x10, 0xFD, 0x1D, 0x00, 0x80, 0xFD, 0xFF, 0x5C, 0x00, 0x00, 0xD3,
    0x9E, 0x00, 0x00, 0x31, 0x34, 0x00, 0x00, 0x00, 0x10, 0x11, 0x42, 0x24,
    0xF8, 0x7F, 0xF7, 0x6F, 0xF7, 0x6F, 0xF6, 0x5F, 0xF6, 0x5F, 0xF6, 0x5F,
    0xF5, 0x4F, 0xF5, 0x4F, 0x82, 0x28, 0x00, 0x00, 0x00, 0x00, 0x23, 0x00,
    0x00, 0x00, 0xC6, 0x5F, 0x00, 0x00, 0xC3, 0xFF, 0x5F, 0x00, 0x40, 0xFE,
    0xCF, 0x16, 0x00, 0xE2, 0xFF, 0x08, 0x00, 0x00, 0xFB, 0x7F, 0x00, 0x00,
    0x40, 0xFF, 0x0A, 0x00, 0x00, 0xA0, 0xFF, 0x02, 0x00, 0x00, 0xE1, 0xBF,
    0x00, 0x00, 0x00, 0xF3, 0x7F, 0x00, 0x00, 0x00, 0xF5, 0x5F, 0x00, 0x00,
    0x00, 0xF6, 0x4F, 0x00, 0x00, 0x00, 0xF6, 0x4F, 0x00, 0x00, 0x00, 0xF6,
    0x4F, 0x00, 0x00, 0x00, 0xF6, 0x4F, 0x00, 0x00, 0x00, 0xF6, 0x4F, 0x00,
    0x00, 0x00, 0xF6, 0x4F, 0x00, 0x00, 0x00, 0xF6, 0x4F, 0x00, 0x00, 0x00,
    0xF5, 0x5F, 0x00, 0x00, 0x00, 0xF3, 0x7F, 0x00, 0x00, 0x00, 0xE1, 0xAF,
    0x00, 0x00, 0x00, 0xB0, 0xEF, 0x02, 0x00, 0x00, 0x50, 0xFF, 0x09, 0x00,
    0x00, 0x00, 0xFC, 0x5F, 0x00, 0x00, 0x00, 0xF3, 0xFF, 0x06, 0x00, 0x00,
    0x50, 0xFF, 0xBF, 0x15, 0x00, 0x00, 0xD4, 0xFF, 0x5F, 0x00, 0x00, 0x10,
    0xD8, 0x5F, 0x00, 0x00, 0x00, 0x10, 0x24, 0x32, 0x00, 0x00, 0x00, 0x00,
    0xF7, 0x5B, 0x00, 0x00, 0x00, 0xF6, 0xFF, 0x2B, 0x00, 0x00, 0x72, 0xFC,
    0xDF, 0x03, 0x00, 0x00, 0x81, 0xFF, 0x1D, 0x00, 0x00, 0x00, 0xF8, 0xAF,
    0x00, 0x00, 0x00, 0xB0, 0xFF, 0x03, 0x00, 0x00, 0x40, 0xFF, 0x09, 0x00,
    0x00, 0x00, 0xFC, 0x0D, 0x00, 0x00, 0x00, 0xF9, 0x2E, 0x00, 0x00, 0x00,
    0xF6, 0x3F, 0x00, 0x00, 0x00, 0xF5, 0x4F, 0x00, 0x00, 0x00, 0xF5, 0x4F,
    0x00, 0x00, 0x00, 0xF5, 0x4F, 0x00, 0x00, 0x00, 0xF5, 0x4F, 0x00, 0x00,
    0x00, 0xF5, 0x4F, 0x00, 0x00, 0x00, 0xF5, 0x4F, 0x00, 0x00, 0x00, 0xF5,
    0x4F, 0x00, 0x00, 0x00, 0xF6, 0x4F, 0x00, 0x00, 0x00, 0xF8, 0x2F, 0x00,
    0x00, 0x00, 0xFC, 0x0D, 0x00, 0x00, 0x30, 0xFF, 0x09, 0x00, 0x00, 0xA0,
    0xFF, 0x04, 0x00, 0x00, 0xF6, 0xBF, 0x00, 0x00, 0x70, 0xFF, 0x2E, 0x00,
    0x51, 0xFB, 0xEF, 0x04, 0x00, 0xF6, 0xFF, 0x3C, 0x00, 0x00, 0xF7, 0x7C,
    0x01, 0x00, 0x00, 0x43, 0x00, 0x00, 0x00, 0x00, 0x00, 0x00, 0x00, 0x10,
    0x01, 0x00, 0x00, 0x00, 0x00, 0x00, 0x00, 0xE4, 0x3E, 0x00, 0x00, 0x00,
    0x00, 0x00, 0x00, 0xF4, 0x3F, 0x00, 0x00, 0x00, 0x00, 0x00, 0x00, 0xF4,
    0x3F, 0x00, 0x00, 0x00, 0x00, 0x00, 0x00, 0xF4, 0x3F, 0x00, 0x00, 0x00,
    0xB2, 0x27, 0x00, 0xF4, 0x2F, 0x00, 0x72, 0x1B, 0xF7, 0xEF, 0x4A, 0xF2,
    0x1E, 0xB5, 0xFE, 0x5F, 0xB5, 0xFF, 0xFF, 0xFC, 0xCE, 0xFF, 0xEF, 0x4B,
    0x00, 0x83, 0xEC, 0xFF, 0xFF, 0xCE, 0x27, 0x00, 0x00, 0x00, 0x20, 0xFC,
    0xBF, 0x01, 0x00, 0x00, 0x00, 0x00, 0x80, 0xDF, 0xFD, 0x07, 0x00, 0x00,
    0x00, 0x00, 0xF7, 0x4F, 0xF6, 0x5F, 0x00, 0x00, 0x00, 0x30, 0xFF, 0x0B,
    0xC0, 0xEF, 0x02, 0x00, 0x00, 0xC1, 0xEF, 0x02, 0x40, 0xFF, 0x1B, 0x00,
    0x00, 0xF5, 0x6F, 0x00, 0x00, 0xF8, 0x4F, 0x00, 0x00, 0x60, 0x0A, 0x00,
    0x00, 0xB0, 0x05, 0x00, 0x00, 0x00, 0x20, 0x88, 0x02, 0x00, 0x00, 0x00,
    0x00, 0x50, 0xFF, 0x04, 0x00, 0x00, 0x00, 0x00, 0x50, 0xFF, 0x04, 0x00,
    0x00, 0x00, 0x00, 0x50, 0xFF, 0x04, 0x00, 0x00, 0x00, 0x00, 0x50, 0xFF,
    0x04, 0x00, 0x00, 0x00, 0x00, 0x40, 0xFF, 0x03, 0x00, 0x00, 0xB9, 0xBB,
    0xCB, 0xFF, 0xBC, 0xBB, 0x8B, 0xFE, 0xFF, 0xFF, 0xFF, 0xFF, 0xFF, 0xDF,
    0x87, 0x88, 0xB8, 0xFF, 0x8A, 0x88, 0x68, 0x00, 0x00, 0x40, 0xFF, 0x03,
    0x00, 0x00, 0x00, 0x00, 0x50, 0xFF, 0x04, 0x00, 0x00, 0x00, 0x00, 0x50,
    0xFF, 0x04, 0x00, 0x00, 0x00, 0x00, 0x50, 0xFF, 0x04, 0x00, 0x00, 0x00,
    0x00, 0x50, 0xFF, 0x04, 0x00, 0x00, 0x00, 0x00, 0x10, 0x44, 0x01, 0x00,
    0x00, 0x00, 0x11, 0x01, 0x30, 0xEE, 0x1D, 0x50, 0xFF, 0x0B, 0x80, 0xFF,
    0x07, 0xA0, 0xFF, 0x04, 0xD0, 0xEF, 0x01, 0xE2, 0xCF, 0x00, 0xF4, 0x8F,
    0x00, 0xF7, 0x5F, 0x00, 0xB7, 0x2B, 0x00, 0xC8, 0xCC, 0xCC, 0xCC, 0x7C,
    0xFC, 0xFF, 0xFF, 0xFF, 0xAF, 0x75, 0x77, 0x77, 0x77, 0x47, 0x20, 0x67,
    0x01, 0xD2, 0xFF, 0x1C, 0xF6, 0xFF, 0x4F, 0xF5, 0xFF, 0x4F, 0xB1, 0xFF,
    0x0A, 0x00, 0x33, 0x00, 0x00, 0x00, 0x00, 0x00, 0x00, 0x10, 0x11, 0x00,
    0x00, 0x00, 0x00, 0x00, 0xE7, 0x4E, 0x00, 0x00, 0x00, 0x00, 0x00, 0xFC,
    0x1D, 0x00, 0x00, 0x00, 0x00, 0x40, 0xFF, 0x08, 0x00, 0x00, 0x00, 0x00,
    0x90, 0xFF, 0x03, 0x00, 0x00, 0x00, 0x00, 0xE1, 0xBF, 0x00, 0x00, 0x00,
    0x00, 0x00, 0xF5, 0x6F, 0x00, 0x00, 0x00, 0x00, 0x00, 0xFB, 0x1E, 0x00,
    0x00, 0x00, 0x00, 0x20, 0xFF, 0x0A, 0x00, 0x00, 0x00, 0x00, 0x70, 0xFF,
    0x04, 0x00, 0x00, 0x00, 0x00, 0xD0, 0xDF, 0x00, 0x00, 0x00, 0x00, 0x00,
    0xF4, 0x8F, 0x00, 0x00, 0x00, 0x00, 0x00, 0xF9, 0x2F, 0x00, 0x00, 0x00,
    0x00, 0x10, 0xFE, 0x0B, 0x00, 0x00, 0x00, 0x00, 0x60, 0xFF, 0x06, 0x00,
    0x00, 0x00, 0x00, 0xB0, 0xEF, 0x01, 0x00, 0x00, 0x00, 0x00, 0xF2, 0x9F,
    0x00, 0x00, 0x00, 0x00, 0x00, 0xF8, 0x4F, 0x00, 0x00, 0x00, 0x00, 0x00,
    0xFD, 0x0C, 0x00, 0x00, 0x00, 0x00, 0x40, 0xFF, 0x07, 0x00, 0x00, 0x00,
    0x00, 0xA0, 0xEF, 0x02, 0x00, 0x00, 0x00, 0x00, 0xE1, 0xBF, 0x00, 0x00,
    0x00, 0x00, 0x00, 0xF6, 0x5F, 0x00, 0x00, 0x00, 0x00, 0x00, 0xFB, 0x1E,
    0x00, 0x00, 0x00, 0x00, 0x30, 0xFF, 0x09, 0x00, 0x00, 0x00, 0x00, 0x80,
    0xFF, 0x03, 0x00, 0x00, 0x00, 0x00, 0xD0, 0xCF, 0x00, 0x00, 0x00, 0x00,
    0x00, 0xF5, 0x7F, 0x00, 0x00, 0x00, 0x00, 0x00, 0x42, 0x14, 0x00, 0x00,
    0x00, 0x00, 0x00, 0x00, 0x00, 0x62, 0x77, 0x25, 0x00, 0x00, 0x00, 0xA2,
    0xFF, 0xFF, 0xEF, 0x19, 0x00, 0x10, 0xFD, 0xEF, 0xCC, 0xFF, 0xCF, 0x01,
    0xA0, 0xFF, 0x29, 0x00, 0xA2, 0xFF, 0x08, 0xF2, 0xBF, 0x00, 0x00, 0x00,
    0xFC, 0x1E, 0xF5, 0x4F, 0x00, 0x00, 0x00, 0xF5, 0x4F, 0xF6, 0x2F, 0x00,
    0x00, 0x00, 0xF3, 0x5F, 0xF6, 0x2E, 0x00, 0x00, 0x00, 0xF3, 0x5F, 0xF6,
    0x2E, 0x00, 0x00, 0x00, 0xF3, 0x5F, 0xF6, 0x2E, 0x00, 0x33, 0x00, 0xF3,
    0x5F, 0xF6, 0x2E, 0x80, 0xFF, 0x06, 0xF3, 0x5F, 0xF6, 0x2E, 0xC0, 0xFF,
    0x0B, 0xF3, 0x5F, 0xF6, 0x2E, 0x50, 0xDD, 0x04, 0xF3, 0x5F, 0xF6, 0x2E,
    0x00, 0x01, 0x00, 0xF3, 0x5F, 0xF6, 0x2E, 0x00, 0x00, 0x00, 0xF3, 0x5F,
    0xF6, 0x2E, 0x00, 0x00, 0x00, 0xF3, 0x5F, 0xF6, 0x2F, 0x00, 0x00, 0x00,
    0xF3, 0x5F, 0xF5, 0x5F, 0x00, 0x00, 0x00, 0xF7, 0x3F, 0xE1, 0xCF, 0x01,
    0x00, 0x20, 0xFD, 0x0D, 0x80, 0xFF, 0x5C, 0x22, 0xD5, 0xFF, 0x06, 0x00,
    0xFA, 0xFF, 0xFF, 0xFF, 0x9F, 0x00, 0x00, 0x70, 0xFC, 0xFF, 0xCE, 0x06,
    0x00, 0x00, 0x00, 0x20, 0x44, 0x02, 0x00, 0x00, 0x00, 0x00, 0x20, 0x44,
    0x14, 0x00, 0x00, 0x00, 0x00, 0xE6, 0xFF, 0x4F, 0x00, 0x00, 0x00, 0x90,
    0xFF, 0xFF, 0x3F, 0x00, 0x00, 0x20, 0xFC, 0xCF, 0xF9, 0x3F, 0x00, 0x00,
    0xE2, 0xFF, 0x1A, 0xF5, 0x3F, 0x00, 0x00, 0xF3, 0x7F, 0x00, 0xF6, 0x3F,
    0x00, 0x00, 0xD3, 0x04, 0x00, 0xF6, 0x3F, 0x00, 0x00, 0x11, 0x00, 0x00,
    0xF6, 0x3F, 0x00, 0x00, 0x00, 0x00, 0x00, 0xF6, 0x3F, 0x00, 0x00, 0x00,
    0x00, 0x00, 0xF6, 0x3F, 0x00, 0x00, 0x00, 0x00, 0x00, 0xF6, 0x3F, 0x00,
    0x00, 0x00, 0x00, 0x00, 0xF6, 0x3F, 0x00, 0x00, 0x00, 0x00, 0x00, 0xF6,
    0x3F, 0x00, 0x00, 0x00, 0x00, 0x00, 0xF6, 0x3F, 0x00, 0x00, 0x00, 0x00,
    0x00, 0xF6, 0x3F, 0x00, 0x00, 0x00, 0x00, 0x00, 0xF6, 0x3F, 0x00, 0x00,
    0x00, 0x00, 0x00, 0xF6, 0x3F, 0x00, 0x00, 0x00, 0x00, 0x00, 0xF6, 0x4F,
    0x00, 0x00, 0x00, 0x00, 0x00, 0xF5, 0x3F, 0x00, 0x00, 0x51, 0x55, 0x55,
    0xF9, 0x7F, 0x55, 0x45, 0xF3, 0xFF, 0xFF, 0xFF, 0xFF, 0xFF, 0xEF, 0xE2,
    0xEE, 0xEE, 0xEE, 0xEE, 0xEE, 0xCE, 0x10, 0x11, 0x11, 0x11, 0x11, 0x11,
    0x11, 0x00, 0x00, 0x62, 0x77, 0x25, 0x00, 0x00, 0x00, 0xA2, 0xFF, 0xFF,
    0xEF, 0x19, 0x00, 0x20, 0xFD, 0xEF, 0xCC, 0xFF, 0xCF, 0x01, 0xB0, 0xFF,
    0x28, 0x00, 0xB3, 0xFF, 0x08, 0xF3, 0xAF, 0x00, 0x00, 0x10, 0xFD, 0x1E,
    0xF7, 0x3F, 0x00, 0x00, 0x00, 0xF8, 0x3F, 0xB6, 0x1B, 0x00, 0x00, 0x00,
    0xF6, 0x4F, 0x00, 0x00, 0x00, 0x00, 0x00, 0xF7, 0x3F, 0x00, 0x00, 0x00,
    0x00, 0x00, 0xFB, 0x1E, 0x00, 0x00, 0x00, 0x00, 0x40, 0xFF, 0x09, 0x00,
    0x00, 0x00, 0x00, 0xD1, 0xFF, 0x02, 0x00, 0x00, 0x00, 0x00, 0xFA, 0x7F,
    0x00, 0x00, 0x00, 0x00, 0x90, 0xFF, 0x0A, 0x00, 0x00, 0x00, 0x00, 0xF8,
    0xBF, 0x00, 0x00, 0x00, 0x00, 0x70, 0xFF, 0x1C, 0x00, 0x00, 0x00, 0x00,
    0xF6, 0xCF, 0x01, 0x00, 0x00, 0x00, 0x50, 0xFF, 0x1C, 0x00, 0x00, 0x00,
    0x00, 0xF4, 0xDF, 0x02, 0x00, 0x00, 0x00, 0x40, 0xFE, 0x1C, 0x00, 0x00,
    0x00, 0x00, 0xE2, 0xFF, 0x47, 0x55, 0x55, 0x55, 0x35, 0xF4, 0xFF, 0xFF,
    0xFF, 0xFF, 0xFF, 0x9F, 0xE4, 0xEE, 0xEE, 0xEE, 0xEE, 0xEE, 0x7E, 0x10,
    0x11, 0x11, 0x11, 0x11, 0x11, 0x11, 0x41, 0x44, 0x44, 0x44, 0x44, 0x44,
    0x02, 0xF3, 0xFF, 0xFF, 0xFF, 0xFF, 0xFF, 0x08, 0xE2, 0xEE, 0xEE, 0xEE,
    0xEE, 0xFF, 0x08, 0x20, 0x22, 0x22, 0x22, 0xD2, 0xFF, 0x04, 0x00, 0x00,
    0x00, 0x00, 0xFA, 0x5F, 0x00, 0x00, 0x00, 0x00, 0xA0, 0xFF, 0x05, 0x00,
    0x00, 0x00, 0x00, 0xF9, 0x6F, 0x00, 0x00, 0x00, 0x00, 0x80, 0xEF, 0x06,
    0x00, 0x00, 0x00, 0x00, 0xF7, 0xCF, 0x13, 0x00, 0x00, 0x00, 0x00, 0xFA,
    0xFF, 0xDF, 0x06, 0x00, 0x00, 0x00, 0xD8, 0xED, 0xFF, 0x8F, 0x00, 0x00,
    0x00, 0x00, 0x10, 0xD5, 0xFF, 0x04, 0x00, 0x00, 0x00, 0x00, 0x30, 0xFE,
    0x0B, 0x00, 0x00, 0x00, 0x00, 0x00, 0xFB, 0x1D, 0x00, 0x00, 0x00, 0x00,
    0x00, 0xF9, 0x1E, 0x00, 0x00, 0x00, 0x00, 0x00, 0xF8, 0x1E, 0xD9, 0x0B,
    0x00, 0x00, 0x00, 0xF9, 0x1E, 0xF9, 0x2F, 0x00, 0x00, 0x00, 0xFB, 0x0D,
    0xF5, 0x9F, 0x00, 0x00, 0x40, 0xFF, 0x0A, 0xD1, 0xFF, 0x49, 0x32, 0xE7,
    0xFF, 0x03, 0x30, 0xFD, 0xFF, 0xFE, 0xFF, 0x6F, 0x00, 0x00, 0x92, 0xFD,
    0xFF, 0xBE, 0x04, 0x00, 0x00, 0x00, 0x31, 0x34, 0x02, 0x00, 0x00, 0x00,
    0x00, 0x00, 0x00, 0x44, 0x03, 0x00, 0x00, 0x00, 0x00, 0xF7, 0x8F, 0x00,
    0x00, 0x00, 0x00, 0xE2, 0xCF, 0x00, 0x00, 0x00, 0x00, 0xA0, 0xFF, 0x04,
    0x00, 0x00, 0x00, 0x50, 0xFF, 0x0A, 0x00, 0x00, 0x00, 0x10, 0xFD, 0x1E,
    0x00, 0x00, 0x00, 0x00, 0xF8, 0x6F, 0x00, 0x00, 0x00, 0x00, 0xF3, 0xCF,
    0x00, 0x00, 0x00, 0x00, 0xC0, 0xFF, 0x03, 0x00, 0x00, 0x00, 0x60, 0xFF,
    0x09, 0x00, 0x41, 0x24, 0x10, 0xFE, 0x1D, 0x00, 0x30, 0xFF, 0x07, 0xF9,
    0x5F, 0x00, 0x00, 0xF3, 0x7F, 0xF4, 0xBF, 0x00, 0x00, 0x30, 0xFF, 0xB7,
    0xEF, 0x02, 0x00, 0x00, 0xF2, 0x7F, 0xFB, 0x1D, 0x11, 0x11, 0x31, 0xFF,
    0xB7, 0xFF, 0xEE, 0xEE, 0xEE, 0xFE, 0x7F, 0xFB, 0xFF, 0xFF, 0xFF, 0xFF,
    0xFF, 0x37, 0x55, 0x55, 0x55, 0x55, 0xF7, 0x7F, 0x00, 0x00, 0x00, 0x00,
    0x20, 0xFF, 0x07, 0x00, 0x00, 0x00, 0x00, 0xF3, 0x7F, 0x00, 0x00, 0x00,
    0x00, 0x30, 0xFF, 0x07, 0x00, 0x00, 0x00, 0x00, 0xE3, 0x6E, 0x00, 0x00,
    0x00, 0x00, 0x00, 0x11, 0x00, 0x30, 0x44, 0x44, 0x44, 0x44, 0x44, 0x02,
    0xD0, 0xFF, 0xFF, 0xFF, 0xFF, 0xFF, 0x07, 0xC0, 0xFF, 0xEE, 0xEE, 0xEE,
    0xEE, 0x06, 0xC0, 0x9F, 0x22, 0x22, 0x22, 0x22, 0x01, 0xC0, 0x9F, 0x00,
    0x00, 0x00, 0x00, 0x00, 0xC0, 0x9F, 0x00, 0x00, 0x00, 0x00, 0x00, 0xC0,
    0x9F, 0x00, 0x00, 0x00, 0x00, 0x00, 0xC0, 0x9F, 0x00, 0x00, 0x00, 0x00,
    0x00, 0xC0, 0xBF, 0x44, 0x44, 0x02, 0x00, 0x00, 0xC0, 0xFF, 0xFF, 0xFF,
    0xDF, 0x07, 0x00, 0xC0, 0xEF, 0xEE, 0xFE, 0xFF, 0xAF, 0x00, 0x10, 0x22,
    0x22, 0x22, 0xD6, 0xFF, 0x06, 0x00, 0x00, 0x00, 0x00, 0x30, 0xFE, 0x0C,
    0x00, 0x00, 0x00, 0x00, 0x00, 0xF9, 0x2E, 0x00, 0x00, 0x00, 0x00, 0x00,
    0xF7, 0x3F, 0x00, 0x00, 0x00, 0x00, 0x00, 0xF6, 0x3F, 0xC7, 0x1C, 0x00,
    0x00, 0x00, 0xF7, 0x3F, 0xF7, 0x3F, 0x00, 0x00, 0x00, 0xF9, 0x2E, 0xF3,
    0xBF, 0x00, 0x00, 0x30, 0xFE, 0x0C, 0xB0, 0xFF, 0x4B, 0x22, 0xD6, 0xFF,
    0x05, 0x10, 0xFC, 0xFF, 0xFE, 0xFF, 0x8F, 0x00, 0x00, 0x81, 0xFD, 0xFF,
    0xCE, 0x05, 0x00, 0x00, 0x00, 0x31, 0x34, 0x02, 0x00, 0x00, 0x00, 0x00,
    0x00, 0x40, 0x34, 0x00, 0x00, 0x00, 0x00, 0x00, 0xF7, 0x7F, 0x00, 0x00,
    0x00, 0x00, 0x10, 0xFE, 0x0C, 0x00, 0x00, 0x00, 0x00, 0x90, 0xFF, 0x04,
    0x00, 0x00, 0x00, 0x00, 0xF2, 0xBF, 0x00, 0x00, 0x00, 0x00, 0x00, 0xFA,
    0x3F, 0x00, 0x00, 0x00, 0x00, 0x40, 0xFF, 0x09, 0x00, 0x00, 0x00, 0x00,
    0xC0, 0xEF, 0x01, 0x00, 0x00, 0x00, 0x00, 0xF5, 0x6F, 0x10, 0x00, 0x00,
    0x00, 0x10, 0xFD, 0x9D, 0xED, 0xAD, 0x05, 0x00, 0x70, 0xFF, 0xFF, 0xFF,
    0xFF, 0xAF, 0x00, 0xD1, 0xFF, 0x4B, 0x11, 0xB4, 0xFF, 0x09, 0xF5, 0xAF,
    0x00, 0x00, 0x00, 0xFB, 0x3F, 0xF9, 0x2E, 0x00, 0x00, 0x00, 0xF3, 0x8F,
    0xFC, 0x0C, 0x00, 0x00, 0x00, 0xD0, 0xBF, 0xFD, 0x0B, 0x00, 0x00, 0x00,
    0xC0, 0xBF, 0xFC, 0x0C, 0x00, 0x00, 0x00, 0xD0, 0xBF, 0xF9, 0x2E, 0x00,
    0x00, 0x00, 0xF3, 0x8F, 0xF4, 0xBF, 0x00, 0x00, 0x10, 0xFC, 0x3F, 0xA0,
    0xFF, 0x5B, 0x22, 0xC5, 0xFF, 0x09, 0x10, 0xFB, 0xFF, 0xFF, 0xFF, 0xAF,
    0x00, 0x00, 0x70, 0xFC, 0xFF, 0xCE, 0x06, 0x00, 0x00, 0x00, 0x20, 0x44,
    0x02, 0x00, 0x00, 0x41, 0x44, 0x44, 0x44, 0x44, 0x44, 0x44, 0x61, 0xFF,
    0xFF, 0xFF, 0xFF, 0xFF, 0xFF, 0x2F, 0xF6, 0xEF, 0xEE, 0xEE, 0xEE, 0xEE,
    0xFF, 0x62, 0xFF, 0x25, 0x22, 0x22, 0x22, 0xFD, 0x1D, 0xF5, 0x3F, 0x00,
    0x00, 0x00, 0xF4, 0x8F, 0x60, 0xFF, 0x04, 0x00, 0x00, 0xA0, 0xFF, 0x03,
    0x83, 0x28, 0x00, 0x00, 0x20, 0xFE, 0x0B, 0x00, 0x00, 0x00, 0x00, 0x00,
    0xF7, 0x5F, 0x00, 0x00, 0x00, 0x00, 0x00, 0xC0, 0xDF, 0x01, 0x00, 0x00,
    0x00, 0x00, 0x40, 0xFF, 0x08, 0x00, 0x00, 0x00, 0x00, 0x00, 0xFA, 0x3F,
    0x00, 0x00, 0x00, 0x00, 0x00, 0xE2, 0xBF, 0x00, 0x00, 0x00, 0x00, 0x00,
    0x70, 0xFF, 0x06, 0x00, 0x00, 0x00, 0x00, 0x00, 0xFC, 0x1E, 0x00, 0x00,
    0x00, 0x00, 0x00, 0xF4, 0x9F, 0x00, 0x00, 0x00, 0x00, 0x00, 0xA0, 0xFF,
    0x03, 0x00, 0x00, 0x00, 0x00, 0x10, 0xFE, 0x0C, 0x00, 0x00, 0x00, 0x00,
    0x00, 0xF7, 0x6F, 0x00, 0x00, 0x00, 0x00, 0x00, 0xC0, 0xEF, 0x01, 0x00,
    0x00, 0x00, 0x00, 0x40, 0xFF, 0x09, 0x00, 0x00, 0x00, 0x00, 0x00, 0xFA,
    0x3F, 0x00, 0x00, 0x00, 0x00, 0x00, 0xD1, 0xBE, 0x00, 0x00, 0x00, 0x00,
    0x00, 0x00, 0x11, 0x00, 0x00, 0x00, 0x00, 0x00, 0x00, 0x00, 0x52, 0x77,
    0x25, 0x00, 0x00, 0x00, 0xA1, 0xFE, 0xFF, 0xEF, 0x19, 0x00, 0x10, 0xFD,
    0xEF, 0xCC, 0xFF, 0xCF, 0x01, 0x90, 0xFF, 0x2A, 0x00, 0xB3, 0xFF, 0x08,
    0xE1, 0xCF, 0x00, 0x00, 0x10, 0xFD, 0x1D, 0xF4, 0x7F, 0x00, 0x00, 0x00,
    0xF8, 0x2F, 0xF4, 0x6F, 0x00, 0x00, 0x00, 0xF7, 0x2F, 0xE2, 0x8F, 0x00,
    0x00, 0x00, 0xFA, 0x1D, 0x90, 0xEF, 0x03, 0x00, 0x40, 0xFE, 0x08, 0x10,
    0xFC, 0x8E, 0x44, 0xF8, 0xBF, 0x01, 0x00, 0x70, 0xFE, 0xFF, 0xEF, 0x07,
    0x00, 0x00, 0xC6, 0xFF, 0xFE, 0xFF, 0x5B, 0x00, 0x80, 0xFF, 0x4B, 0x22,
    0xC5, 0xFF, 0x07, 0xF4, 0x9F, 0x00, 0x00, 0x00, 0xFB, 0x3F, 0xF9, 0x1E,
    0x00, 0x00, 0x00, 0xF2, 0x8F, 0xFC, 0x0C, 0x00, 0x00, 0x00, 0xD0, 0xAF,
    0xFC, 0x0C, 0x00, 0x00, 0x00, 0xD0, 0xBF, 0xFA, 0x1E, 0x00, 0x00, 0x00,
    0xF2, 0x9F, 0xF5, 0x9F, 0x00, 0x00, 0x00, 0xFB, 0x4F, 0xC0, 0xFF, 0x4B,
    0x22, 0xB5, 0xFF, 0x0B, 0x20, 0xFC, 0xFF, 0xFF, 0xFF, 0xBF, 0x01, 0x00,
    0x71, 0xFD, 0xFF, 0xCF, 0x07, 0x00, 0x00, 0x00, 0x20, 0x44, 0x02, 0x00,
    0x00, 0x00, 0x00, 0x52, 0x77, 0x25, 0x00, 0x00, 0x00, 0xA2, 0xFE, 0xFF,
    0xEF, 0x19, 0x00, 0x20, 0xFD, 0xEF, 0xCC, 0xFE, 0xDF, 0x02, 0xC0, 0xFF,
    0x28, 0x00, 0x92, 0xFF, 0x0B, 0xF6, 0x8F, 0x00, 0x00, 0x00, 0xFA, 0x4F,
    0xFA, 0x1E, 0x00, 0x00, 0x00, 0xE2, 0x9F, 0xFC, 0x0B, 0x00, 0x00, 0x00,
    0xC0, 0xBF, 0xFC, 0x0B, 0x00, 0x00, 0x00, 0xC0, 0xBF, 0xFC, 0x0C, 0x00,
    0x00, 0x00, 0xD1, 0xAF, 0xF9, 0x3F, 0x00, 0x00, 0x00, 0xF5, 0x7F, 0xF3,
    0xCF, 0x02, 0x00, 0x20, 0xFD, 0x2F, 0x80, 0xFF, 0x7D, 0x44, 0xE8, 0xFF,
    0x0B, 0x00, 0xF8, 0xFF, 0xFF, 0xFF, 0xFF, 0x03, 0x00, 0x30, 0xA8, 0x8B,
    0xE7, 0xAF, 0x00, 0x00, 0x00, 0x00, 0x00, 0xFC, 0x2F, 0x00, 0x00, 0x00,
    0x00, 0x60, 0xFF, 0x09, 0x00, 0x00, 0x00, 0x00, 0xE1, 0xEF, 0x01, 0x00,
    0x00, 0x00, 0x00, 0xF8, 0x7F, 0x00, 0x00, 0x00, 0x00, 0x20, 0xFE, 0x1D,
    0x00, 0x00, 0x00, 0x00, 0xA0, 0xFF, 0x05, 0x00, 0x00, 0x00, 0x00, 0xF4,
    0xCF, 0x00, 0x00, 0x00, 0x00, 0x00, 0xEB, 0x4E, 0x00, 0x00, 0x00, 0x00,
    0x00, 0x11, 0x01, 0x00, 0x00, 0x00, 0x00, 0x33, 0x00, 0xC1, 0xFF, 0x1B,
    0xF6, 0xFF, 0x5F, 0xF5, 0xFF, 0x4F, 0x91, 0xDE, 0x08, 0x00, 0x11, 0x00,
    0x00, 0x00, 0x00, 0x00, 0x00, 0x00, 0x00, 0x00, 0x00, 0x00, 0x00, 0x00,
    0x00, 0x00, 0x00, 0x00, 0x00, 0x00, 0x00, 0x11, 0x00, 0x91, 0xDE, 0x08,
    0xF5, 0xFF, 0x4F, 0xF6, 0xFF, 0x5F, 0xC1, 0xFF, 0x1B, 0x00, 0x33, 0x00,
    0x10, 0x34, 0x00, 0xC2, 0xFF, 0x1C, 0xF7, 0xFF, 0x6F, 0xF6, 0xFF, 0x5F,
    0xA1, 0xEE, 0x09, 0x00, 0x11, 0x00, 0x00, 0x00, 0x00, 0x00, 0x00, 0x00,
    0x00, 0x00, 0x00, 0x00, 0x00, 0x00, 0x00, 0x00, 0x00, 0x00, 0x00, 0x00,
    0x10, 0x44, 0x03, 0x50, 0xFF, 0x0C, 0x80, 0xFF, 0x08, 0xB0, 0xFF, 0x04,
    0xD0, 0xEF, 0x02, 0xE2, 0xCF, 0x00, 0xF4, 0x9F, 0x00, 0xF6, 0x5F, 0x00,
    0xFA, 0x2F, 0x00, 0x86, 0x07, 0x00, 0x00, 0x00, 0x00, 0x00, 0x00, 0x00,
    0x11, 0x00, 0x00, 0x00, 0x00, 0x00, 0x61, 0x3D, 0x00, 0x00, 0x00, 0x00,
    0x61, 0xFD, 0x3F, 0x00, 0x00, 0x00, 0x61, 0xFD, 0xEF, 0x19, 0x00, 0x00,
    0x61, 0xFD, 0xEF, 0x29, 0x00, 0x00, 0x61, 0xFD, 0xEF, 0x28, 0x00, 0x00,
    0x61, 0xFD, 0xEF, 0x28, 0x00, 0x00, 0x00, 0xF4, 0xDF, 0x28, 0x00, 0x00,
    0x00, 0x00, 0xF4, 0x5D, 0x00, 0x00, 0x00, 0x00, 0x00, 0xF4, 0xFF, 0x5B,
    0x00, 0x00, 0x00, 0x00, 0x40, 0xFB, 0xFF, 0x5B, 0x00, 0x00, 0x00, 0x00,
    0x40, 0xFB, 0xFF, 0x5B, 0x00, 0x00, 0x00, 0x00, 0x40, 0xFB, 0xFF, 0x5C,
    0x00, 0x00, 0x00, 0x00, 0x40, 0xFB, 0xFF, 0x2C, 0x00, 0x00, 0x00, 0x00,
    0x40, 0xFB, 0x3F, 0x00, 0x00, 0x00, 0x00, 0x00, 0x40, 0x3B, 0x51, 0x55,
    0x55, 0x55, 0x55, 0x55, 0x15, 0xF5, 0xFF, 0xFF, 0xFF, 0xFF, 0xFF, 0x3F,
    0xE4, 0xEE, 0xEE, 0xEE, 0xEE, 0xEE, 0x3E, 0x10, 0x11, 0x11, 0x11, 0x11,
    0x11, 0x01, 0x00, 0x00, 0x00, 0x00, 0x00, 0x00, 0x00, 0x00, 0x00, 0x00,
    0x00, 0x00, 0x00, 0x00, 0x00, 0x00, 0x00, 0x00, 0x00, 0x00, 0x00, 0x51,
    0x55, 0x55, 0x55, 0x55, 0x55, 0x15, 0xF5, 0xFF, 0xFF, 0xFF, 0xFF, 0xFF,
    0x3F, 0xE4, 0xEE, 0xEE, 0xEE, 0xEE, 0xEE, 0x3E, 0x10, 0x11, 0x11, 0x11,
    0x11, 0x11, 0x01, 0x01, 0x00, 0x00, 0x00, 0x00, 0x00, 0x00, 0xC5, 0x05,
    0x00, 0x00, 0x00, 0x00, 0x00, 0xF5, 0xCF, 0x06, 0x00, 0x00, 0x00, 0x00,
    0xB2, 0xFF, 0xCF, 0x06, 0x00, 0x00, 0x00, 0x00, 0xB4, 0xFF, 0xCF, 0x06,
    0x00, 0x00, 0x00, 0x00, 0xA4, 0xFF, 0xCF, 0x06, 0x00, 0x00, 0x00, 0x00,
    0xA4, 0xFF, 0xCF, 0x06, 0x00, 0x00, 0x00, 0x00, 0xA4, 0xFE, 0x3F, 0x00,
    0x00, 0x00, 0x00, 0x00, 0xE6, 0x3F, 0x00, 0x00, 0x00, 0x00, 0xA4, 0xFE,
    0x3F, 0x00, 0x00, 0x00, 0xB4, 0xFF, 0xBF, 0x04, 0x00, 0x00, 0xB4, 0xFF,
    0xAF, 0x04, 0x00, 0x00, 0xB4, 0xFF, 0xAF, 0x04, 0x00, 0x00, 0xB2, 0xFF,
    0xAF, 0x04, 0x00, 0x00, 0x00, 0xF5, 0xAF, 0x04, 0x00, 0x00, 0x00, 0x00,
    0xB4, 0x04, 0x00, 0x00, 0x00, 0x00, 0x00, 0x30, 0x44, 0x34, 0x02, 0x00,
    0x00, 0xF1, 0xFF, 0xFF, 0xBE, 0x04, 0x00, 0xD1, 0xEE, 0xFE, 0xFF, 0x7F,
    0x00, 0x20, 0x22, 0x32, 0xE6, 0xFF, 0x05, 0x00, 0x00, 0x00, 0x30, 0xFE,
    0x0C, 0x00, 0x00, 0x00, 0x00, 0xF8, 0x2F, 0x00, 0x00, 0x00, 0x00, 0xF5,
    0x4F, 0x00, 0x00, 0x00, 0x00, 0xF5, 0x5F, 0x00, 0x00, 0x00, 0x00, 0xF8,
    0x3F, 0x00, 0x00, 0x00, 0x20, 0xFE, 0x1D, 0x00, 0x10, 0x21, 0xD5, 0xFF,
    0x07, 0x00, 0xB0, 0xEE, 0xFF, 0xBF, 0x00, 0x00, 0xC0, 0xFF, 0xEF, 0x08,
    0x00, 0x00, 0xB0, 0xDF, 0x13, 0x00, 0x00, 0x00, 0xC0, 0xCF, 0x00, 0x00,
    0x00, 0x00, 0xA0, 0xBE, 0x00, 0x00, 0x00, 0x00, 0x10, 0x11, 0x00, 0x00,
    0x00, 0x00, 0x00, 0x00, 0x00, 0x00, 0x00, 0x00, 0x20, 0x34, 0x00, 0x00,
    0x00, 0x00, 0xF5, 0xFF, 0x06, 0x00, 0x00, 0x00, 0xFA, 0xFE, 0x0A, 0x00,
    0x00, 0x00, 0xF5, 0xFF, 0x05, 0x00, 0x00, 0x00, 0x20, 0x24, 0x00, 0x00,
    0x00, 0x00, 0x00, 0x20, 0x75, 0x67, 0x14, 0x00, 0x00, 0x00, 0x20, 0xE9,
    0xFF, 0xFF, 0xDF, 0x07, 0x00, 0x00, 0xD3, 0xFF, 0x8B, 0x97, 0xFC, 0x9F,
    0x00, 0x10, 0xFD, 0x4D, 0x00, 0x00, 0x70, 0xFF, 0x06, 0x80, 0xEF, 0x02,
    0x00, 0x00, 0x00, 0xF9, 0x1D, 0xD1, 0x8F, 0x00, 0x00, 0x00, 0x00, 0xF2,
    0x4F, 0xF3, 0x3F, 0x00, 0x00, 0x00, 0x00, 0xD0, 0x6F, 0xF5, 0x1D, 0x00,
    0x00, 0x10, 0x01, 0xC0, 0x7F, 0xF6, 0x0C, 0x00, 0x20, 0xEA, 0xCE, 0xB4,
    0x7F, 0xF7, 0x0C, 0x00, 0xD1, 0xFF, 0xDC, 0xDE, 0x7F, 0xF7, 0x0C, 0x00,
    0xF7, 0x3E, 0x00, 0xF7, 0x7F, 0xF7, 0x0C, 0x00, 0xFA, 0x09, 0x00, 0xD0,
    0x7F, 0xF7, 0x0C, 0x00, 0xFB, 0x08, 0x00, 0xC0, 0x7F, 0xF7, 0x0C, 0x00,
    0xFB, 0x08, 0x00, 0xC0, 0x7F, 0xF7, 0x0C, 0x00, 0xFB, 0x08, 0x00, 0xC0,
    0x7F, 0xF7, 0x0C, 0x00, 0xFB, 0x08, 0x00, 0xC0, 0x7F, 0xF7, 0x0C, 0x00,
    0xFB, 0x09, 0x00, 0xD0, 0x6F, 0xF7, 0x0C, 0x00, 0xF8, 0x1D, 0x00, 0xF4,
    0x3F, 0xF7, 0x0C, 0x00, 0xE2, 0xDF, 0x98, 0xFE, 0x0B, 0xF6, 0x0D, 0x00,
    0x40, 0xFD, 0xFF, 0xBF, 0x01, 0xF5, 0x2E, 0x00, 0x00, 0x51, 0x77, 0x04,
    0x00, 0xF2, 0x5F, 0x00, 0x00, 0x00, 0x00, 0x00, 0x00, 0xC0, 0xCF, 0x00,
    0x00, 0x00, 0x00, 0x00, 0x00, 0x50, 0xFF, 0x1A, 0x00, 0x00, 0x00, 0x00,
    0x00, 0x00, 0xF9, 0xCF, 0x36, 0x22, 0x12, 0x00, 0x00, 0x00, 0x90, 0xFF,
    0xFF, 0xEE, 0xCE, 0x00, 0x00, 0x00, 0x00, 0xB4, 0xFE, 0xFF, 0xDF, 0x00,
    0x00, 0x00, 0x00, 0x00, 0x31, 0x44, 0x34, 0x00, 0x00, 0x00, 0x00, 0x00,
    0x43, 0x34, 0x00, 0x00, 0x00, 0x00, 0x00, 0x10, 0xFE, 0xDF, 0x00, 0x00,
    0x00, 0x00, 0x00, 0x40, 0xFF, 0xFF, 0x03, 0x00, 0x00, 0x00, 0x00, 0x70,
    0xDF, 0xFD, 0x06, 0x00, 0x00, 0x00, 0x00, 0xB0, 0x9F, 0xFA, 0x0A, 0x00,
    0x00, 0x00, 0x00, 0xE1, 0x5F, 0xF7, 0x1D, 0x00, 0x00, 0x00, 0x00, 0xF4,
    0x2F, 0xF4, 0x3F, 0x00, 0x00, 0x00, 0x00, 0xF8, 0x0D, 0xE1, 0x7F, 0x00,
    0x00, 0x00, 0x00, 0xFC, 0x0A, 0xC0, 0xAF, 0x00, 0x00, 0x00, 0x20, 0xFE,
    0x07, 0x80, 0xEF, 0x01, 0x00, 0x00, 0x50, 0xFF, 0x03, 0x50, 0xFF, 0x04,
    0x00, 0x00, 0x90, 0xDF, 0x01, 0x20, 0xFE, 0x07, 0x00, 0x00, 0xC0, 0xBF,
    0x00, 0x00, 0xFC, 0x0B, 0x00, 0x00, 0xE2, 0x6F, 0x00, 0x00, 0xF8, 0x1E,
    0x00, 0x00, 0xF5, 0xCF, 0xBB, 0xBB, 0xFC, 0x4F, 0x00, 0x00, 0xF9, 0xFF,
    0xFF, 0xFF, 0xFF, 0x8F, 0x00, 0x00, 0xFD, 0x8D, 0x88, 0x88, 0xD8, 0xBF,
    0x00, 0x20, 0xFF, 0x08, 0x00, 0x00, 0x90, 0xEF, 0x01, 0x60, 0xFF, 0x04,
    0x00, 0x00, 0x50, 0xFF, 0x05, 0xA0, 0xEF, 0x01, 0x00, 0x00, 0x20, 0xFE,
    0x08, 0xD0, 0xBF, 0x00, 0x00, 0x00, 0x00, 0xFC, 0x0C, 0xE3, 0x7E, 0x00,
    0x00, 0x00, 0x00, 0xE8, 0x2D, 0x10, 0x01, 0x00, 0x00, 0x00, 0x00, 0x10,
    0x01, 0x40, 0x44, 0x44, 0x44, 0x02, 0x00, 0x00, 0xF2, 0xFF, 0xFF, 0xFF,
    0xDF, 0x07, 0x00, 0xE2, 0xFF, 0xEE, 0xFE, 0xFF, 0xBF, 0x00, 0xE2, 0x8F,
    0x22, 0x22, 0xD5, 0xFF, 0x07, 0xE2, 0x7F, 0x00, 0x00, 0x10, 0xFD, 0x0D,
    0xE2, 0x8F, 0x00, 0x00, 0x00, 0xF8, 0x2E, 0xE2, 0x7F, 0x00, 0x00, 0x00,
    0xF7, 0x2F, 0xE2, 0x8F, 0x00, 0x00, 0x00, 0xF9, 0x1D, 0xE2, 0x7F, 0x00,
    0x00, 0x30, 0xFE, 0x08, 0xE2, 0x9F, 0x44, 0x44, 0xE8, 0xBF, 0x01, 0xE2,
    0xFF, 0xFF, 0xFF, 0xDF, 0x06, 0x00, 0xE2, 0xFF, 0xEE, 0xEE, 0xFF, 0x5B,
    0x00, 0xE2, 0x8F, 0x22, 0x22, 0xB4, 0xFF, 0x05, 0xE2, 0x7F, 0x00, 0x00,
    0x00, 0xFB, 0x1E, 0xE2, 0x8F, 0x00, 0x00, 0x00, 0xF3, 0x6F, 0xE2, 0x7F,
    0x00, 0x00, 0x00, 0xE1, 0x9F, 0xE2, 0x7F, 0x00, 0x00, 0x00, 0xE1, 0x9F,
    0xE2, 0x8F, 0x00, 0x00, 0x00, 0xF3, 0x7F, 0xE2, 0x7F, 0x00, 0x00, 0x10,
    0xFC, 0x3F, 0xE2, 0xAF, 0x55, 0x55, 0xD8, 0xFF, 0x0A, 0xF2, 0xFF, 0xFF,
    0xFF, 0xFF, 0xBF, 0x01, 0xD1, 0xEE, 0xEE, 0xEE, 0xBD, 0x06, 0x00, 0x10,
    0x11, 0x11, 0x11, 0x01, 0x00, 0x00, 0x00, 0x00, 0x52, 0x77, 0x36, 0x00,
    0x00, 0x00, 0x80, 0xFE, 0xFF, 0xFF, 0x2B, 0x00, 0x00, 0xFA, 0xFF, 0xCC,
    0xFE, 0xDF, 0x02, 0x60, 0xFF, 0x3C, 0x00, 0x81, 0xFF, 0x0A, 0xC0, 0xEF,
    0x01, 0x00, 0x00, 0xFA, 0x2E, 0xE1, 0x9F, 0x00, 0x00, 0x00, 0xF5, 0x5F,
    0xE2, 0x8F, 0x00, 0x00, 0x00, 0x92, 0x39, 0xE2, 0x8F, 0x00, 0x00, 0x00,
    0x00, 0x00, 0xE2, 0x8F, 0x00, 0x00, 0x00, 0x00, 0x00, 0xE2, 0x8F, 0x00,
    0x00, 0x00, 0x00, 0x00, 0xE2, 0x8F, 0x00, 0x00, 0x00, 0x00, 0x00, 0xE2,
    0x8F, 0x00, 0x00, 0x00, 0x00, 0x00, 0xE2, 0x8F, 0x00, 0x00, 0x00, 0x00,
    0x00, 0xE2, 0x8F, 0x00, 0x00, 0x00, 0x00, 0x00, 0xE2, 0x8F, 0x00, 0x00,
    0x00, 0x00, 0x00, 0xE2, 0x8F, 0x00, 0x00, 0x00, 0x00, 0x00, 0xE2, 0x8F,
    0x00, 0x00, 0x00, 0xC3, 0x5C, 0xE1, 0xAF, 0x00, 0x00, 0x00, 0xF6, 0x5F,
    0xB0, 0xEF, 0x03, 0x00, 0x00, 0xFC, 0x1E, 0x40, 0xFF, 0x6E, 0x23, 0xB4,
    0xFF, 0x08, 0x00, 0xF7, 0xFF, 0xEF, 0xFF, 0xBF, 0x01, 0x00, 0x50, 0xEC,
    0xFF, 0xDF, 0x07, 0x00, 0x00, 0x00, 0x20, 0x44, 0x03, 0x00, 0x00, 0x40,
    0x44, 0x44, 0x34, 0x01, 0x00, 0x00, 0xF2, 0xFF, 0xFF, 0xFF, 0xAE, 0x03,
    0x00, 0xE2, 0xFF, 0xEE, 0xFE, 0xFF, 0x5E, 0x00, 0xE2, 0x9F, 0x22, 0x32,
    0xE8, 0xEF, 0x02, 0xE2, 0x8F, 0x00, 0x00, 0x50, 0xFF, 0x09, 0xE2, 0x8F,
    0x00, 0x00, 0x00, 0xFB, 0x0D, 0xE2, 0x8F, 0x00, 0x00, 0x00, 0xF8, 0x2E,
    0xE2, 0x8F, 0x00, 0x00, 0x00, 0xF8, 0x2E, 0xE2, 0x8F, 0x00, 0x00, 0x00,
    0xF8, 0x2E, 0xE2, 0x8F, 0x00, 0x00, 0x00, 0xF8, 0x2E, 0xE2, 0x8F, 0x00,
    0x00, 0x00, 0xF8, 0x2E, 0xE2, 0x8F, 0x00, 0x00, 0x00, 0xF8, 0x2E, 0xE2,
    0x8F, 0x00, 0x00, 0x00, 0xF8, 0x2E, 0xE2, 0x8F, 0x00, 0x00, 0x00, 0xF8,
    0x2E, 0xE2, 0x8F, 0x00, 0x00, 0x00, 0xF8, 0x2E, 0xE2, 0x8F, 0x00, 0x00,
    0x00, 0xF8, 0x2E, 0xE2, 0x8F, 0x00, 0x00, 0x00, 0xF9, 0x1E, 0xE2, 0x8F,
    0x00, 0x00, 0x00, 0xFC, 0x0C, 0xE2, 0x7F, 0x00, 0x00, 0x80, 0xFF, 0x08,
    0xE2, 0xAF, 0x55, 0x65, 0xFB, 0xDF, 0x01, 0xF2, 0xFF, 0xFF, 0xFF, 0xFF,
    0x2C, 0x00, 0xE2, 0xEE, 0xEE, 0xDE, 0x6B, 0x00, 0x00, 0x10, 0x11, 0x11,
    0x01, 0x00, 0x00, 0x00, 0x43, 0x44, 0x44, 0x44, 0x44, 0x44, 0xD1, 0xFF,
    0xFF, 0xFF, 0xFF, 0xFF, 0x5F, 0xFC, 0xEF, 0xEE, 0xEE, 0xEE, 0xEE, 0xC5,
    0xBF, 0x22, 0x22, 0x22, 0x22, 0x12, 0xFC, 0x0B, 0x00, 0x00, 0x00, 0x00,
    0xC0, 0xBF, 0x00, 0x00, 0x00, 0x00, 0x00, 0xFC, 0x0B, 0x00, 0x00, 0x00,
    0x00, 0xC0, 0xBF, 0x00, 0x00, 0x00, 0x00, 0x00, 0xFC, 0x0B, 0x00, 0x00,
    0x00, 0x00, 0xC0, 0xCF, 0x44, 0x44, 0x44, 0x44, 0x01, 0xFC, 0xFF, 0xFF,
    0xFF, 0xFF, 0x5F, 0xC0, 0xFF, 0xEE, 0xEE, 0xEE, 0xEE, 0x05, 0xFC, 0x2B,
    0x22, 0x22, 0x22, 0x12, 0xC0, 0xBF, 0x00, 0x00, 0x00, 0x00, 0x00, 0xFC,
    0x0B, 0x00, 0x00, 0x00, 0x00, 0xC0, 0xBF, 0x00, 0x00, 0x00, 0x00, 0x00,
    0xFC, 0x0B, 0x00, 0x00, 0x00, 0x00, 0xC0, 0xBF, 0x00, 0x00, 0x00, 0x00,
    0x00, 0xFC, 0x0B, 0x00, 0x00, 0x00, 0x00, 0xC0, 0xCF, 0x55, 0x55, 0x55,
    0x55, 0x25, 0xFD, 0xFF, 0xFF, 0xFF, 0xFF, 0xFF, 0xC5, 0xEE, 0xEE, 0xEE,
    0xEE, 0xEE, 0x5E, 0x11, 0x11, 0x11, 0x11, 0x11, 0x11, 0x00, 0x40, 0x44,
    0x44, 0x44, 0x44, 0x44, 0x24, 0xF1, 0xFF, 0xFF, 0xFF, 0xFF, 0xFF, 0x8F,
    0xE1, 0xFF, 0xEE, 0xEE, 0xEE, 0xEE, 0x7E, 0xE1, 0x9F, 0x22, 0x22, 0x22,
    0x22, 0x12, 0xE1, 0x8F, 0x00, 0x00, 0x00, 0x00, 0x00, 0xE1, 0x8F, 0x00,
    0x00, 0x00, 0x00, 0x00, 0xE1, 0x8F, 0x00, 0x00, 0x00, 0x00, 0x00, 0xE1,
    0x8F, 0x00, 0x00, 0x00, 0x00, 0x00, 0xE1, 0x8F, 0x00, 0x00, 0x00, 0x00,
    0x00, 0xE1, 0x8F, 0x00, 0x00, 0x00, 0x00, 0x00, 0xE1, 0xDF, 0xBB, 0xBB,
    0xBB, 0xBB, 0x08, 0xE1, 0xFF, 0xFF, 0xFF, 0xFF, 0xFF, 0x0C, 0xE1, 0xCF,
    0x88, 0x88, 0x88, 0x88, 0x06, 0xE1, 0x9F, 0x00, 0x00, 0x00, 0x00, 0x00,
    0xE1, 0x9F, 0x00, 0x00, 0x00, 0x00, 0x00, 0xE1, 0x9F, 0x00, 0x00, 0x00,
    0x00, 0x00, 0xE1, 0x9F, 0x00, 0x00, 0x00, 0x00, 0x00, 0xE1, 0x9F, 0x00,
    0x00, 0x00, 0x00, 0x00, 0xE1, 0x9F, 0x00, 0x00, 0x00, 0x00, 0x00, 0xE1,
    0x9F, 0x00, 0x00, 0x00, 0x00, 0x00, 0xE1, 0x9F, 0x00, 0x00, 0x00, 0x00,
    0x00, 0xD1, 0x9E, 0x00, 0x00, 0x00, 0x00, 0x00, 0x10, 0x11, 0x00, 0x00,
    0x00, 0x00, 0x00, 0x00, 0x00, 0x52, 0x77, 0x26, 0x00, 0x00, 0x00, 0x91,
    0xFE, 0xFF, 0xFF, 0x1A, 0x00, 0x10, 0xFC, 0xFF, 0xCC, 0xFE, 0xCF, 0x01,
    0x80, 0xFF, 0x2A, 0x00, 0x92, 0xFF, 0x09, 0xD0, 0xDF, 0x00, 0x00, 0x00,
    0xFC, 0x1E, 0xF2, 0x8F, 0x00, 0x00, 0x00, 0xF7, 0x4F, 0xF3, 0x6F, 0x00,
    0x00, 0x00, 0x93, 0x29, 0xF3, 0x6F, 0x00, 0x00, 0x00, 0x00, 0x00, 0xF3,
    0x6F, 0x00, 0x00, 0x00, 0x00, 0x00, 0xF3, 0x6F, 0x00, 0x00, 0x00, 0x00,
    0x00, 0xF3, 0x6F, 0x00, 0x21, 0x22, 0x22, 0x02, 0xF3, 0x6F, 0x00, 0xE9,
    0xEE, 0xEE, 0x4F, 0xF3, 0x6F, 0x00, 0xFA, 0xFF, 0xFF, 0x4F, 0xF3, 0x6F,
    0x00, 0x42, 0x44, 0xF8, 0x4F, 0xF3, 0x6F, 0x00, 0x00, 0x00, 0xF5, 0x4F,
    0xF3, 0x6F, 0x00, 0x00, 0x00, 0xF5, 0x4F, 0xF3, 0x6F, 0x00, 0x00, 0x00,
    0xF5, 0x4F, 0xE2, 0x9F, 0x00, 0x00, 0x00, 0xF8, 0x3F, 0xC0, 0xEF, 0x02,
    0x00, 0x10, 0xFD, 0x1D, 0x60, 0xFF, 0x6D, 0x22, 0xC5, 0xFF, 0x07, 0x00,
    0xF9, 0xFF, 0xFF, 0xFF, 0xAF, 0x00, 0x00, 0x60, 0xEC, 0xFF, 0xCF, 0x06,
    0x00, 0x00, 0x00, 0x20, 0x44, 0x02, 0x00, 0x00, 0x40, 0x24, 0x00, 0x00,
    0x00, 0x42, 0x03, 0xF2, 0x9F, 0x00, 0x00, 0x00, 0xFA, 0x1E, 0xE2, 0x8F,
    0x00, 0x00, 0x00, 0xFA, 0x1D, 0xE2, 0x8F, 0x00, 0x00, 0x00, 0xFA, 0x1D,
    0xE2, 0x8F, 0x00, 0x00, 0x00, 0xFA, 0x1D, 0xE2, 0x8F, 0x00, 0x00, 0x00,
    0xFA, 0x1D, 0xE2, 0x8F, 0x00, 0x00, 0x00, 0xFA, 0x1D, 0xE2, 0x8F, 0x00,
    0x00, 0x00, 0xFA, 0x1D, 0xE2, 0x8F, 0x00, 0x00, 0x00, 0xFA, 0x1D, 0xE2,
    0x9F, 0x22, 0x22, 0x22, 0xFA, 0x1D, 0xE2, 0xFF, 0xEE, 0xEE, 0xEE, 0xFF,
    0x1D, 0xE2, 0xFF, 0xFF, 0xFF, 0xFF, 0xFF, 0x1D, 0xE2, 0xAF, 0x44, 0x44,
    0x44, 0xFB, 0x1D, 0xE2, 0x8F, 0x00, 0x00, 0x00, 0xF9, 0x1D, 0xE2, 0x8F,
    0x00, 0x00, 0x00, 0xFA, 0x1D, 0xE2, 0x8F, 0x00, 0x00, 0x00, 0xFA, 0x1D,
    0xE2, 0x8F, 0x00, 0x00, 0x00, 0xFA, 0x1D, 0xE2, 0x8F, 0x00, 0x00, 0x00,
    0xFA, 0x1D, 0xE2, 0x8F, 0x00, 0x00, 0x00, 0xFA, 0x1D, 0xE2, 0x8F, 0x00,
    0x00, 0x00, 0xFA, 0x1D, 0xE2, 0x8F, 0x00, 0x00, 0x00, 0xFA, 0x1E, 0xD1,
    0x8E, 0x00, 0x00, 0x00, 0xE9, 0x1C, 0x10, 0x11, 0x00, 0x00, 0x00, 0x11,
    0x01, 0x43, 0x44, 0x44, 0x44, 0x44, 0x24, 0xFB, 0xFF, 0xFF, 0xFF, 0xFF,
    0xAF, 0xEA, 0xEE, 0xFF, 0xEF, 0xEE, 0x9E, 0x21, 0x22, 0xF7, 0x6F, 0x22,
    0x12, 0x00, 0x00, 0xF6, 0x4F, 0x00, 0x00, 0x00, 0x00, 0xF6, 0x4F, 0x00,
    0x00, 0x00, 0x00, 0xF6, 0x4F, 0x00, 0x00, 0x00, 0x00, 0xF6, 0x4F, 0x00,
    0x00, 0x00, 0x00, 0xF6, 0x4F, 0x00, 0x00, 0x00, 0x00, 0xF6, 0x4F, 0x00,
    0x00, 0x00, 0x00, 0xF6, 0x4F, 0x00, 0x00, 0x00, 0x00, 0xF6, 0x4F, 0x00,
    0x00, 0x00, 0x00, 0xF6, 0x4F, 0x00, 0x00, 0x00, 0x00, 0xF6, 0x4F, 0x00,
    0x00, 0x00, 0x00, 0xF6, 0x4F, 0x00, 0x00, 0x00, 0x00, 0xF6, 0x4F, 0x00,
    0x00, 0x00, 0x00, 0xF6, 0x4F, 0x00, 0x00, 0x00, 0x00, 0xF6, 0x4F, 0x00,
    0x00, 0x00, 0x00, 0xF5, 0x4F, 0x00, 0x00, 0x53, 0x55, 0xF9, 0x8F, 0x55,
    0x35, 0xFB, 0xFF, 0xFF, 0xFF, 0xFF, 0xAF, 0xEA, 0xEE, 0xEE, 0xEE, 0xEE,
    0x8E, 0x11, 0x11, 0x11, 0x11, 0x11, 0x11, 0x00, 0x00, 0x00, 0x00, 0x00,
    0x40, 0x24, 0x00, 0x00, 0x00, 0x00, 0x00, 0xE1, 0x9F, 0x00, 0x00, 0x00,
    0x00, 0x00, 0xE1, 0x9F, 0x00, 0x00, 0x00, 0x00, 0x00, 0xE1, 0x9F, 0x00,
    0x00, 0x00, 0x00, 0x00, 0xE1, 0x9F, 0x00, 0x00, 0x00, 0x00, 0x00, 0xE1,
    0x9F, 0x00, 0x00, 0x00, 0x00, 0x00, 0xE1, 0x9F, 0x00, 0x00, 0x00, 0x00,
    0x00, 0xE1, 0x9F, 0x00, 0x00, 0x00, 0x00, 0x00, 0xE1, 0x9F, 0x00, 0x00,
    0x00, 0x00, 0x00, 0xE1, 0x9F, 0x00, 0x00, 0x00, 0x00, 0x00, 0xE1, 0x9F,
    0x00, 0x00, 0x00, 0x00, 0x00, 0xE1, 0x9F, 0x00, 0x00, 0x00, 0x00, 0x00,
    0xE1, 0x9F, 0x00, 0x00, 0x00, 0x00, 0x00, 0xE1, 0x9F, 0x00, 0x00, 0x00,
    0x00, 0x00, 0xE1, 0x9F, 0x31, 0x03, 0x00, 0x00, 0x00, 0xE1, 0x9F, 0xF6,
    0x3F, 0x00, 0x00, 0x00, 0xE1, 0x9F, 0xF4, 0x6F, 0x00, 0x00, 0x00, 0xF4,
    0x7F, 0xE1, 0xDF, 0x01, 0x00, 0x00, 0xFB, 0x3F, 0x80, 0xFF, 0x5C, 0x22,
    0xB4, 0xFF, 0x0A, 0x00, 0xFA, 0xFF, 0xEF, 0xFF, 0xCF, 0x01, 0x00, 0x60,
    0xEC, 0xFF, 0xDF, 0x07, 0x00, 0x00, 0x00, 0x20, 0x44, 0x02, 0x00, 0x00,
    0x40, 0x24, 0x00, 0x00, 0x00, 0x30, 0x44, 0x21, 0xFF, 0x08, 0x00, 0x00,
    0x10, 0xFE, 0x1D, 0xE2, 0x8F, 0x00, 0x00, 0x00, 0xF8, 0x4F, 0x20, 0xFE,
    0x08, 0x00, 0x00, 0xE2, 0xCF, 0x00, 0xE2, 0x8F, 0x00, 0x00, 0x80, 0xFF,
    0x04, 0x20, 0xFE, 0x08, 0x00, 0x20, 0xFE, 0x0B, 0x00, 0xE2, 0x8F, 0x00,
    0x00, 0xF9, 0x4F, 0x00, 0x20, 0xFE, 0x08, 0x00, 0xE2, 0xBF, 0x00, 0x00,
    0xE2, 0x8F, 0x00, 0x90, 0xFF, 0x04, 0x00, 0x20, 0xFE, 0x29, 0x42, 0xFF,
    0x0B, 0x00, 0x00, 0xF2, 0xFF, 0xEE, 0xFF, 0x3F, 0x00, 0x00, 0x20, 0xFF,
    0xFF, 0xFF, 0xFF, 0x03, 0x00, 0x00, 0xE2, 0xAF, 0x44, 0xF7, 0xAF, 0x00,
    0x00, 0x20, 0xFE, 0x08, 0x00, 0xFC, 0x3F, 0x00, 0x00, 0xE2, 0x8F, 0x10,
    0x40, 0xFF, 0x0A, 0x00, 0x20, 0xFE, 0x08, 0x00, 0xC0, 0xFF, 0x03, 0x00,
    0xE2, 0x8F, 0x00, 0x00, 0xF4, 0xBF, 0x00, 0x20, 0xFE, 0x08, 0x00, 0x00,
    0xFB, 0x3F, 0x00, 0xE2, 0x8F, 0x00, 0x00, 0x40, 0xFF, 0x0B, 0x20, 0xFE,
    0x08, 0x00, 0x00, 0xB0, 0xFF, 0x03, 0xF2, 0x8F, 0x00, 0x00, 0x00, 0xF4,
    0xBF, 0x20, 0xED, 0x07, 0x00, 0x00, 0x00, 0xEA, 0x3E, 0x10, 0x11, 0x00,
    0x00, 0x00, 0x00, 0x11, 0x01, 0x30, 0x24, 0x00, 0x00, 0x00, 0x00, 0x00,
    0xE1, 0xAF, 0x00, 0x00, 0x00, 0x00, 0x00, 0xD1, 0x9F, 0x00, 0x00, 0x00,
    0x00, 0x00, 0xE1, 0x9F, 0x00, 0x00, 0x00, 0x00, 0x00, 0xE1, 0x9F, 0x00,
    0x00, 0x00, 0x00, 0x00, 0xE1, 0x9F, 0x00, 0x00, 0x00, 0x00, 0x00, 0xE1,
    0x9F, 0x00, 0x00, 0x00, 0x00, 0x00, 0xE1, 0x9F, 0x00, 0x00, 0x00, 0x00,
    0x00, 0xE1, 0x9F, 0x00, 0x00, 0x00, 0x00, 0x00, 0xE1, 0x9F, 0x00, 0x00,
    0x00, 0x00, 0x00, 0xE1, 0x9F, 0x00, 0x00, 0x00, 0x00, 0x00, 0xE1, 0x9F,
    0x00, 0x00, 0x00, 0x00, 0x00, 0xE1, 0x9F, 0x00, 0x00, 0x00, 0x00, 0x00,
    0xE1, 0x9F, 0x00, 0x00, 0x00, 0x00, 0x00, 0xE1, 0x9F, 0x00, 0x00, 0x00,
    0x00, 0x00, 0xE1, 0x9F, 0x00, 0x00, 0x00, 0x00, 0x00, 0xE1, 0x9F, 0x00,
    0x00, 0x00, 0x00, 0x00, 0xE1, 0x9F, 0x00, 0x00, 0x00, 0x00, 0x00, 0xE1,
    0x9F, 0x00, 0x00, 0x00, 0x00, 0x00, 0xE1, 0xBF, 0x55, 0x55, 0x55, 0x55,
    0x15, 0xE1, 0xFF, 0xFF, 0xFF, 0xFF, 0xFF, 0x4F, 0xD1, 0xEE, 0xEE, 0xEE,
    0xEE, 0xEE, 0x3E, 0x10, 0x11, 0x11, 0x11, 0x11, 0x11, 0x01, 0x43, 0x44,
    0x01, 0x00, 0x10, 0x44, 0x24, 0xFA, 0xFF, 0x06, 0x00, 0x80, 0xFF, 0x9F,
    0xFA, 0xFD, 0x0B, 0x00, 0xC0, 0xCE, 0x8F, 0xFA, 0xEA, 0x1E, 0x00, 0xF2,
    0xAB, 0x8F, 0xFA, 0xA9, 0x4F, 0x00, 0xF6, 0xA7, 0x8F, 0xFA, 0x5A, 0x9F,
    0x00, 0xFB, 0xB3, 0x8F, 0xFA, 0x2B, 0xDF, 0x10, 0xDF, 0xC0, 0x8F, 0xFA,
    0x0C, 0xFC, 0x52, 0x8F, 0xD0, 0x8F, 0xFA, 0x0C, 0xF7, 0x96, 0x4F, 0xD0,
    0x8F, 0xFA, 0x0C, 0xF3, 0xEC, 0x0E, 0xD0, 0x8F, 0xFA, 0x0C, 0xD0, 0xFF,
    0x09, 0xD1, 0x8F, 0xFA, 0x0C, 0x90, 0xFF, 0x05, 0xD1, 0x8F, 0xFA, 0x0C,
    0x30, 0x78, 0x01, 0xD1, 0x8F, 0xFA, 0x0C, 0x00, 0x00, 0x00, 0xD1, 0x8F,
    0xFA, 0x0C, 0x00, 0x00, 0x00, 0xD1, 0x8F, 0xFA, 0x0C, 0x00, 0x00, 0x00,
    0xD1, 0x8F, 0xFA, 0x0C, 0x00, 0x00, 0x00, 0xD1, 0x8F, 0xFA, 0x0C, 0x00,
    0x00, 0x00, 0xD1, 0x8F, 0xFA, 0x0C, 0x00, 0x00, 0x00, 0xD1, 0x8F, 0xFA,
    0x0C, 0x00, 0x00, 0x00, 0xD1, 0x8F, 0xFA, 0x0C, 0x00, 0x00, 0x00, 0xE1,
    0x8F, 0xE9, 0x0B, 0x00, 0x00, 0x00, 0xC1, 0x8E, 0x11, 0x01, 0x00, 0x00,
    0x00, 0x10, 0x11, 0x41, 0x44, 0x01, 0x00, 0x00, 0x42, 0x04, 0xF3, 0xFF,
    0x09, 0x00, 0x00, 0xF8, 0x1F, 0xF3, 0xFF, 0x1E, 0x00, 0x00, 0xF7, 0x1E,
    0xF3, 0xFF, 0x5F, 0x00, 0x00, 0xF7, 0x1E, 0xF3, 0xDE, 0xAF, 0x00, 0x00,
    0xF7, 0x1E, 0xF3, 0x8F, 0xEF, 0x01, 0x00, 0xF7, 0x1E, 0xF3, 0x5F, 0xFC,
    0x06, 0x00, 0xF7, 0x1E, 0xF3, 0x4F, 0xF8, 0x0B, 0x00, 0xF7, 0x1E, 0xF3,
    0x5F, 0xF3, 0x2E, 0x00, 0xF7, 0x1E, 0xF3, 0x6F, 0xD0, 0x7F, 0x00, 0xF7,
    0x1E, 0xF3, 0x6F, 0x80, 0xCF, 0x00, 0xF7, 0x1E, 0xF3, 0x6F, 0x30, 0xFF,
    0x03, 0xF7, 0x1E, 0xF3, 0x6F, 0x00, 0xFC, 0x08, 0xF7, 0x1E, 0xF3, 0x6F,
    0x00, 0xF7, 0x0D, 0xF7, 0x1E, 0xF3, 0x6F, 0x00, 0xF2, 0x2F, 0xF6, 0x1E,
    0xF3, 0x6F, 0x00, 0xB0, 0x8F, 0xF5, 0x1E, 0xF3, 0x6F, 0x00, 0x60, 0xCF,
    0xF6, 0x1E, 0xF3, 0x6F, 0x00, 0x10, 0xFE, 0xF9, 0x1E, 0xF3, 0x6F, 0x00,
    0x00, 0xFA, 0xFD, 0x1E, 0xF3, 0x6F, 0x00, 0x00, 0xF5, 0xFF, 0x1E, 0xF3,
    0x6F, 0x00, 0x00, 0xE1, 0xFF, 0x1F, 0xE2, 0x5E, 0x00, 0x00, 0x90, 0xEE,
    0x1D, 0x10, 0x01, 0x00, 0x00, 0x00, 0x11, 0x01, 0x00, 0x00, 0x52, 0x77,
    0x25, 0x00, 0x00, 0x00, 0x91, 0xFE, 0xFF, 0xEF, 0x09, 0x00, 0x10, 0xFC,
    0xEF, 0xCC, 0xFF, 0xBF, 0x00, 0x70, 0xFF, 0x2A, 0x00, 0xB2, 0xFF, 0x06,
    0xD0, 0xCF, 0x00, 0x00, 0x10, 0xFD, 0x0C, 0xF2, 0x8F, 0x00, 0x00, 0x00,
    0xF9, 0x1E, 0xF3, 0x6F, 0x00, 0x00, 0x00, 0xF8, 0x2E, 0xF3, 0x6F, 0x00,
    0x00, 0x00, 0xF8, 0x2E, 0xF3, 0x6F, 0x00, 0x00, 0x00, 0xF8, 0x2E, 0xF3,
    0x6F, 0x00, 0x00, 0x00, 0xF8, 0x2E, 0xF3, 0x6F, 0x00, 0x00, 0x00, 0xF8,
    0x2E, 0xF3, 0x6F, 0x00, 0x00, 0x00, 0xF8, 0x2E, 0xF3, 0x6F, 0x00, 0x00,
    0x00, 0xF8, 0x2E, 0xF3, 0x6F, 0x00, 0x00, 0x00, 0xF8, 0x2E, 0xF3, 0x6F,
    0x00, 0x00, 0x00, 0xF8, 0x2E, 0xF3, 0x6F, 0x00, 0x00, 0x00, 0xF8, 0x2E,
    0xF3, 0x6F, 0x00, 0x00, 0x00, 0xF8, 0x2E, 0xE2, 0x9F, 0x00, 0x00, 0x00,
    0xFA, 0x1D, 0xC0, 0xEF, 0x02, 0x00, 0x20, 0xFE, 0x0B, 0x50, 0xFF, 0x5C,
    0x22, 0xD6, 0xFF, 0x04, 0x00, 0xF9, 0xFF, 0xFF, 0xFF, 0x8F, 0x00, 0x00,
    0x60, 0xFC, 0xFF, 0xCE, 0x05, 0x00, 0x00, 0x00, 0x20, 0x44, 0x02, 0x00,
    0x00, 0x40, 0x44, 0x44, 0x44, 0x23, 0x00, 0x00, 0x20, 0xFF, 0xFF, 0xFF,
    0xFF, 0xBE, 0x04, 0x00, 0xE2, 0xFF, 0xEE, 0xEE, 0xFF, 0xFF, 0x07, 0x20,
    0xFE, 0x29, 0x22, 0x32, 0xE7, 0xFF, 0x04, 0xE2, 0x8F, 0x00, 0x00, 0x00,
    0xF4, 0xBF, 0x20, 0xFE, 0x08, 0x00, 0x00, 0x00, 0xFB, 0x2E, 0xE2, 0x8F,
    0x00, 0x00, 0x00, 0x80, 0xFF, 0x23, 0xFE, 0x08, 0x00, 0x00, 0x00, 0xF8,
    0x3F, 0xE2, 0x8F, 0x00, 0x00, 0x00, 0xB0, 0xEF, 0x22, 0xFE, 0x08, 0x00,
    0x00, 0x40, 0xFF, 0x0B, 0xE2, 0x9F, 0x22, 0x22, 0x73, 0xFE, 0x4F, 0x20,
    0xFF, 0xEF, 0xEE, 0xFE, 0xFF, 0x7F, 0x00, 0xF2, 0xFF, 0xFF, 0xFF, 0xEF,
    0x4B, 0x00, 0x20, 0xFE, 0x4A, 0x44, 0x34, 0x02, 0x00, 0x00, 0xE2, 0x8F,
    0x00, 0x00, 0x00, 0x00, 0x00, 0x20, 0xFE, 0x08, 0x00, 0x00, 0x00, 0x00,
    0x00, 0xE2, 0x8F, 0x00, 0x00, 0x00, 0x00, 0x00, 0x20, 0xFE, 0x08, 0x00,
    0x00, 0x00, 0x00, 0x00, 0xE2, 0x8F, 0x00, 0x00, 0x00, 0x00, 0x00, 0x20,
    0xFE, 0x08, 0x00, 0x00, 0x00, 0x00, 0x00, 0xF2, 0x8F, 0x00, 0x00, 0x00,
    0x00, 0x00, 0x20, 0xED, 0x07, 0x00, 0x00, 0x00, 0x00, 0x00, 0x10, 0x11,
    0x00, 0x00, 0x00, 0x00, 0x00, 0x00, 0x00, 0x00, 0x62, 0x77, 0x25, 0x00,
    0x00, 0x00, 0xA2, 0xFF, 0xFF, 0xEF, 0x19, 0x00, 0x10, 0xFD, 0xEF, 0xCC,
    0xFF, 0xCF, 0x01, 0xA0, 0xFF, 0x29, 0x00, 0xA2, 0xFF, 0x08, 0xF2, 0xBF,
    0x00, 0x00, 0x00, 0xFC, 0x1E, 0xF5, 0x5F, 0x00, 0x00, 0x00, 0xF6, 0x4F,
    0xF6, 0x3F, 0x00, 0x00, 0x00, 0xF4, 0x5F, 0xF6, 0x3F, 0x00, 0x00, 0x00,
    0xF4, 0x5F, 0xF6, 0x3F, 0x00, 0x00, 0x00, 0xF4, 0x5F, 0xF6, 0x3F, 0x00,
    0x00, 0x00, 0xF4, 0x5F, 0xF6, 0x3F, 0x00, 0x00, 0x00, 0xF4, 0x5F, 0xF6,
    0x3F, 0x00, 0x00, 0x00, 0xF4, 0x5F, 0xF6, 0x3F, 0x00, 0x00, 0x00, 0xF4,
    0x5F, 0xF6, 0x3F, 0x00, 0x00, 0x00, 0xF4, 0x5F, 0xF6, 0x3F, 0x00, 0x00,
    0x00, 0xF4, 0x5F, 0xF6, 0x3F, 0x00, 0x00, 0x00, 0xF4, 0x5F, 0xF6, 0x3F,
    0x00, 0x00, 0x00, 0xF5, 0x5F, 0xF4, 0x6F, 0x00, 0x00, 0x00, 0xF8, 0x3F,
    0xE1, 0xDF, 0x01, 0x00, 0x20, 0xFE, 0x0D, 0x80, 0xFF, 0x5C, 0x22, 0xD6,
    0xFF, 0x06, 0x00, 0xFA, 0xFF, 0xFF, 0xFF, 0x9F, 0x00, 0x00, 0x70, 0xFC,
    0xFF, 0xFF, 0x07, 0x00, 0x00, 0x00, 0x20, 0x74, 0xFF, 0x09, 0x00, 0x00,
    0x00, 0x00, 0x00, 0xFB, 0x4F, 0x00, 0x00, 0x00, 0x00, 0x00, 0xF3, 0xCF,
    0x00, 0x00, 0x00, 0x00, 0x00, 0x80, 0xFF, 0x07, 0x00, 0x00, 0x00, 0x00,
    0x10, 0xFD, 0x2F, 0x00, 0x00, 0x00, 0x00, 0x00, 0x42, 0x24, 0x40, 0x44,
    0x44, 0x44, 0x13, 0x00, 0x00, 0xF2, 0xFF, 0xFF, 0xFF, 0xDF, 0x19, 0x00,
    0xE2, 0xFF, 0xEE, 0xEE, 0xFF, 0xDF, 0x02, 0xE2, 0x9F, 0x22, 0x22, 0x93,
    0xFF, 0x0C, 0xE2, 0x8F, 0x00, 0x00, 0x00, 0xF9, 0x5F, 0xE2, 0x8F, 0x00,
    0x00, 0x00, 0xF2, 0x9F, 0xE2, 0x8F, 0x00, 0x00, 0x00, 0xD1, 0xBF, 0xE2,
    0x8F, 0x00, 0x00, 0x00, 0xE1, 0xBF, 0xE2, 0x8F, 0x00, 0x00, 0x00, 0xF4,
    0x9F, 0xE2, 0x7F, 0x00, 0x00, 0x10, 0xFC, 0x4F, 0xE2, 0xAF, 0x55, 0x55,
    0xD7, 0xFF, 0x0A, 0xE2, 0xFF, 0xFF, 0xFF, 0xFF, 0xBF, 0x01, 0xE2, 0xEF,
    0xEE, 0xFE, 0xEF, 0x06, 0x00, 0xE2, 0x8F, 0x11, 0xB1, 0xEF, 0x01, 0x00,
    0xE2, 0x8F, 0x00, 0x40, 0xFF, 0x09, 0x00, 0xE2, 0x8F, 0x00, 0x00, 0xFC,
    0x1E, 0x00, 0xE2, 0x8F, 0x00, 0x00, 0xF5, 0x7F, 0x00, 0xE2, 0x8F, 0x00,
    0x00, 0xD0, 0xDF, 0x01, 0xE2, 0x8F, 0x00, 0x00, 0x60, 0xFF, 0x06, 0xE2,
    0x8F, 0x00, 0x00, 0x10, 0xFE, 0x0D, 0xE2, 0x8F, 0x00, 0x00, 0x00, 0xF8,
    0x6F, 0xD1, 0x7E, 0x00, 0x00, 0x00, 0xD2, 0xBE, 0x10, 0x11, 0x00, 0x00,
    0x00, 0x10, 0x11, 0x00, 0x00, 0x52, 0x77, 0x15, 0x00, 0x00, 0x00, 0x91,
    0xFE, 0xFF, 0xEF, 0x07, 0x00, 0x10, 0xFC, 0xEF, 0xCC, 0xFF, 0xAF, 0x00,
    0x80, 0xFF, 0x2A, 0x00, 0xC3, 0xFF, 0x05, 0xD0, 0xCF, 0x00, 0x00, 0x20,
    0xFE, 0x0B, 0xE2, 0x7F, 0x00, 0x00, 0x00, 0xFA, 0x1D, 0xF2, 0x6F, 0x00,
    0x00, 0x00, 0x21, 0x02, 0xE1, 0xBF, 0x00, 0x00, 0x00, 0x00, 0x00, 0xA0,
    0xFF, 0x07, 0x00, 0x00, 0x00, 0x00, 0x20, 0xFE, 0xDF, 0x59, 0x01, 0x00,
    0x00, 0x00, 0xE4, 0xFF, 0xFF, 0xAE, 0x04, 0x00, 0x00, 0x10, 0xC8, 0xFF,
    0xFF, 0x9F, 0x00, 0x00, 0x00, 0x00, 0x62, 0xFA, 0xFF, 0x07, 0x00, 0x00,
    0x00, 0x00, 0x30, 0xFE, 0x1E, 0x00, 0x00, 0x00, 0x00, 0x00, 0xF6, 0x6F,
    0x00, 0x00, 0x00, 0x00, 0x00, 0xE1, 0x8F, 0xC8, 0x1B, 0x00, 0x00, 0x00,
    0xE1, 0x8F, 0xF9, 0x3F, 0x00, 0x00, 0x00, 0xF3, 0x7F, 0xF4, 0xAF, 0x00,
    0x00, 0x00, 0xFB, 0x3F, 0xB0, 0xFF, 0x5B, 0x22, 0xB4, 0xFF, 0x0A, 0x20,
    0xFC, 0xFF, 0xEF, 0xFF, 0xCF, 0x01, 0x00, 0x81, 0xFD, 0xFF, 0xDF, 0x07,
    0x00, 0x00, 0x00, 0x20, 0x44, 0x02, 0x00, 0x00, 0x41, 0x44, 0x44, 0x44,
    0x44, 0x44, 0x44, 0x04, 0xF3, 0xFF, 0xFF, 0xFF, 0xFF, 0xFF, 0xFF, 0x2F,
    0xE3, 0xEE, 0xEE, 0xFF, 0xEF, 0xEE, 0xEE, 0x2E, 0x20, 0x22, 0x22, 0xF7,
    0x5F, 0x22, 0x22, 0x02, 0x00, 0x00, 0x00, 0xF5, 0x4F, 0x00, 0x00, 0x00,
    0x00, 0x00, 0x00, 0xF5, 0x4F, 0x00, 0x00, 0x00, 0x00, 0x00, 0x00, 0xF5,
    0x4F, 0x00, 0x00, 0x00, 0x00, 0x00, 0x00, 0xF5, 0x4F, 0x00, 0x00, 0x00,
    0x00, 0x00, 0x00, 0xF5, 0x4F, 0x00, 0x00, 0x00, 0x00, 0x00, 0x00, 0xF5,
    0x4F, 0x00, 0x00, 0x00, 0x00, 0x00, 0x00, 0xF5, 0x4F, 0x00, 0x00, 0x00,
    0x00, 0x00, 0x00, 0xF5, 0x4F, 0x00, 0x00, 0x00, 0x00, 0x00, 0x00, 0xF5,
    0x4F, 0x00, 0x00, 0x00, 0x00, 0x00, 0x00, 0xF5, 0x4F, 0x00, 0x00, 0x00,
    0x00, 0x00, 0x00, 0xF5, 0x4F, 0x00, 0x00, 0x00, 0x00, 0x00, 0x00, 0xF5,
    0x4F, 0x00, 0x00, 0x00, 0x00, 0x00, 0x00, 0xF5, 0x4F, 0x00, 0x00, 0x00,
    0x00, 0x00, 0x00, 0xF5, 0x4F, 0x00, 0x00, 0x00, 0x00, 0x00, 0x00, 0xF5,
    0x4F, 0x00, 0x00, 0x00, 0x00, 0x00, 0x00, 0xF5, 0x4F, 0x00, 0x00, 0x00,
    0x00, 0x00, 0x00, 0xF6, 0x4F, 0x00, 0x00, 0x00, 0x00, 0x00, 0x00, 0xE5,
    0x4E, 0x00, 0x00, 0x00, 0x00, 0x00, 0x00, 0x10, 0x01, 0x00, 0x00, 0x00,
    0x41, 0x24, 0x00, 0x00, 0x00, 0x42, 0x04, 0xF3, 0x7F, 0x00, 0x00, 0x00,
    0xF9, 0x1F, 0xF3, 0x7F, 0x00, 0x00, 0x00, 0xF8, 0x1E, 0xF3, 0x7F, 0x00,
    0x00, 0x00, 0xF8, 0x1E, 0xF3, 0x7F, 0x00, 0x00, 0x00, 0xF8, 0x1E, 0xF3,
    0x7F, 0x00, 0x00, 0x00, 0xF8, 0x1E, 0xF3, 0x7F, 0x00, 0x00, 0x00, 0xF8,
    0x1E, 0xF3, 0x7F, 0x00, 0x00, 0x00, 0xF8, 0x1E, 0xF3, 0x7F, 0x00, 0x00,
    0x00, 0xF8, 0x1E, 0xF3, 0x7F, 0x00, 0x00, 0x00, 0xF8, 0x1E, 0xF3, 0x7F,
    0x00, 0x00, 0x00, 0xF8, 0x1E, 0xF3, 0x7F, 0x00, 0x00, 0x00, 0xF8, 0x1E,
    0xF3, 0x7F, 0x00, 0x00, 0x00, 0xF8, 0x1E, 0xF3, 0x7F, 0x00, 0x00, 0x00,
    0xF8, 0x1E, 0xF3, 0x7F, 0x00, 0x00, 0x00, 0xF8, 0x1E, 0xF3, 0x7F, 0x00,
    0x00, 0x00, 0xF8, 0x1E, 0xF2, 0x7F, 0x00, 0x00, 0x00, 0xF9, 0x1E, 0xE1,
    0x9F, 0x00, 0x00, 0x00, 0xFB, 0x0D, 0xC0, 0xEF, 0x02, 0x00, 0x30, 0xFE,
    0x0B, 0x50, 0xFF, 0x5C, 0x22, 0xD6, 0xFF, 0x04, 0x00, 0xF9, 0xFF, 0xFF,
    0xFF, 0x8F, 0x00, 0x00, 0x70, 0xFD, 0xFF, 0xCE, 0x06, 0x00, 0x00, 0x00,
    0x20, 0x44, 0x02, 0x00, 0x00, 0x41, 0x14, 0x00, 0x00, 0x00, 0x00, 0x42,
    0x14, 0xF2, 0x8F, 0x00, 0x00, 0x00, 0x00, 0xFA, 0x1E, 0xC0, 0xCF, 0x00,
    0x00, 0x00, 0x00, 0xFD, 0x0B, 0x90, 0xEF, 0x02, 0x00, 0x00, 0x30, 0xFF,
    0x07, 0x50, 0xFF, 0x05, 0x00, 0x00, 0x60, 0xFF, 0x04, 0x20, 0xFE, 0x08,
    0x00, 0x00, 0x90, 0xDF, 0x01, 0x00, 0xFC, 0x0C, 0x00, 0x00, 0xD0, 0xBF,
    0x00, 0x00, 0xF8, 0x2E, 0x00, 0x00, 0xF2, 0x7F, 0x00, 0x00, 0xF5, 0x5F,
    0x00, 0x00, 0xF5, 0x3F, 0x00, 0x00, 0xE2, 0x8F, 0x00, 0x00, 0xF9, 0x1D,
    0x00, 0x00, 0xC0, 0xCF, 0x00, 0x00, 0xFC, 0x0A, 0x00, 0x00, 0x80, 0xEF,
    0x02, 0x20, 0xFE, 0x06, 0x00, 0x00, 0x40, 0xFF, 0x05, 0x50, 0xFF, 0x03,
    0x00, 0x00, 0x10, 0xFE, 0x08, 0x80, 0xDF, 0x00, 0x00, 0x00, 0x00, 0xFB,
    0x0C, 0xC0, 0xAF, 0x00, 0x00, 0x00, 0x00, 0xF8, 0x1E, 0xE1, 0x6F, 0x00,
    0x00, 0x00, 0x00, 0xF4, 0x4F, 0xF4, 0x2F, 0x00, 0x00, 0x00, 0x00, 0xE1,
    0x7F, 0xF7, 0x0C, 0x00, 0x00, 0x00, 0x00, 0xB0, 0xAF, 0xFA, 0x09, 0x00,
    0x00, 0x00, 0x00, 0x70, 0xDF, 0xFD, 0x05, 0x00, 0x00, 0x00, 0x00, 0x40,
    0xFF, 0xFF, 0x02, 0x00, 0x00, 0x00, 0x00, 0x10, 0xED, 0xCE, 0x00, 0x00,
    0x00, 0x00, 0x00, 0x00, 0x11, 0x11, 0x00, 0x00, 0x00, 0x41, 0x14, 0x00,
    0x20, 0x44, 0x02, 0x00, 0x41, 0x04, 0xF2, 0x5F, 0x00, 0x70, 0xFF, 0x08,
    0x00, 0xF5, 0x1E, 0xD1, 0x6F, 0x00, 0x90, 0xFF, 0x0A, 0x00, 0xF6, 0x0C,
    0xC0, 0x8F, 0x00, 0xB0, 0xEE, 0x0C, 0x00, 0xF8, 0x0B, 0xB0, 0x9F, 0x00,
    0xD0, 0xDD, 0x0D, 0x00, 0xF9, 0x09, 0x90, 0xBF, 0x00, 0xF1, 0xBB, 0x1F,
    0x00, 0xFB, 0x07, 0x70, 0xCF, 0x00, 0xF2, 0x98, 0x2F, 0x00, 0xFC, 0x06,
    0x60, 0xDF, 0x01, 0xF4, 0x76, 0x4F, 0x10, 0xFD, 0x04, 0x40, 0xEF, 0x02,
    0xF6, 0x54, 0x6F, 0x20, 0xFF, 0x02, 0x20, 0xFF, 0x03, 0xF8, 0x33, 0x7F,
    0x30, 0xEF, 0x01, 0x10, 0xFE, 0x04, 0xFA, 0x21, 0x9F, 0x40, 0xDF, 0x00,
    0x00, 0xFD, 0x05, 0xFC, 0x10, 0xBF, 0x60, 0xBF, 0x00, 0x00, 0xFB, 0x07,
    0xDE, 0x00, 0xDE, 0x70, 0x9F, 0x00, 0x00, 0xFA, 0x18, 0xBF, 0x00, 0xFC,
    0x90, 0x8F, 0x00, 0x00, 0xF8, 0x29, 0x9F, 0x00, 0xFA, 0xA1, 0x6F, 0x00,
    0x00, 0xF6, 0x5A, 0x7F, 0x00, 0xF8, 0xB3, 0x4F, 0x00, 0x00, 0xF4, 0x7C,
    0x5F, 0x00, 0xF7, 0xC6, 0x3F, 0x00, 0x00, 0xF3, 0xAD, 0x3F, 0x00, 0xF5,
    0xD8, 0x1F, 0x00, 0x00, 0xF2, 0xCE, 0x2F, 0x00, 0xF3, 0xEB, 0x0D, 0x00,
    0x00, 0xE1, 0xEF, 0x1E, 0x00, 0xF2, 0xFE, 0x0C, 0x00, 0x00, 0xC0, 0xFF,
    0x0C, 0x00, 0xE1, 0xFF, 0x0A, 0x00, 0x00, 0xA0, 0xEE, 0x0A, 0x00, 0xC0,
    0xEE, 0x08, 0x00, 0x00, 0x10, 0x11, 0x01, 0x00, 0x10, 0x11, 0x00, 0x00,
    0x41, 0x34, 0x00, 0x00, 0x00, 0x00, 0x43, 0x14, 0xD1, 0xFF, 0x02, 0x00,
    0x00, 0x20, 0xFF, 0x0C, 0x40, 0xFF, 0x0A, 0x00, 0x00, 0x90, 0xFF, 0x03,
    0x00, 0xFB, 0x3F, 0x00, 0x00, 0xF3, 0xAF, 0x00, 0x00, 0xF3, 0xAF, 0x00,
    0x00, 0xFA, 0x2E, 0x00, 0x00, 0xA0, 0xFF, 0x03, 0x30, 0xFF, 0x08, 0x00,
    0x00, 0x20, 0xFE, 0x0B, 0xB0, 0xDF, 0x01, 0x00, 0x00, 0x00, 0xF9, 0x3F,
    0xF3, 0x6F, 0x00, 0x00, 0x00, 0x00, 0xE1, 0xBF, 0xFB, 0x0C, 0x00, 0x00,
    0x00, 0x00, 0x70, 0xFF, 0xFF, 0x04, 0x00, 0x00, 0x00, 0x00, 0x10, 0xFD,
    0xAF, 0x00, 0x00, 0x00, 0x00, 0x00, 0x00, 0xFA, 0x9F, 0x00, 0x00, 0x00,
    0x00, 0x00, 0x30, 0xFF, 0xFF, 0x03, 0x00, 0x00, 0x00, 0x00, 0xB0, 0xDF,
    0xFD, 0x0B, 0x00, 0x00, 0x00, 0x00, 0xF5, 0x4F, 0xF7, 0x5F, 0x00, 0x00,
    0x00, 0x10, 0xFD, 0x0C, 0xE1, 0xCF, 0x00, 0x00, 0x00, 0x70, 0xFF, 0x04,
    0x70, 0xFF, 0x06, 0x00, 0x00, 0xE2, 0xBF, 0x00, 0x10, 0xFD, 0x1E, 0x00,
    0x00, 0xF9, 0x3F, 0x00, 0x00, 0xF6, 0x8F, 0x00, 0x30, 0xFF, 0x0A, 0x00,
    0x00, 0xC0, 0xEF, 0x02, 0xB0, 0xFF, 0x02, 0x00, 0x00, 0x50, 0xFF, 0x0A,
    0xE4, 0x8E, 0x00, 0x00, 0x00, 0x00, 0xEB, 0x3E, 0x11, 0x01, 0x00, 0x00,
    0x00, 0x00, 0x10, 0x11, 0x43, 0x04, 0x00, 0x00, 0x00, 0x00, 0x40, 0x24,
    0xF6, 0x6F, 0x00, 0x00, 0x00, 0x00, 0xF6, 0x5F, 0xD0, 0xDF, 0x00, 0x00,
    0x00, 0x00, 0xFD, 0x0C, 0x60, 0xFF, 0x05, 0x00, 0x00, 0x50, 0xFF, 0x05,
    0x10, 0xFD, 0x0C, 0x00, 0x00, 0xC0, 0xCF, 0x00, 0x00, 0xF7, 0x4F, 0x00,
    0x00, 0xF4, 0x5F, 0x00, 0x00, 0xE1, 0xBF, 0x00, 0x00, 0xFB, 0x0D, 0x00,
    0x00, 0x80, 0xFF, 0x03, 0x40, 0xFF, 0x06, 0x00, 0x00, 0x10, 0xFE, 0x0A,
    0xA0, 0xDF, 0x01, 0x00, 0x00, 0x00, 0xF8, 0x2F, 0xF2, 0x7F, 0x00, 0x00,
    0x00, 0x00, 0xE2, 0x8F, 0xF9, 0x1D, 0x00, 0x00, 0x00, 0x00, 0x90, 0xEF,
    0xFE, 0x07, 0x00, 0x00, 0x00, 0x00, 0x20, 0xFF, 0xEF, 0x01, 0x00, 0x00,
    0x00, 0x00, 0x00, 0xF9, 0x8F, 0x00, 0x00, 0x00, 0x00, 0x00, 0x00, 0xF5,
    0x4F, 0x00, 0x00, 0x00, 0x00, 0x00, 0x00, 0xF5, 0x4F, 0x00, 0x00, 0x00,
    0x00, 0x00, 0x00, 0xF5, 0x4F, 0x00, 0x00, 0x00, 0x00, 0x00, 0x00, 0xF5,
    0x4F, 0x00, 0x00, 0x00, 0x00, 0x00, 0x00, 0xF5, 0x4F, 0x00, 0x00, 0x00,
    0x00, 0x00, 0x00, 0xF5, 0x4F, 0x00, 0x00, 0x00, 0x00, 0x00, 0x00, 0xF6,
    0x4F, 0x00, 0x00, 0x00, 0x00, 0x00, 0x00, 0xE5, 0x4E, 0x00, 0x00, 0x00,
    0x00, 0x00, 0x00, 0x10, 0x01, 0x00, 0x00, 0x00, 0x41, 0x44, 0x44, 0x44,
    0x44, 0x44, 0x03, 0xF3, 0xFF, 0xFF, 0xFF, 0xFF, 0xFF, 0x0D, 0xE2, 0xEE,
    0xEE, 0xEE, 0xEE, 0xFE, 0x0D, 0x20, 0x22, 0x22, 0x22, 0x32, 0xFE, 0x0C,
    0x00, 0x00, 0x00, 0x00, 0x80, 0xFF, 0x05, 0x00, 0x00, 0x00, 0x00, 0xF3,
    0xBF, 0x00, 0x00, 0x00, 0x00, 0x00, 0xFB, 0x2E, 0x00, 0x00, 0x00, 0x00,
    0x50, 0xFF, 0x08, 0x00, 0x00, 0x00, 0x00, 0xD1, 0xDF, 0x01, 0x00, 0x00,
    0x00, 0x00, 0xF7, 0x5F, 0x00, 0x00, 0x00, 0x00, 0x20, 0xFE, 0x0B, 0x00,
    0x00, 0x00, 0x00, 0xA0, 0xFF, 0x03, 0x00, 0x00, 0x00, 0x00, 0xF4, 0x9F,
    0x00, 0x00, 0x00, 0x00, 0x00, 0xFC, 0x1E, 0x00, 0x00, 0x00, 0x00, 0x60,
    0xFF, 0x06, 0x00, 0x00, 0x00, 0x00, 0xE1, 0xCF, 0x00, 0x00, 0x00, 0x00,
    0x00, 0xF8, 0x4F, 0x00, 0x00, 0x00, 0x00, 0x30, 0xFF, 0x0A, 0x00, 0x00,
    0x00, 0x00, 0xB0, 0xDF, 0x01, 0x00, 0x00, 0x00, 0x00, 0xF4, 0xAF, 0x54,
    0x55, 0x55, 0x55, 0x15, 0xF5, 0xFF, 0xFF, 0xFF, 0xFF, 0xFF, 0x3F, 0xE4,
    0xEE, 0xEE, 0xEE, 0xEE, 0xEE, 0x3E, 0x10, 0x11, 0x11, 0x11, 0x11, 0x11,
    0x01, 0x11, 0x11, 0x11, 0x01, 0xEB, 0xEE, 0xEE, 0x4E, 0xFC, 0xFF, 0xFF,
    0x5F, 0xFC, 0x5D, 0x55, 0x15, 0xFC, 0x0B, 0x00, 0x00, 0xFC, 0x0C, 0x00,
    0x00, 0xFC, 0x0C, 0x00, 0x00, 0xFC, 0x0C, 0x00, 0x00, 0xFC, 0x0C, 0x00,
    0x00, 0xFC, 0x0C, 0x00, 0x00, 0xFC, 0x0C, 0x00, 0x00, 0xFC, 0x0C, 0x00,
    0x00, 0xFC, 0x0C, 0x00, 0x00, 0xFC, 0x0C, 0x00, 0x00, 0xFC, 0x0C, 0x00,
    0x00, 0xFC, 0x0C, 0x00, 0x00, 0xFC, 0x0C, 0x00, 0x00, 0xFC, 0x0C, 0x00,
    0x00, 0xFC, 0x0C, 0x00, 0x00, 0xFC, 0x0C, 0x00, 0x00, 0xFC, 0x0C, 0x00,
    0x00, 0xFC, 0x0C, 0x00, 0x00, 0xFC, 0x0C, 0x00, 0x00, 0xFC, 0x0C, 0x00,
    0x00, 0xFC, 0x0C, 0x00, 0x00, 0xFC, 0x2C, 0x22, 0x12, 0xFC, 0xEF, 0xEE,
    0x4E, 0xFC, 0xFF, 0xFF, 0x5F, 0x43, 0x44, 0x44, 0x14, 0x11, 0x01, 0x00,
    0x00, 0x00, 0x00, 0x00, 0xE5, 0x5E, 0x00, 0x00, 0x00, 0x00, 0x00, 0xE1,
    0xBF, 0x00, 0x00, 0x00, 0x00, 0x00, 0x90, 0xFF, 0x02, 0x00, 0x00, 0x00,
    0x00, 0x40, 0xFF, 0x08, 0x00, 0x00, 0x00, 0x00, 0x00, 0xFD, 0x0D, 0x00,
    0x00, 0x00, 0x00, 0x00, 0xF7, 0x4F, 0x00, 0x00, 0x00, 0x00, 0x00, 0xF2,
    0x9F, 0x00, 0x00, 0x00, 0x00, 0x00, 0xB0, 0xEF, 0x01, 0x00, 0x00, 0x00,
    0x00, 0x50, 0xFF, 0x06, 0x00, 0x00, 0x00, 0x00, 0x10, 0xFE, 0x0B, 0x00,
    0x00, 0x00, 0x00, 0x00, 0xF9, 0x3F, 0x00, 0x00, 0x00, 0x00, 0x00, 0xF4,
    0x8F, 0x00, 0x00, 0x00, 0x00, 0x00, 0xC0, 0xDF, 0x00, 0x00, 0x00, 0x00,
    0x00, 0x70, 0xFF, 0x04, 0x00, 0x00, 0x00, 0x00, 0x20, 0xFE, 0x0A, 0x00,
    0x00, 0x00, 0x00, 0x00, 0xFB, 0x1E, 0x00, 0x00, 0x00, 0x00, 0x00, 0xF5,
    0x6F, 0x00, 0x00, 0x00, 0x00, 0x00, 0xD1, 0xCF, 0x00, 0x00, 0x00, 0x00,
    0x00, 0x90, 0xFF, 0x03, 0x00, 0x00, 0x00, 0x00, 0x30, 0xFF, 0x08, 0x00,
    0x00, 0x00, 0x00, 0x00, 0xFC, 0x1D, 0x00, 0x00, 0x00, 0x00, 0x00, 0xF7,
    0x5F, 0x00, 0x00, 0x00, 0x00, 0x00, 0xE2, 0xAF, 0x00, 0x00, 0x00, 0x00,
    0x00, 0xA0, 0xEF, 0x02, 0x00, 0x00, 0x00, 0x00, 0x50, 0xFF, 0x07, 0x00,
    0x00, 0x00, 0x00, 0x10, 0xFD, 0x0C, 0x00, 0x00, 0x00, 0x00, 0x00, 0xF8,
    0x4F, 0x00, 0x00, 0x00, 0x00, 0x00, 0x41, 0x24, 0x10, 0x11, 0x11, 0x11,
    0xE6, 0xEE, 0xEE, 0xAE, 0xF6, 0xFF, 0xFF, 0xBF, 0x52, 0x55, 0xD5, 0xAF,
    0x00, 0x00, 0xD0, 0xAF, 0x00, 0x00, 0xD1, 0xAF, 0x00, 0x00, 0xD0, 0xAF,
    0x00, 0x00, 0xD0, 0xAF, 0x00, 0x00, 0xD0, 0xAF, 0x00, 0x00, 0xD0, 0xAF,
    0x00, 0x00, 0xD0, 0xAF, 0x00, 0x00, 0xD0, 0xAF, 0x00, 0x00, 0xD0, 0xAF,
    0x00, 0x00, 0xD0, 0xAF, 0x00, 0x00, 0xD0, 0xAF, 0x00, 0x00, 0xD0, 0xAF,
    0x00, 0x00, 0xD0, 0xAF, 0x00, 0x00, 0xD0, 0xAF, 0x00, 0x00, 0xD0, 0xAF,
    0x00, 0x00, 0xD0, 0xAF, 0x00, 0x00, 0xD0, 0xAF, 0x00, 0x00, 0xD0, 0xAF,
    0x00, 0x00, 0xD0, 0xAF, 0x00, 0x00, 0xD0, 0xAF, 0x00, 0x00, 0xD0, 0xAF,
    0x21, 0x22, 0xD2, 0xAF, 0xE6, 0xEE, 0xFE, 0xAF, 0xF6, 0xFF, 0xFF, 0xBF,
    0x42, 0x44, 0x44, 0x34, 0x00, 0x00, 0x00, 0x22, 0x00, 0x00, 0x00, 0x00,
    0x00, 0x80, 0xFF, 0x07, 0x00, 0x00, 0x00, 0x00, 0xE1, 0xFF, 0x1D, 0x00,
    0x00, 0x00, 0x00, 0xF6, 0xAB, 0x5F, 0x00, 0x00, 0x00, 0x00, 0xFD, 0x44,
    0xCF, 0x00, 0x00, 0x00, 0x50, 0xDF, 0x10, 0xFD, 0x04, 0x00, 0x00, 0xC0,
    0x7F, 0x00, 0xF7, 0x0B, 0x00, 0x00, 0xF4, 0x1E, 0x00, 0xE2, 0x3F, 0x00,
    0x00, 0xFB, 0x09, 0x00, 0x90, 0x9F, 0x00, 0x30, 0xFF, 0x02, 0x00, 0x30,
    0xEF, 0x02, 0x90, 0xAF, 0x00, 0x00, 0x00, 0xFB, 0x08, 0xF2, 0x4F, 0x00,
    0x00, 0x00, 0xF5, 0x1E, 0x42, 0x04, 0x00, 0x00, 0x00, 0x40, 0x14, 0x50,
    0x55, 0x55, 0x55, 0x55, 0x55, 0x55, 0x14, 0xFF, 0xFF, 0xFF, 0xFF, 0xFF,
    0xFF, 0xEF, 0xD1, 0xEE, 0xEE, 0xEE, 0xEE, 0xEE, 0xEE, 0x0C, 0x11, 0x11,
    0x11, 0x11, 0x11, 0x11, 0x11, 0x01, 0x00, 0x00, 0xD8, 0x3C, 0x00, 0xD2,
    0xDF, 0x01, 0x30, 0xFE, 0x0A, 0x00, 0xF5, 0x8F, 0x00, 0x30, 0x44, 0x00,
    0x00, 0x20, 0x44, 0x02, 0x00, 0x00, 0x00, 0x81, 0xFD, 0xFF, 0xDF, 0x07,
    0x00, 0x10, 0xFC, 0xFF, 0xFE, 0xFF, 0xBF, 0x00, 0x90, 0xFF, 0x4A, 0x22,
    0xC5, 0xFF, 0x06, 0xD1, 0xAE, 0x00, 0x00, 0x10, 0xFD, 0x0C, 0x20, 0x12,
    0x00, 0x00, 0x00, 0xFA, 0x1D, 0x00, 0x00, 0x00, 0x00, 0x00, 0xF9, 0x1E,
    0x00, 0x71, 0xBA, 0xBB, 0xBB, 0xFD, 0x1E, 0x40, 0xFD, 0xFF, 0xFF, 0xFF,
    0xFF, 0x1E, 0xE2, 0xEF, 0x47, 0x44, 0x44, 0xFB, 0x1E, 0xF8, 0x5F, 0x00,
    0x00, 0x00, 0xF9, 0x1E, 0xFB, 0x0D, 0x00, 0x00, 0x00, 0xF9, 0x1E, 0xFC,
    0x0D, 0x00, 0x00, 0x00, 0xFB, 0x1E, 0xFA, 0x4F, 0x00, 0x00, 0x50, 0xFF,
    0x1E, 0xF5, 0xEF, 0x36, 0x32, 0xF8, 0xFC, 0x1E, 0xA0, 0xFF, 0xFF, 0xFF,
    0x9F, 0xF8, 0x1E, 0x00, 0xD7, 0xFF, 0xEF, 0x08, 0xE8, 0x1D, 0x00, 0x10,
    0x43, 0x13, 0x00, 0x11, 0x01, 0x40, 0x24, 0x00, 0x00, 0x00, 0x00, 0x00,
    0xF2, 0x8F, 0x00, 0x00, 0x00, 0x00, 0x00, 0xE2, 0x8F, 0x00, 0x00, 0x00,
    0x00, 0x00, 0xE2, 0x8F, 0x00, 0x00, 0x00, 0x00, 0x00, 0xE2, 0x8F, 0x00,
    0x00, 0x00, 0x00, 0x00, 0xE2, 0x8F, 0x00, 0x42, 0x13, 0x00, 0x00, 0xE2,
    0x7F, 0xA1, 0xFE, 0xEF, 0x19, 0x00, 0xE2, 0x7F, 0xFB, 0xFF, 0xFF, 0xBF,
    0x01, 0xF2, 0xDF, 0x6E, 0x22, 0xC5, 0xFF, 0x07, 0xF2, 0xFF, 0x03, 0x00,
    0x10, 0xFD, 0x0C, 0xE2, 0xAF, 0x00, 0x00, 0x00, 0xF9, 0x2E, 0xE2, 0x8F,
    0x00, 0x00, 0x00, 0xF7, 0x2F, 0xE2, 0x8F, 0x00, 0x00, 0x00, 0xF7, 0x2F,
    0xE2, 0x8F, 0x00, 0x00, 0x00, 0xF7, 0x2F, 0xE2, 0x8F, 0x00, 0x00, 0x00,
    0xF7, 0x2F, 0xE2, 0x8F, 0x00, 0x00, 0x00, 0xF7, 0x2F, 0xE2, 0x8F, 0x00,
    0x00, 0x00, 0xF7, 0x2F, 0xE2, 0xAF, 0x00, 0x00, 0x00, 0xF9, 0x2E, 0xF2,
    0xFF, 0x03, 0x00, 0x10, 0xFD, 0x0C, 0xE2, 0xDF, 0x6E, 0x22, 0xC5, 0xFF,
    0x07, 0xF2, 0x8F, 0xFB, 0xFF, 0xFF, 0xCF, 0x01, 0xD2, 0x7E, 0xA1, 0xFF,
    0xEF, 0x19, 0x00, 0x10, 0x11, 0x00, 0x42, 0x13, 0x00, 0x00, 0x00, 0x00,
    0x20, 0x44, 0x03, 0x00, 0x00, 0x00, 0x50, 0xEC, 0xFF, 0xDF, 0x18, 0x00,
    0x00, 0xF8, 0xFF, 0xEF, 0xFF, 0xCF, 0x01, 0x50, 0xFF, 0x6D, 0x23, 0xB4,
    0xFF, 0x0A, 0xC0, 0xEF, 0x02, 0x00, 0x00, 0xFB, 0x2F, 0xE2, 0x9F, 0x00,
    0x00, 0x00, 0xF5, 0x6F, 0xF3, 0x6F, 0x00, 0x00, 0x00, 0x41, 0x24, 0xF3,
    0x6F, 0x00, 0x00, 0x00, 0x00, 0x00, 0xF3, 0x6F, 0x00, 0x00, 0x00, 0x00,
    0x00, 0xF3, 0x6F, 0x00, 0x00, 0x00, 0x00, 0x00, 0xF3, 0x6F, 0x00, 0x00,
    0x00, 0x00, 0x00, 0xF3, 0x6F, 0x00, 0x00, 0x00, 0x41, 0x24, 0xE2, 0x9F,
    0x00, 0x00, 0x00, 0xF5, 0x6F, 0xC0, 0xEF, 0x02, 0x00, 0x00, 0xFB, 0x2F,
    0x50, 0xFF, 0x6D, 0x23, 0xB4, 0xFF, 0x0A, 0x00, 0xF8, 0xFF, 0xEF, 0xFF,
    0xCF, 0x01, 0x00, 0x50, 0xEC, 0xFF, 0xDF, 0x18, 0x00, 0x00, 0x00, 0x20,
    0x44, 0x03, 0x00, 0x00, 0x00, 0x00, 0x00, 0x00, 0x00, 0x42, 0x03, 0x00,
    0x00, 0x00, 0x00, 0x00, 0xFA, 0x1E, 0x00, 0x00, 0x00, 0x00, 0x00, 0xF9,
    0x1D, 0x00, 0x00, 0x00, 0x00, 0x00, 0xF9, 0x1E, 0x00, 0x00, 0x00, 0x00,
    0x00, 0xF9, 0x1E, 0x00, 0x00, 0x42, 0x24, 0x00, 0xF9, 0x1E, 0x00, 0xA1,
    0xFE, 0xEF, 0x09, 0xF9, 0x1E, 0x10, 0xFC, 0xFF, 0xFF, 0xAF, 0xF8, 0x1E,
    0x80, 0xFF, 0x4B, 0x22, 0xE6, 0xFD, 0x1E, 0xD1, 0xCF, 0x00, 0x00, 0x40,
    0xFF, 0x1E, 0xF3, 0x7F, 0x00, 0x00, 0x00, 0xFC, 0x1E, 0xF4, 0x6F, 0x00,
    0x00, 0x00, 0xFA, 0x1E, 0xF4, 0x6F, 0x00, 0x00, 0x00, 0xF9, 0x1E, 0xF4,
    0x6F, 0x00, 0x00, 0x00, 0xF9, 0x1E, 0xF4, 0x6F, 0x00, 0x00, 0x00, 0xF9,
    0x1E, 0xF4, 0x6F, 0x00, 0x00, 0x00, 0xF9, 0x1E, 0xF4, 0x6F, 0x00, 0x00,
    0x00, 0xFA, 0x1E, 0xF3, 0x7F, 0x00, 0x00, 0x00, 0xFC, 0x1E, 0xD1, 0xCF,
    0x00, 0x00, 0x40, 0xFF, 0x1E, 0x80, 0xFF, 0x4B, 0x22, 0xE6, 0xFD, 0x1E,
    0x10, 0xFC, 0xFF, 0xFF, 0xAF, 0xF9, 0x1E, 0x00, 0xA1, 0xFE, 0xEF, 0x19,
    0xE8, 0x1D, 0x00, 0x00, 0x42, 0x24, 0x00, 0x11, 0x01, 0x00, 0x00, 0x20,
    0x44, 0x02, 0x00, 0x00, 0x00, 0x60, 0xFC, 0xFF, 0xCE, 0x05, 0x00, 0x00,
    0xF9, 0xFF, 0xEE, 0xFF, 0x8F, 0x00, 0x60, 0xFF, 0x4B, 0x11, 0xC4, 0xFF,
    0x05, 0xD0, 0xCF, 0x00, 0x00, 0x10, 0xFD, 0x0C, 0xF3, 0x6F, 0x10, 0x00,
    0x01, 0xF8, 0x2E, 0xF4, 0x3F, 0x00, 0x00, 0x00, 0xF5, 0x3F, 0xF5, 0x6F,
    0x44, 0x44, 0x44, 0xF8, 0x3F, 0xF5, 0xFF, 0xFF, 0xFF, 0xFF, 0xFF, 0x4F,
    0xF5, 0xCF, 0xBB, 0xBB, 0xBB, 0xBB, 0x3B, 0xF5, 0x3F, 0x00, 0x00, 0x00,
    0x00, 0x00, 0xF4, 0x4F, 0x00, 0x00, 0x00, 0x00, 0x00, 0xF3, 0x6F, 0x00,
    0x00, 0x00, 0x21, 0x02, 0xD0, 0xDF, 0x01, 0x00, 0x00, 0xFB, 0x1D, 0x60,
    0xFF, 0x5C, 0x22, 0xB4, 0xFF, 0x09, 0x00, 0xF9, 0xFF, 0xFF, 0xFF, 0xBF,
    0x01, 0x00, 0x60, 0xFC, 0xFF, 0xCF, 0x07, 0x00, 0x00, 0x00, 0x20, 0x44,
    0x02, 0x00, 0x00, 0x00, 0x00, 0x00, 0x00, 0x42, 0x44, 0x44, 0x02, 0x00,
    0x00, 0x20, 0xEA, 0xFF, 0xFF, 0xAF, 0x00, 0x00, 0x10, 0xFC, 0xFF, 0xEE,
    0xEE, 0x09, 0x00, 0x00, 0xF5, 0x9F, 0x22, 0x22, 0x12, 0x00, 0x00, 0x80,
    0xFF, 0x02, 0x00, 0x00, 0x00, 0x00, 0x00, 0xF8, 0x2E, 0x00, 0x00, 0x00,
    0x00, 0x00, 0x80, 0xEF, 0x02, 0x00, 0x00, 0x00, 0x00, 0x00, 0xF7, 0x1E,
    0x00, 0x00, 0x00, 0xB2, 0xBB, 0xDB, 0xFF, 0xBB, 0xBB, 0xBB, 0x37, 0xFF,
    0xFF, 0xFF, 0xFF, 0xFF, 0xFF, 0xAF, 0x82, 0x88, 0xC8, 0xFF, 0x89, 0x88,
    0x88, 0x05, 0x00, 0x00, 0xF7, 0x1E, 0x00, 0x00, 0x00, 0x00, 0x00, 0x80,
    0xEF, 0x02, 0x00, 0x00, 0x00, 0x00, 0x00, 0xF8, 0x2E, 0x00, 0x00, 0x00,
    0x00, 0x00, 0x80, 0xEF, 0x02, 0x00, 0x00, 0x00, 0x00, 0x00, 0xF8, 0x2E,
    0x00, 0x00, 0x00, 0x00, 0x00, 0x80, 0xEF, 0x02, 0x00, 0x00, 0x00, 0x00,
    0x00, 0xF8, 0x2E, 0x00, 0x00, 0x00, 0x00, 0x00, 0x80, 0xEF, 0x02, 0x00,
    0x00, 0x00, 0x00, 0x00, 0xF8, 0x2E, 0x00, 0x00, 0x00, 0x00, 0x00, 0x80,
    0xFF, 0x02, 0x00, 0x00, 0x00, 0x00, 0x00, 0xE7, 0x2D, 0x00, 0x00, 0x00,
    0x00, 0x00, 0x00, 0x11, 0x00, 0x00, 0x00, 0x00, 0x00, 0x00, 0x31, 0x24,
    0x00, 0x11, 0x01, 0x00, 0x91, 0xFE, 0xEF, 0x1A, 0xE8, 0x1C, 0x10, 0xFC,
    0xFF, 0xFF, 0xAF, 0xF9, 0x1E, 0x80, 0xFF, 0x5C, 0x22, 0xE6, 0xFD, 0x1D,
    0xD0, 0xDF, 0x01, 0x00, 0x40, 0xFF, 0x1D, 0xF2, 0x8F, 0x00, 0x00, 0x00,
    0xFC, 0x1D, 0xF3, 0x6F, 0x00, 0x00, 0x00, 0xFA, 0x1D, 0xF3, 0x6F, 0x00,
    0x00, 0x00, 0xF9, 0x1D, 0xF3, 0x6F, 0x00, 0x00, 0x00, 0xF9, 0x1D, 0xF3,
    0x6F, 0x00, 0x00, 0x00, 0xF9, 0x1D, 0xF3, 0x6F, 0x00, 0x00, 0x00, 0xFA,
    0x1D, 0xE2, 0x9F, 0x00, 0x00, 0x00, 0xFD, 0x1D, 0xC0, 0xEF, 0x03, 0x00,
    0x70, 0xFF, 0x1D, 0x60, 0xFF, 0x8E, 0x65, 0xFA, 0xFC, 0x1D, 0x00, 0xFA,
    0xFF, 0xFF, 0x8F, 0xF9, 0x1D, 0x00, 0x60, 0xDB, 0xCE, 0x07, 0xFA, 0x1D,
    0x00, 0x00, 0x10, 0x01, 0x00, 0xFA, 0x1D, 0x00, 0x00, 0x00, 0x00, 0x01,
    0xFA, 0x0D, 0x00, 0x00, 0x00, 0x00, 0x10, 0xFE, 0x0C, 0x00, 0x20, 0x22,
    0x22, 0xC4, 0xFF, 0x06, 0x00, 0xE2, 0xEE, 0xEE, 0xFF, 0xBF, 0x00, 0x00,
    0xF2, 0xFF, 0xFF, 0xDF, 0x08, 0x00, 0x00, 0x40, 0x44, 0x44, 0x13, 0x00,
    0x00, 0x40, 0x24, 0x00, 0x00, 0x00, 0x00, 0x00, 0xF2, 0x8F, 0x00, 0x00,
    0x00, 0x00, 0x00, 0xE2, 0x8F, 0x00, 0x00, 0x00, 0x00, 0x00, 0xE2, 0x8F,
    0x00, 0x00, 0x00, 0x00, 0x00, 0xE2, 0x8F, 0x00, 0x00, 0x00, 0x00, 0x00,
    0xE2, 0x8F, 0x00, 0x42, 0x13, 0x00, 0x00, 0xE2, 0x7F, 0xA1, 0xFF, 0xEF,
    0x19, 0x00, 0xE2, 0x8F, 0xFB, 0xFF, 0xFF, 0xCF, 0x01, 0xF2, 0xCF, 0x6E,
    0x22, 0xD6, 0xFF, 0x07, 0xF2, 0xFF, 0x03, 0x00, 0x30, 0xFE, 0x0C, 0xE2,
    0xBF, 0x00, 0x00, 0x00, 0xFB, 0x1E, 0xE2, 0x8F, 0x00, 0x00, 0x00, 0xF9,
    0x1E, 0xE2, 0x8F, 0x00, 0x00, 0x00, 0xF8, 0x1E, 0xE2, 0x8F, 0x00, 0x00,
    0x00, 0xF8, 0x1E, 0xE2, 0x8F, 0x00, 0x00, 0x00, 0xF8, 0x1E, 0xE2, 0x8F,
    0x00, 0x00, 0x00, 0xF8, 0x1E, 0xE2, 0x8F, 0x00, 0x00, 0x00, 0xF8, 0x1E,
    0xE2, 0x8F, 0x00, 0x00, 0x00, 0xF8, 0x1E, 0xE2, 0x8F, 0x00, 0x00, 0x00,
    0xF8, 0x1E, 0xE2, 0x8F, 0x00, 0x00, 0x00, 0xF8, 0x1E, 0xF2, 0x8F, 0x00,
    0x00, 0x00, 0xF9, 0x1E, 0xD2, 0x7E, 0x00, 0x00, 0x00, 0xE8, 0x1D, 0x10,
    0x11, 0x00, 0x00, 0x00, 0x11, 0x01, 0x00, 0x00, 0x00, 0x75, 0x04, 0x00,
    0x00, 0x00, 0x00, 0x00, 0xF6, 0xFF, 0x04, 0x00, 0x00, 0x00, 0x00, 0xA0,
    0xEF, 0x7F, 0x00, 0x00, 0x00, 0x00, 0x00, 0xE5, 0xDF, 0x02, 0x00, 0x00,
    0x00, 0x00, 0x00, 0x42, 0x01, 0x00, 0x00, 0x00, 0x00, 0x00, 0x00, 0x00,
    0x00, 0x00, 0x00, 0x10, 0x11, 0x11, 0x11, 0x01, 0x00, 0x00, 0x00, 0xEA,
    0xEE, 0xEE, 0xDE, 0x01, 0x00, 0x00, 0xB0, 0xFF, 0xFF, 0xFF, 0x1E, 0x00,
    0x00, 0x00, 0x53, 0x55, 0xB5, 0xEF, 0x01, 0x00, 0x00, 0x00, 0x00, 0x00,
    0xF9, 0x1E, 0x00, 0x00, 0x00, 0x00, 0x00, 0x90, 0xEF, 0x01, 0x00, 0x00,
    0x00, 0x00, 0x00, 0xF9, 0x1E, 0x00, 0x00, 0x00, 0x00, 0x00, 0x90, 0xEF,
    0x01, 0x00, 0x00, 0x00, 0x00, 0x00, 0xF9, 0x1E, 0x00, 0x00, 0x00, 0x00,
    0x00, 0x90, 0xEF, 0x01, 0x00, 0x00, 0x00, 0x00, 0x00, 0xF9, 0x1E, 0x00,
    0x00, 0x00, 0x00, 0x00, 0x90, 0xEF, 0x01, 0x00, 0x00, 0x00, 0x00, 0x00,
    0xF9, 0x1E, 0x00, 0x00, 0x00, 0x00, 0x00, 0x90, 0xEF, 0x00, 0x00, 0x00,
    0x51, 0x55, 0x55, 0xFB, 0x5E, 0x55, 0x55, 0x52, 0xFF, 0xFF, 0xFF, 0xFF,
    0xFF, 0xFF, 0x6F, 0xE4, 0xEE, 0xEE, 0xEE, 0xEE, 0xEE, 0xEE, 0x05, 0x11,
    0x11, 0x11, 0x11, 0x11, 0x11, 0x01, 0x00, 0x00, 0x00, 0x00, 0x76, 0x03,
    0x00, 0x00, 0x00, 0x80, 0xFF, 0x2E, 0x00, 0x00, 0x00, 0xC0, 0xEF, 0x5F,
    0x00, 0x00, 0x00, 0x60, 0xFF, 0x1C, 0x00, 0x00, 0x00, 0x00, 0x42, 0x01,
    0x00, 0x00, 0x00, 0x00, 0x00, 0x00, 0x10, 0x11, 0x11, 0x11, 0x11, 0x01,
    0xE4, 0xEE, 0xEE, 0xEE, 0xEE, 0x0C, 0xF5, 0xFF, 0xFF, 0xFF, 0xFF, 0x0D,
    0x51, 0x55, 0x55, 0x55, 0xFC, 0x0C, 0x00, 0x00, 0x00, 0x00, 0xFB, 0x0C,
    0x00, 0x00, 0x00, 0x00, 0xFB, 0x0C, 0x00, 0x00, 0x00, 0x00, 0xFB, 0x0C,
    0x00, 0x00, 0x00, 0x00, 0xFB, 0x0C, 0x00, 0x00, 0x00, 0x00, 0xFB, 0x0C,
    0x00, 0x00, 0x00, 0x00, 0xFB, 0x0C, 0x00, 0x00, 0x00, 0x00, 0xFB, 0x0C,
    0x00, 0x00, 0x00, 0x00, 0xFB, 0x0C, 0x00, 0x00, 0x00, 0x00, 0xFB, 0x0C,
    0x00, 0x00, 0x00, 0x00, 0xFB, 0x0C, 0x00, 0x00, 0x00, 0x00, 0xFB, 0x0C,
    0x00, 0x00, 0x00, 0x00, 0xFB, 0x0C, 0x00, 0x00, 0x00, 0x00, 0xFB, 0x0C,
    0x00, 0x00, 0x00, 0x00, 0xFD, 0x0B, 0x00, 0x00, 0x00, 0x70, 0xFF, 0x07,
    0x20, 0x22, 0x32, 0xF8, 0xEF, 0x01, 0xE2, 0xEE, 0xFE, 0xFF, 0x4E, 0x00,
    0xF3, 0xFF, 0xFF, 0xAE, 0x02, 0x00, 0x41, 0x44, 0x34, 0x01, 0x00, 0x00,
    0x30, 0x34, 0x00, 0x00, 0x00, 0x00, 0x00, 0x10, 0xFE, 0x0A, 0x00, 0x00,
    0x00, 0x00, 0x00, 0xD1, 0xAF, 0x00, 0x00, 0x00, 0x00, 0x00, 0x10, 0xFD,
    0x0A, 0x00, 0x00, 0x00, 0x00, 0x00, 0xD1, 0xAF, 0x00, 0x00, 0x00, 0x00,
    0x00, 0x10, 0xFD, 0x0A, 0x00, 0x00, 0x00, 0x11, 0x01, 0xD1, 0xAF, 0x00,
    0x00, 0x00, 0xD3, 0xBE, 0x10, 0xFD, 0x0A, 0x00, 0x00, 0xC0, 0xFF, 0x03,
    0xD1, 0xAF, 0x00, 0x00, 0x70, 0xFF, 0x08, 0x10, 0xFD, 0x0A, 0x00, 0x30,
    0xFF, 0x0C, 0x00, 0xD1, 0xAF, 0x00, 0x00, 0xFC, 0x3F, 0x00, 0x10, 0xFD,
    0x0A, 0x00, 0xF7, 0x8F, 0x00, 0x00, 0xD1, 0xCF, 0x55, 0xF6, 0xCF, 0x00,
    0x00, 0x10, 0xFD, 0xFF, 0xFF, 0xFF, 0x03, 0x00, 0x00, 0xD1, 0xFF, 0xEE,
    0xFE, 0x8F, 0x00, 0x00, 0x10, 0xFD, 0x1A, 0x21, 0xFD, 0x3F, 0x00, 0x00,
    0xD1, 0xAF, 0x00, 0x40, 0xFF, 0x0C, 0x00, 0x10, 0xFD, 0x0A, 0x00, 0x90,
    0xFF, 0x08, 0x00, 0xD1, 0xAF, 0x00, 0x00, 0xD1, 0xFF, 0x03, 0x10, 0xFD,
    0x0A, 0x00, 0x00, 0xF4, 0xCF, 0x00, 0xD1, 0xAF, 0x00, 0x00, 0x00, 0xF9,
    0x7F, 0x10, 0xEC, 0x09, 0x00, 0x00, 0x10, 0xEC, 0x2E, 0x10, 0x11, 0x00,
    0x00, 0x00, 0x00, 0x11, 0x01, 0x43, 0x44, 0x44, 0x44, 0x01, 0x00, 0x00,
    0x00, 0xFD, 0xFF, 0xFF, 0xFF, 0x04, 0x00, 0x00, 0x00, 0xEC, 0xEE, 0xFE,
    0xFF, 0x04, 0x00, 0x00, 0x00, 0x22, 0x22, 0x72, 0xFF, 0x04, 0x00, 0x00,
    0x00, 0x00, 0x00, 0x50, 0xFF, 0x04, 0x00, 0x00, 0x00, 0x00, 0x00, 0x60,
    0xFF, 0x04, 0x00, 0x00, 0x00, 0x00, 0x00, 0x60, 0xFF, 0x04, 0x00, 0x00,
    0x00, 0x00, 0x00, 0x60, 0xFF, 0x04, 0x00, 0x00, 0x00, 0x00, 0x00, 0x60,
    0xFF, 0x04, 0x00, 0x00, 0x00, 0x00, 0x00, 0x60, 0xFF, 0x04, 0x00, 0x00,
    0x00, 0x00, 0x00, 0x60, 0xFF, 0x04, 0x00, 0x00, 0x00, 0x00, 0x00, 0x60,
    0xFF, 0x04, 0x00, 0x00, 0x00, 0x00, 0x00, 0x60, 0xFF, 0x04, 0x00, 0x00,
    0x00, 0x00, 0x00, 0x60, 0xFF, 0x04, 0x00, 0x00, 0x00, 0x00, 0x00, 0x60,
    0xFF, 0x04, 0x00, 0x00, 0x00, 0x00, 0x00, 0x60, 0xFF, 0x04, 0x00, 0x00,
    0x00, 0x00, 0x00, 0x60, 0xFF, 0x04, 0x00, 0x00, 0x00, 0x00, 0x00, 0x60,
    0xFF, 0x04, 0x00, 0x00, 0x00, 0x00, 0x00, 0x40, 0xFF, 0x07, 0x00, 0x00,
    0x00, 0x00, 0x00, 0x10, 0xFE, 0x7E, 0x55, 0x55, 0x15, 0x00, 0x00, 0x00,
    0xF5, 0xFF, 0xFF, 0xFF, 0x4F, 0x00, 0x00, 0x00, 0x40, 0xDB, 0xEE, 0xEE,
    0x3E, 0x00, 0x00, 0x00, 0x00, 0x10, 0x11, 0x11, 0x01, 0x10, 0x01, 0x30,
    0x03, 0x00, 0x42, 0x02, 0x10, 0xED, 0xB4, 0xFF, 0x1B, 0xF6, 0xFF, 0x08,
    0xE1, 0xCF, 0xCD, 0xFF, 0xEA, 0xDC, 0xFF, 0x15, 0xFE, 0x0B, 0x80, 0xFF,
    0x06, 0xC1, 0xBF, 0xE1, 0x6F, 0x00, 0xF2, 0x1E, 0x00, 0xF8, 0x1C, 0xFE,
    0x06, 0x20, 0xEF, 0x01, 0x80, 0xDF, 0xE1, 0x6F, 0x00, 0xF2, 0x1E, 0x00,
    0xF8, 0x1D, 0xFE, 0x06, 0x20, 0xEF, 0x01, 0x80, 0xDF, 0xE1, 0x6F, 0x00,
    0xF2, 0x1E, 0x00, 0xF8, 0x1D, 0xFE, 0x06, 0x20, 0xEF, 0x01, 0x80, 0xDF,
    0xE1, 0x6F, 0x00, 0xF2, 0x1E, 0x00, 0xF8, 0x1D, 0xFE, 0x06, 0x20, 0xEF,
    0x01, 0x80, 0xDF, 0xE1, 0x6F, 0x00, 0xF2, 0x1E, 0x00, 0xF8, 0x1D, 0xFE,
    0x06, 0x20, 0xEF, 0x01, 0x80, 0xDF, 0xE1, 0x6F, 0x00, 0xF2, 0x1E, 0x00,
    0xF8, 0x1D, 0xFE, 0x06, 0x20, 0xEF, 0x01, 0x80, 0xDF, 0xD1, 0x6E, 0x00,
    0xE2, 0x1D, 0x00, 0xE7, 0x0C, 0x11, 0x00, 0x00, 0x11, 0x00, 0x10, 0x11,
    0x10, 0x11, 0x00, 0x42, 0x13, 0x00, 0x00, 0xD2, 0x7E, 0xA1, 0xFF, 0xEF,
    0x19, 0x00, 0xF2, 0x8F, 0xFB, 0xFF, 0xFF, 0xCF, 0x01, 0xE2, 0xCF, 0x6E,
    0x22, 0xD6, 0xFF, 0x07, 0xF2, 0xFF, 0x03, 0x00, 0x30, 0xFE, 0x0C, 0xE2,
    0xBF, 0x00, 0x00, 0x00, 0xFB, 0x1E, 0xE2, 0x8F, 0x00, 0x00, 0x00, 0xF9,
    0x1E, 0xE2, 0x8F, 0x00, 0x00, 0x00, 0xF8, 0x1E, 0xE2, 0x8F, 0x00, 0x00,
    0x00, 0xF8, 0x1E, 0xE2, 0x8F, 0x00, 0x00, 0x00, 0xF8, 0x1E, 0xE2, 0x8F,
    0x00, 0x00, 0x00, 0xF8, 0x1E, 0xE2, 0x8F, 0x00, 0x00, 0x00, 0xF8, 0x1E,
    0xE2, 0x8F, 0x00, 0x00, 0x00, 0xF8, 0x1E, 0xE2, 0x8F, 0x00, 0x00, 0x00,
    0xF8, 0x1E, 0xE2, 0x8F, 0x00, 0x00, 0x00, 0xF8, 0x1E, 0xF2, 0x8F, 0x00,
    0x00, 0x00, 0xF9, 0x1E, 0xD2, 0x7E, 0x00, 0x00, 0x00, 0xE8, 0x1D, 0x10,
    0x11, 0x00, 0x00, 0x00, 0x11, 0x01, 0x00, 0x00, 0x20, 0x44, 0x02, 0x00,
    0x00, 0x00, 0x60, 0xFC, 0xFF, 0xCE, 0x06, 0x00, 0x00, 0xFA, 0xFF, 0xFF,
    0xFF, 0x8F, 0x00, 0x70, 0xFF, 0x5C, 0x22, 0xD5, 0xFF, 0x05, 0xD0, 0xDF,
    0x01, 0x00, 0x20, 0xFE, 0x0C, 0xF3, 0x7F, 0x00, 0x00, 0x00, 0xF8, 0x2E,
    0xF4, 0x5F, 0x00, 0x00, 0x00, 0xF6, 0x3F, 0xF5, 0x5F, 0x00, 0x00, 0x00,
    0xF6, 0x3F, 0xF5, 0x5F, 0x00, 0x00, 0x00, 0xF6, 0x3F, 0xF5, 0x5F, 0x00,
    0x00, 0x00, 0xF6, 0x3F, 0xF5, 0x5F, 0x00, 0x00, 0x00, 0xF6, 0x3F, 0xF4,
    0x5F, 0x00, 0x00, 0x00, 0xF6, 0x3F, 0xF3, 0x7F, 0x00, 0x00, 0x00, 0xF8,
    0x2E, 0xD0, 0xDF, 0x01, 0x00, 0x20, 0xFE, 0x0C, 0x60, 0xFF, 0x5C, 0x22,
    0xD5, 0xFF, 0x05, 0x00, 0xF9, 0xFF, 0xFF, 0xFF, 0x8F, 0x00, 0x00, 0x60,
    0xFC, 0xFF, 0xCE, 0x05, 0x00, 0x00, 0x00, 0x20, 0x44, 0x02, 0x00, 0x00,
    0x10, 0x11, 0x00, 0x42, 0x13, 0x00, 0x00, 0xD2, 0x7E, 0xA1, 0xFE, 0xEF,
    0x19, 0x00, 0xF2, 0x8F, 0xFB, 0xFF, 0xFF, 0xCF, 0x01, 0xE2, 0xDF, 0x6E,
    0x22, 0xC5, 0xFF, 0x07, 0xF2, 0xFF, 0x03, 0x00, 0x10, 0xFD, 0x0C, 0xE2,
    0xAF, 0x00, 0x00, 0x00, 0xF9, 0x2E, 0xE2, 0x8F, 0x00, 0x00, 0x00, 0xF7,
    0x2F, 0xE2, 0x8F, 0x00, 0x00, 0x00, 0xF7, 0x2F, 0xE2, 0x8F, 0x00, 0x00,
    0x00, 0xF7, 0x2F, 0xE2, 0x8F, 0x00, 0x00, 0x00, 0xF7, 0x2F, 0xE2, 0x8F,
    0x00, 0x00, 0x00, 0xF7, 0x2F, 0xE2, 0x8F, 0x00, 0x00, 0x00, 0xF7, 0x2F,
    0xE2, 0xBF, 0x00, 0x00, 0x00, 0xF9, 0x2E, 0xF2, 0xFF, 0x03, 0x00, 0x10,
    0xFD, 0x0C, 0xF2, 0xCF, 0x6E, 0x22, 0xC5, 0xFF, 0x07, 0xE2, 0x7F, 0xFB,
    0xFF, 0xFF, 0xBF, 0x01, 0xE2, 0x7F, 0xA1, 0xFE, 0xEF, 0x19, 0x00, 0xE2,
    0x8F, 0x00, 0x42, 0x13, 0x00, 0x00, 0xE2, 0x8F, 0x00, 0x00, 0x00, 0x00,
    0x00, 0xE2, 0x8F, 0x00, 0x00, 0x00, 0x00, 0x00, 0xE2, 0x8F, 0x00, 0x00,
    0x00, 0x00, 0x00, 0xF2, 0x8F, 0x00, 0x00, 0x00, 0x00, 0x00, 0x40, 0x24,
    0x00, 0x00, 0x00, 0x00, 0x00, 0x00, 0x00, 0x42, 0x24, 0x00, 0x11, 0x01,
    0x00, 0xA1, 0xFE, 0xEF, 0x09, 0xE8, 0x1D, 0x10, 0xFC, 0xFF, 0xFF, 0xAF,
    0xF9, 0x1E, 0x90, 0xFF, 0x4B, 0x22, 0xE6, 0xFD, 0x1E, 0xD1, 0xCF, 0x00,
    0x00, 0x40, 0xFF, 0x1E, 0xF3, 0x7F, 0x00, 0x00, 0x00, 0xFC, 0x1E, 0xF4,
    0x6F, 0x00, 0x00, 0x00, 0xFA, 0x1E, 0xF4, 0x6F, 0x00, 0x00, 0x00, 0xF9,
    0x1E, 0xF4, 0x6F, 0x00, 0x00, 0x00, 0xF9, 0x1E, 0xF4, 0x6F, 0x00, 0x00,
    0x00, 0xF9, 0x1E, 0xF4, 0x6F, 0x00, 0x00, 0x00, 0xF9, 0x1E, 0xF4, 0x6F,
    0x00, 0x00, 0x00, 0xFA, 0x1E, 0xF3, 0x7F, 0x00, 0x00, 0x00, 0xFC, 0x1E,
    0xD1, 0xCF, 0x00, 0x00, 0x40, 0xFF, 0x1E, 0x80, 0xFF, 0x4B, 0x22, 0xE6,
    0xFC, 0x1E, 0x10, 0xFD, 0xFF, 0xFF, 0xAF, 0xF8, 0x1E, 0x00, 0xA1, 0xFE,
    0xEF, 0x09, 0xF9, 0x1E, 0x00, 0x00, 0x42, 0x24, 0x00, 0xF9, 0x1E, 0x00,
    0x00, 0x00, 0x00, 0x00, 0xF9, 0x1E, 0x00, 0x00, 0x00, 0x00, 0x00, 0xF9,
    0x1E, 0x00, 0x00, 0x00, 0x00, 0x00, 0xF9, 0x1D, 0x00, 0x00, 0x00, 0x00,
    0x00, 0xFA, 0x1E, 0x00, 0x00, 0x00, 0x00, 0x00, 0x42, 0x03, 0x10, 0x01,
    0x00, 0x43, 0x03, 0x00, 0x70, 0xEE, 0x41, 0xFD, 0xFF, 0x6D, 0x00, 0xF8,
    0x6E, 0xFF, 0xFE, 0xFF, 0x7F, 0x70, 0xEF, 0xAD, 0x23, 0x73, 0xFE, 0x2F,
    0xF8, 0xBF, 0x00, 0x00, 0x70, 0xFF, 0x86, 0xFF, 0x04, 0x00, 0x00, 0xE2,
    0x8F, 0xF8, 0x2F, 0x00, 0x00, 0x10, 0xFE, 0x89, 0xEF, 0x02, 0x00, 0x00,
    0xC1, 0x8D, 0xF8, 0x2E, 0x00, 0x00, 0x00, 0x00, 0x80, 0xEF, 0x02, 0x00,
    0x00, 0x00, 0x00, 0xF8, 0x2E, 0x00, 0x00, 0x00, 0x00, 0x80, 0xEF, 0x02,
    0x00, 0x00, 0x00, 0x00, 0xF8, 0x2E, 0x00, 0x00, 0x00, 0x00, 0x80, 0xEF,
    0x02, 0x00, 0x00, 0x00, 0x00, 0xF7, 0x2E, 0x00, 0x00, 0x00, 0x00, 0x80,
    0xFF, 0x02, 0x00, 0x00, 0x00, 0x00, 0xE7, 0x2E, 0x00, 0x00, 0x00, 0x00,
    0x00, 0x11, 0x00, 0x00, 0x00, 0x00, 0x00, 0x00, 0x00, 0x32, 0x44, 0x13,
    0x00, 0x00, 0x00, 0xB3, 0xFE, 0xFF, 0xEF, 0x19, 0x00, 0x30, 0xFE, 0xFF,
    0xEE, 0xFF, 0xDF, 0x01, 0xB0, 0xFF, 0x38, 0x22, 0x93, 0xFF, 0x09, 0xE1,
    0xAF, 0x00, 0x00, 0x00, 0xEB, 0x0C, 0xE2, 0x7F, 0x10, 0x00, 0x00, 0x10,
    0x01, 0xD1, 0xBF, 0x01, 0x00, 0x00, 0x00, 0x00, 0x90, 0xFF, 0xAD, 0x68,
    0x24, 0x00, 0x00, 0x10, 0xFB, 0xFF, 0xFF, 0xEF, 0x5C, 0x00, 0x00, 0x50,
    0xA8, 0xEC, 0xFF, 0xFF, 0x05, 0x00, 0x00, 0x00, 0x10, 0x63, 0xFE, 0x0C,
    0x00, 0x00, 0x00, 0x00, 0x00, 0xF8, 0x2E, 0x62, 0x26, 0x00, 0x00, 0x01,
    0xF5, 0x3F, 0xF4, 0x8F, 0x00, 0x00, 0x00, 0xF9, 0x2F, 0xD1, 0xEF, 0x37,
    0x22, 0x83, 0xFF, 0x0C, 0x50, 0xFF, 0xFF, 0xEE, 0xFF, 0xFF, 0x04, 0x00,
    0xB4, 0xFE, 0xFF, 0xEF, 0x3B, 0x00, 0x00, 0x00, 0x32, 0x44, 0x23, 0x00,
    0x00, 0x00, 0x00, 0x60, 0x68, 0x00, 0x00, 0x00, 0x00, 0x00, 0x00, 0xFD,
    0x0D, 0x00, 0x00, 0x00, 0x00, 0x00, 0xB0, 0xBF, 0x00, 0x00, 0x00, 0x00,
    0x00, 0x00, 0xFC, 0x0C, 0x00, 0x00, 0x00, 0x10, 0x11, 0xC1, 0xCF, 0x11,
    0x11, 0x11, 0x50, 0xEE, 0xEE, 0xFF, 0xEF, 0xEE, 0xEE, 0x5E, 0xF6, 0xFF,
    0xFF, 0xFF, 0xFF, 0xFF, 0xFF, 0x25, 0x55, 0x55, 0xFD, 0x5D, 0x55, 0x55,
    0x25, 0x00, 0x00, 0xB0, 0xBF, 0x00, 0x00, 0x00, 0x00, 0x00, 0x00, 0xFC,
    0x0C, 0x00, 0x00, 0x00, 0x00, 0x00, 0xC0, 0xCF, 0x00, 0x00, 0x00, 0x00,
    0x00, 0x00, 0xFC, 0x0C, 0x00, 0x00, 0x00, 0x00, 0x00, 0xC0, 0xCF, 0x00,
    0x00, 0x00, 0x00, 0x00, 0x00, 0xFC, 0x0C, 0x00, 0x00, 0x00, 0x00, 0x00,
    0xC0, 0xCF, 0x00, 0x00, 0x00, 0x00, 0x00, 0x00, 0xFC, 0x0C, 0x00, 0x00,
    0x00, 0x00, 0x00, 0xC0, 0xCF, 0x00, 0x00, 0x00, 0x00, 0x00, 0x00, 0xFB,
    0x0D, 0x00, 0x00, 0x00, 0x00, 0x00, 0x70, 0xFF, 0x5A, 0x55, 0x55, 0x01,
    0x00, 0x00, 0xC1, 0xFF, 0xFF, 0xFF, 0x3F, 0x00, 0x00, 0x00, 0x91, 0xED,
    0xEE, 0xEE, 0x03, 0x00, 0x00, 0x00, 0x00, 0x11, 0x11, 0x01, 0x10, 0x01,
    0x00, 0x00, 0x00, 0x11, 0x01, 0xE2, 0x7E, 0x00, 0x00, 0x00, 0xE8, 0x1D,
    0xF3, 0x7F, 0x00, 0x00, 0x00, 0xF9, 0x1E, 0xF3, 0x7F, 0x00, 0x00, 0x00,
    0xF8, 0x1E, 0xF3, 0x7F, 0x00, 0x00, 0x00, 0xF8, 0x1E, 0xF3, 0x7F, 0x00,
    0x00, 0x00, 0xF8, 0x1E, 0xF3, 0x7F, 0x00, 0x00, 0x00, 0xF8, 0x1E, 0xF3,
    0x7F, 0x00, 0x00, 0x00, 0xF8, 0x1E, 0xF3, 0x7F, 0x00, 0x00, 0x00, 0xF8,
    0x1E, 0xF3, 0x7F, 0x00, 0x00, 0x00, 0xF8, 0x1E, 0xF3, 0x7F, 0x00, 0x00,
    0x00, 0xF8, 0x1E, 0xF2, 0x7F, 0x00, 0x00, 0x00, 0xF9, 0x1E, 0xE1, 0xAF,
    0x00, 0x00, 0x00, 0xFB, 0x0D, 0xC0, 0xEF, 0x03, 0x00, 0x40, 0xFF, 0x0A,
    0x50, 0xFF, 0x5D, 0x22, 0xE6, 0xFF, 0x03, 0x00, 0xF8, 0xFF, 0xFF, 0xFF,
    0x7F, 0x00, 0x00, 0x60, 0xFC, 0xFF, 0xBE, 0x04, 0x00, 0x00, 0x00, 0x20,
    0x44, 0x02, 0x00, 0x00, 0x10, 0x01, 0x00, 0x00, 0x00, 0x00, 0x11, 0x11,
    0xED, 0x0B, 0x00, 0x00, 0x00, 0xB0, 0xCE, 0xA0, 0xFF, 0x02, 0x00, 0x00,
    0x30, 0xFF, 0x09, 0xF5, 0x7F, 0x00, 0x00, 0x00, 0xF7, 0x4F, 0x10, 0xFE,
    0x0B, 0x00, 0x00, 0xC0, 0xDF, 0x00, 0xA0, 0xEF, 0x02, 0x00, 0x20, 0xFF,
    0x08, 0x00, 0xF5, 0x6F, 0x00, 0x00, 0xF7, 0x3F, 0x00, 0x10, 0xFE, 0x0B,
    0x00, 0xB0, 0xDF, 0x00, 0x00, 0xA0, 0xEF, 0x02, 0x20, 0xFE, 0x08, 0x00,
    0x00, 0xF5, 0x6F, 0x00, 0xF6, 0x3F, 0x00, 0x00, 0x10, 0xFD, 0x0A, 0xB0,
    0xCF, 0x00, 0x00, 0x00, 0x90, 0xEF, 0x11, 0xFE, 0x08, 0x00, 0x00, 0x00,
    0xF4, 0x4F, 0xF4, 0x3F, 0x00, 0x00, 0x00, 0x10, 0xFD, 0x88, 0xCF, 0x00,
    0x00, 0x00, 0x00, 0x90, 0xDF, 0xFC, 0x08, 0x00, 0x00, 0x00, 0x00, 0xF4,
    0xFF, 0x3F, 0x00, 0x00, 0x00, 0x00, 0x10, 0xEC, 0xBE, 0x00, 0x00, 0x00,
    0x00, 0x00, 0x10, 0x11, 0x00, 0x00, 0x00, 0x11, 0x00, 0x00, 0x10, 0x01,
    0x00, 0x00, 0x11, 0xEA, 0x07, 0x00, 0xE6, 0x5E, 0x00, 0x60, 0x9E, 0xF9,
    0x09, 0x00, 0xF9, 0x8F, 0x00, 0x90, 0x7F, 0xF6, 0x0B, 0x00, 0xEC, 0xBF,
    0x00, 0xB0, 0x5F, 0xF4, 0x0D, 0x10, 0xCE, 0xDC, 0x00, 0xD0, 0x3F, 0xF2,
    0x2F, 0x30, 0x9F, 0xFA, 0x01, 0xF2, 0x1E, 0xD1, 0x3F, 0x50, 0x6F, 0xF8,
    0x04, 0xF3, 0x0C, 0xB0, 0x5F, 0x80, 0x3F, 0xF5, 0x06, 0xF6, 0x09, 0x90,
    0x7F, 0xB0, 0x1F, 0xF3, 0x09, 0xF8, 0x07, 0x70, 0x9F, 0xD0, 0x0E, 0xF2,
    0x0C, 0xFA, 0x04, 0x40, 0xBF, 0xF1, 0x0B, 0xE0, 0x0E, 0xFC, 0x02, 0x20,
    0xCF, 0xF4, 0x09, 0xB0, 0x3F, 0xED, 0x01, 0x10, 0xEE, 0xF7, 0x06, 0x90,
    0x6F, 0xCF, 0x00, 0x00, 0xFC, 0xFB, 0x04, 0x60, 0xAF, 0x9F, 0x00, 0x00,
    0xFA, 0xFE, 0x02, 0x40, 0xDF, 0x7F, 0x00, 0x00, 0xF7, 0xDF, 0x00, 0x20,
    0xFF, 0x4F, 0x00, 0x00, 0xE5, 0xAE, 0x00, 0x00, 0xEC, 0x2E, 0x00, 0x00,
    0x10, 0x11, 0x00, 0x00, 0x11, 0x01, 0x00, 0x10, 0x11, 0x00, 0x00, 0x00,
    0x00, 0x11, 0x01, 0x80, 0xEE, 0x06, 0x00, 0x00, 0x70, 0xEE, 0x07, 0x10,
    0xFD, 0x2E, 0x00, 0x00, 0xF3, 0xDF, 0x01, 0x00, 0xF4, 0xBF, 0x00, 0x00,
    0xFC, 0x3F, 0x00, 0x00, 0x80, 0xFF, 0x05, 0x60, 0xFF, 0x08, 0x00, 0x00,
    0x10, 0xFD, 0x1E, 0xE1, 0xCF, 0x00, 0x00, 0x00, 0x00, 0xF3, 0x8F, 0xF9,
    0x3F, 0x00, 0x00, 0x00, 0x00, 0x80, 0xFF, 0xFF, 0x07, 0x00, 0x00, 0x00,
    0x00, 0x00, 0xFC, 0xCF, 0x00, 0x00, 0x00, 0x00, 0x00, 0x30, 0xFE, 0xDF,
    0x02, 0x00, 0x00, 0x00, 0x00, 0xC0, 0xDF, 0xFD, 0x0B, 0x00, 0x00, 0x00,
    0x00, 0xF8, 0x5F, 0xF6, 0x6F, 0x00, 0x00, 0x00, 0x30, 0xFF, 0x0B, 0xC0,
    0xEF, 0x02, 0x00, 0x00, 0xD1, 0xEF, 0x02, 0x30, 0xFF, 0x0C, 0x00, 0x00,
    0xF9, 0x6F, 0x00, 0x00, 0xF8, 0x7F, 0x00, 0x40, 0xFF, 0x0B, 0x00, 0x00,
    0xC0, 0xFF, 0x03, 0xC1, 0xDE, 0x02, 0x00, 0x00, 0x30, 0xEE, 0x1B, 0x10,
    0x11, 0x00, 0x00, 0x00, 0x00, 0x11, 0x01, 0x10, 0x01, 0x00, 0x00, 0x00,
    0x00, 0x11, 0x11, 0xED, 0x0B, 0x00, 0x00, 0x00, 0xB0, 0xCE, 0x90, 0xFF,
    0x03, 0x00, 0x00, 0x30, 0xFF, 0x08, 0xF3, 0x9F, 0x00, 0x00, 0x00, 0xF8,
    0x3F, 0x00, 0xFC, 0x1D, 0x00, 0x00, 0xD0, 0xBF, 0x00, 0x60, 0xFF, 0x05,
    0x00, 0x40, 0xFF, 0x06, 0x00, 0xE1, 0xBF, 0x00, 0x00, 0xF9, 0x1E, 0x00,
    0x00, 0xF9, 0x2E, 0x00, 0xD1, 0xAF, 0x00, 0x00, 0x30, 0xFF, 0x07, 0x50,
    0xFF, 0x04, 0x00, 0x00, 0xC0, 0xCF, 0x00, 0xFA, 0x0D, 0x00, 0x00, 0x00,
    0xF6, 0x3F, 0xE1, 0x8F, 0x00, 0x00, 0x00, 0x10, 0xFE, 0x58, 0xFF, 0x03,
    0x00, 0x00, 0x00, 0xA0, 0xCF, 0xFB, 0x0B, 0x00, 0x00, 0x00, 0x00, 0xF4,
    0xFF, 0x6F, 0x00, 0x00, 0x00, 0x00, 0x00, 0xFD, 0xEF, 0x01, 0x00, 0x00,
    0x00, 0x00, 0x70, 0xFF, 0x0A, 0x00, 0x00, 0x00, 0x00, 0x00, 0xF6, 0x4F,
    0x00, 0x00, 0x00, 0x00, 0x00, 0xC0, 0xDF, 0x00, 0x00, 0x00, 0x00, 0x00,
    0x30, 0xFF, 0x08, 0x00, 0x00, 0x00, 0x00, 0x00, 0xF8, 0x3F, 0x00, 0x00,
    0x00, 0x00, 0x00, 0xD0, 0xCF, 0x00, 0x00, 0x00, 0x00, 0x00, 0x50, 0xFF,
    0x06, 0x00, 0x00, 0x00, 0x00, 0x00, 0x42, 0x14, 0x00, 0x00, 0x00, 0x00,
    0x10, 0x11, 0x11, 0x11, 0x11, 0x11, 0x01, 0xC0, 0xEE, 0xEE, 0xEE, 0xEE,
    0xEE, 0x0A, 0xE0, 0xFF, 0xFF, 0xFF, 0xFF, 0xFF, 0x0B, 0x40, 0x55, 0x55,
    0x55, 0xA4, 0xFF, 0x0A, 0x00, 0x00, 0x00, 0x00, 0xE2, 0xEF, 0x02, 0x00,
    0x00, 0x00, 0x10, 0xFD, 0x4F, 0x00, 0x00, 0x00, 0x00, 0xB0, 0xFF, 0x06,
    0x00, 0x00, 0x00, 0x00, 0xF8, 0x9F, 0x00, 0x00, 0x00, 0x00, 0x60, 0xFF,
    0x0B, 0x00, 0x00, 0x00, 0x00, 0xF3, 0xDF, 0x01, 0x00, 0x00, 0x00, 0x10,
    0xFD, 0x2E, 0x00, 0x00, 0x00, 0x00, 0xB0, 0xFF, 0x04, 0x00, 0x00, 0x00,
    0x00, 0xF9, 0x7F, 0x00, 0x00, 0x00, 0x00, 0x60, 0xFF, 0x08, 0x00, 0x00,
    0x00, 0x00, 0xE2, 0xDF, 0x55, 0x55, 0x55, 0x55, 0x05, 0xF3, 0xFF, 0xFF,
    0xFF, 0xFF, 0xFF, 0x2F, 0xE2, 0xEE, 0xEE, 0xEE, 0xEE, 0xEE, 0x1D, 0x10,
    0x11, 0x11, 0x11, 0x11, 0x11, 0x01, 0x00, 0x00, 0x00, 0x00, 0x00, 0x11,
    0x01, 0x00, 0x00, 0x00, 0x50, 0xDB, 0xCE, 0x00, 0x00, 0x00, 0xA0, 0xFF,
    0xFF, 0x0E, 0x00, 0x00, 0x60, 0xFF, 0x7D, 0x45, 0x00, 0x00, 0x00, 0xFB,
    0x2E, 0x00, 0x00, 0x00, 0x00, 0xB0, 0xCF, 0x00, 0x00, 0x00, 0x00, 0x00,
    0xFA, 0x0D, 0x00, 0x00, 0x00, 0x00, 0x90, 0xEF, 0x01, 0x00, 0x00, 0x00,
    0x00, 0xF8, 0x2E, 0x00, 0x00, 0x00, 0x00, 0x70, 0xFF, 0x03, 0x00, 0x00,
    0x00, 0x00, 0xF5, 0x4F, 0x00, 0x00, 0x00, 0x00, 0x50, 0xFF, 0x04, 0x00,
    0x00, 0x00, 0x00, 0xFA, 0x1E, 0x00, 0x50, 0x88, 0x98, 0xFC, 0x4D, 0x00,
    0x00, 0xFA, 0xFF, 0xFF, 0x19, 0x00, 0x00, 0x60, 0xBB, 0xBB, 0xFE, 0x3C,
    0x00, 0x00, 0x00, 0x00, 0x10, 0xFB, 0x0C, 0x00, 0x00, 0x00, 0x00, 0x50,
    0xFF, 0x03, 0x00, 0x00, 0x00, 0x00, 0xF5, 0x4F, 0x00, 0x00, 0x00, 0x00,
    0x60, 0xFF, 0x03, 0x00, 0x00, 0x00, 0x00, 0xF8, 0x2E, 0x00, 0x00, 0x00,
    0x00, 0x90, 0xEF, 0x01, 0x00, 0x00, 0x00, 0x00, 0xFA, 0x0D, 0x00, 0x00,
    0x00, 0x00, 0xB0, 0xCF, 0x00, 0x00, 0x00, 0x00, 0x00, 0xFB, 0x0D, 0x00,
    0x00, 0x00, 0x00, 0x80, 0xFF, 0x4A, 0x22, 0x00, 0x00, 0x00, 0xC1, 0xFF,
    0xEF, 0x0C, 0x00, 0x00, 0x00, 0x91, 0xFD, 0xEF, 0x00, 0x00, 0x00, 0x00,
    0x10, 0x43, 0x03, 0x10, 0x01, 0xE5, 0x4E, 0xF6, 0x4F, 0xF5, 0x4F, 0xF5,
    0x4F, 0xF5, 0x4F, 0xF5, 0x4F, 0xF5, 0x4F, 0xF5, 0x4F, 0xF5, 0x4F, 0xF5,
    0x4F, 0xF5, 0x4F, 0xF5, 0x4F, 0xF5, 0x4F, 0xF5, 0x4F, 0xF5, 0x4F, 0xF5,
    0x4F, 0xF5, 0x4F, 0xF5, 0x4F, 0xF5, 0x4F, 0xF5, 0x4F, 0xF5, 0x4F, 0xF5,
    0x4F, 0xF5, 0x4F, 0xF5, 0x4F, 0xF5, 0x4F, 0xF5, 0x4F, 0xF6, 0x4F, 0x41,
    0x14, 0x10, 0x01, 0x00, 0x00, 0x00, 0x00, 0x00, 0xD1, 0xDE, 0x5A, 0x00,
    0x00, 0x00, 0x00, 0xF1, 0xFF, 0xFF, 0x09, 0x00, 0x00, 0x00, 0x40, 0x75,
    0xFD, 0x6F, 0x00, 0x00, 0x00, 0x00, 0x00, 0xE3, 0xAF, 0x00, 0x00, 0x00,
    0x00, 0x00, 0xD0, 0xAF, 0x00, 0x00, 0x00, 0x00, 0x00, 0xE1, 0x8F, 0x00,
    0x00, 0x00, 0x00, 0x00, 0xF3, 0x6F, 0x00, 0x00, 0x00, 0x00, 0x00, 0xF5,
    0x4F, 0x00, 0x00, 0x00, 0x00, 0x00, 0xF7, 0x2F, 0x00, 0x00, 0x00, 0x00,
    0x00, 0xFA, 0x1D, 0x00, 0x00, 0x00, 0x00, 0x00, 0xFB, 0x0D, 0x00, 0x00,
    0x00, 0x00, 0x00, 0xF7, 0x4F, 0x00, 0x00, 0x00, 0x00, 0x00, 0xB1, 0xEF,
    0x8A, 0x88, 0x48, 0x00, 0x00, 0x00, 0xF9, 0xFF, 0xFF, 0x8F, 0x00, 0x00,
    0xA0, 0xFF, 0xBD, 0xBB, 0x5B, 0x00, 0x00, 0xF6, 0x6F, 0x00, 0x00, 0x00,
    0x00, 0x00, 0xFA, 0x0D, 0x00, 0x00, 0x00, 0x00, 0x00, 0xFA, 0x1D, 0x00,
    0x00, 0x00, 0x00, 0x00, 0xF8, 0x2E, 0x00, 0x00, 0x00, 0x00, 0x00, 0xF6,
    0x4F, 0x00, 0x00, 0x00, 0x00, 0x00, 0xF4, 0x6F, 0x00, 0x00, 0x00, 0x00,
    0x00, 0xE2, 0x8F, 0x00, 0x00, 0x00, 0x00, 0x00, 0xD0, 0xAF, 0x00, 0x00,
    0x00, 0x00, 0x00, 0xE1, 0xBF, 0x00, 0x00, 0x00, 0x20, 0x42, 0xFB, 0x7F,
    0x00, 0x00, 0x00, 0xD1, 0xFE, 0xFF, 0x1C, 0x00, 0x00, 0x00, 0xF1, 0xFF,
    0x8D, 0x01, 0x00, 0x00, 0x00, 0x40, 0x34, 0x01, 0x00, 0x00, 0x00, 0x00,
    0x00, 0x31, 0x14, 0x00, 0x00, 0x20, 0x12, 0x50, 0xFD, 0xEF, 0x07, 0x00,
    0xC0, 0x9F, 0xF3, 0xFF, 0xFF, 0x7F, 0x00, 0xC0, 0x9F, 0xF9, 0x4E, 0xB3,
    0xFF, 0x04, 0xD0, 0x9F, 0xFA, 0x0B, 0x10, 0xFD, 0x9E, 0xFB, 0x5F, 0xFB,
    0x0C, 0x00, 0xE3, 0xFF, 0xFF, 0x0A, 0x96, 0x07, 0x00, 0x20, 0xB8, 0x6A,
    0x00, 0x00, 0x11, 0x00, 0x90, 0xEE, 0x08, 0xF3, 0xFF, 0x2F, 0xE2, 0xFF,
    0x1D, 0x30, 0x77, 0x03, 0x00, 0x00, 0x00, 0x00, 0x00, 0x00, 0x30, 0xBB,
    0x02, 0x40, 0xFF, 0x03, 0x40, 0xFF, 0x03, 0x50, 0xFF, 0x03, 0x50, 0xFF,
    0x04, 0x50, 0xFF, 0x04, 0x60, 0xFF, 0x04, 0x60, 0xFF, 0x05, 0x60, 0xFF,
    0x05, 0x70, 0xFF, 0x05, 0x70, 0xFF, 0x06, 0x80, 0xFF, 0x06, 0x80, 0xFF,
    0x06, 0x80, 0xFF, 0x07, 0x90, 0xFF, 0x07, 0x20, 0x44, 0x02, 0x00, 0x00,
    0x00, 0x11, 0x00, 0x00, 0x00, 0x00, 0x00, 0x00, 0xDC, 0x00, 0x00, 0x00,
    0x00, 0x00, 0x00, 0xED, 0x00, 0x00, 0x00, 0x00, 0x00, 0x00, 0xDC, 0x00,
    0x00, 0x00, 0x00, 0x00, 0x10, 0xED, 0x02, 0x00, 0x00, 0x00, 0x40, 0xEA,
    0xFF, 0xCE, 0x07, 0x00, 0x00, 0xF7, 0xFF, 0xFF, 0xFF, 0xBF, 0x01, 0x50,
    0xFF, 0x6E, 0xED, 0xB5, 0xFF, 0x09, 0xC0, 0xEF, 0x03, 0xED, 0x00, 0xFB,
    0x2F, 0xE2, 0x9F, 0x00, 0xED, 0x01, 0xF5, 0x6F, 0xF3, 0x6F, 0x00, 0xED,
    0x00, 0x41, 0x24, 0xF3, 0x6F, 0x00, 0xED, 0x00, 0x00, 0x00, 0xF3, 0x6F,
    0x00, 0xED, 0x00, 0x00, 0x00, 0xF3, 0x6F, 0x00, 0xED, 0x00, 0x00, 0x00,
    0xF3, 0x6F, 0x00, 0xED, 0x00, 0x00, 0x00, 0xF3, 0x6F, 0x00, 0xED, 0x00,
    0x41, 0x24, 0xE2, 0x9F, 0x00, 0xED, 0x01, 0xF5, 0x6F, 0xC0, 0xEF, 0x02,
    0xED, 0x00, 0xFB, 0x2F, 0x60, 0xFF, 0x5D, 0xED, 0xA3, 0xFF, 0x0A, 0x00,
    0xF9, 0xFF, 0xFF, 0xFF, 0xCF, 0x01, 0x00, 0x60, 0xFC, 0xFF, 0xDF, 0x18,
    0x00, 0x00, 0x00, 0x20, 0xED, 0x13, 0x00, 0x00, 0x00, 0x00, 0x00, 0xDC,
    0x00, 0x00, 0x00, 0x00, 0x00, 0x00, 0xED, 0x00, 0x00, 0x00, 0x00, 0x00,
    0x00, 0xDC, 0x00, 0x00, 0x00, 0x00, 0x00, 0x00, 0x11, 0x00, 0x00, 0x00,
    0x00, 0x00, 0x63, 0x77, 0x25, 0x00, 0x00, 0x00, 0xB3, 0xFF, 0xFF, 0xFF,
    0x2A, 0x00, 0x30, 0xFE, 0xEF, 0xCC, 0xFF, 0xDF, 0x02, 0xB0, 0xFF, 0x18,
    0x00, 0xB2, 0xFF, 0x0A, 0xF2, 0xBF, 0x00, 0x00, 0x10, 0xFD, 0x1E, 0xF4,
    0x6F, 0x00, 0x00, 0x00, 0xE9, 0x3E, 0xF4, 0x6F, 0x00, 0x00, 0x00, 0x10,
    0x01, 0xE1, 0xAF, 0x00, 0x00, 0x00, 0x00, 0x00, 0xA0, 0xEF, 0x03, 0x00,
    0x00, 0x00, 0x00, 0x20, 0xFE, 0x0B, 0x00, 0x00, 0x00, 0x00, 0x42, 0xFB,
    0x7F, 0x44, 0x44, 0x03, 0x00, 0xF9, 0xFF, 0xFF, 0xFF, 0xFF, 0x0D, 0x00,
    0xE8, 0xFE, 0xFF, 0xEE, 0xEE, 0x0C, 0x00, 0x21, 0x82, 0xFF, 0x25, 0x22,
    0x01, 0x00, 0x00, 0x60, 0xFF, 0x03, 0x00, 0x00, 0x00, 0x00, 0x90, 0xFF,
    0x02, 0x00, 0x00, 0x00, 0x00, 0xE3, 0xBF, 0x00, 0x00, 0x00, 0x00, 0x10,
    0xFD, 0x4F, 0x00, 0x00, 0x00, 0x00, 0xC2, 0xEF, 0x06, 0x00, 0x00, 0x00,
    0x00, 0xF9, 0xAF, 0x54, 0x55, 0x55, 0x55, 0x45, 0xF9, 0xFF, 0xFF, 0xFF,
    0xFF, 0xFF, 0xCF, 0xE8, 0xEE, 0xEE, 0xEE, 0xEE, 0xEE, 0xAE, 0x11, 0x11,
    0x11, 0x11, 0x11, 0x11, 0x11, 0x43, 0x04, 0x00, 0x00, 0x00, 0x00, 0x40,
    0x24, 0xF6, 0x6F, 0x00, 0x00, 0x00, 0x00, 0xF6, 0x5F, 0xD0, 0xDF, 0x00,
    0x00, 0x00, 0x00, 0xFD, 0x0B, 0x60, 0xFF, 0x05, 0x00, 0x00, 0x50, 0xFF,
    0x05, 0x10, 0xFD, 0x0C, 0x00, 0x00, 0xC0, 0xCF, 0x00, 0x00, 0xF7, 0x4F,
    0x00, 0x00, 0xF5, 0x5F, 0x00, 0x00, 0xE1, 0xBF, 0x00, 0x00, 0xFB, 0x0D,
    0x00, 0x00, 0x70, 0xFF, 0x04, 0x40, 0xFF, 0x06, 0x00, 0x00, 0x10, 0xFE,
    0x0B, 0xB0, 0xDF, 0x01, 0x00, 0x00, 0x00, 0xF8, 0x2F, 0xF2, 0x7F, 0x00,
    0x00, 0x00, 0x00, 0xE1, 0x9F, 0xF9, 0x0D, 0x00, 0x00, 0x20, 0x22, 0xA1,
    0xEF, 0xFE, 0x28, 0x22, 0x02, 0xE1, 0xEE, 0xEE, 0xFF, 0xFF, 0xEE, 0xEE,
    0x0C, 0xF1, 0xFF, 0xFF, 0xFF, 0xFF, 0xFF, 0xFF, 0x0E, 0x40, 0x44, 0x44,
    0xF8, 0x7F, 0x44, 0x44, 0x03, 0x00, 0x00, 0x00, 0xF4, 0x3F, 0x00, 0x00,
    0x00, 0xA1, 0xBB, 0xBB, 0xFD, 0xCF, 0xBB, 0xBB, 0x0A, 0xF1, 0xFF, 0xFF,
    0xFF, 0xFF, 0xFF, 0xFF, 0x0F, 0x81, 0x88, 0x88, 0xFB, 0xAF, 0x88, 0x88,
    0x07, 0x00, 0x00, 0x00, 0xF5, 0x3F, 0x00, 0x00, 0x00, 0x00, 0x00, 0x00,
    0xF6, 0x4F, 0x00, 0x00, 0x00, 0x00, 0x00, 0x00, 0xE5, 0x4E, 0x00, 0x00,
    0x00, 0x00, 0x00, 0x00, 0x10, 0x01, 0x00, 0x00, 0x00, 0x10, 0x01, 0xE5,
    0x4E, 0xF6, 0x4F, 0xF5, 0x4F, 0xF5, 0x4F, 0xF5, 0x4F, 0xF5, 0x4F, 0xF5,
    0x4F, 0xF5, 0x4F, 0xF5, 0x4F, 0xF6, 0x4F, 0xE5, 0x4E, 0x10, 0x01, 0x00,
    0x00, 0x00, 0x00, 0x00, 0x00, 0x00, 0x00, 0xB4, 0x3B, 0xF6, 0x4F, 0xF5,
    0x4F, 0xF5, 0x4F, 0xF5, 0x4F, 0xF5, 0x4F, 0xF5, 0x4F, 0xF5, 0x4F, 0xF5,
    0x4F, 0xF5, 0x4F, 0xF6, 0x4F, 0x41, 0x14, 0x00, 0x10, 0x74, 0x77, 0x57,
    0x01, 0x00, 0x00, 0xD5, 0xFF, 0xFF, 0xFF, 0x6D, 0x00, 0x50, 0xFF, 0xDF,
    0xCC, 0xFD, 0xFF, 0x06, 0xD0, 0xEF, 0x05, 0x00, 0x50, 0xFE, 0x1E, 0xE2,
    0x9F, 0x00, 0x00, 0x00, 0xB6, 0x2B, 0xF2, 0x7F, 0x00, 0x00, 0x00, 0x00,
    0x00, 0xE1, 0xCF, 0x00, 0x00, 0x00, 0x00, 0x00, 0x90, 0xFF, 0x5A, 0x02,
    0x00, 0x00, 0x00, 0x10, 0xEA, 0xFF, 0xDF, 0x7A, 0x02, 0x00, 0x00, 0xA1,
    0xFF, 0xFF, 0xFF, 0x7E, 0x00, 0x30, 0xFE, 0x39, 0x64, 0xE9, 0xFF, 0x06,
    0xC0, 0xCF, 0x00, 0x00, 0x20, 0xFD, 0x1D, 0xF3, 0x7F, 0x00, 0x00, 0x00,
    0xF6, 0x4F, 0xF4, 0x6F, 0x00, 0x00, 0x00, 0xF4, 0x5F, 0xF2, 0x9F, 0x00,
    0x00, 0x00, 0xF6, 0x3F, 0xB0, 0xFF, 0x05, 0x00, 0x10, 0xFD, 0x0B, 0x30,
    0xFE, 0xCF, 0x7A, 0xC6, 0xAE, 0x02, 0x00, 0xD4, 0xFF, 0xFF, 0xFF, 0x3C,
    0x00, 0x00, 0x10, 0x85, 0xCA, 0xFE, 0xFF, 0x05, 0x00, 0x00, 0x00, 0x00,
    0x82, 0xFF, 0x1E, 0x00, 0x00, 0x00, 0x00, 0x00, 0xF8, 0x5F, 0x10, 0x01,
    0x00, 0x00, 0x00, 0xF3, 0x6F, 0xE7, 0x4E, 0x00, 0x00, 0x00, 0xF6, 0x5F,
    0xF4, 0xDF, 0x03, 0x00, 0x40, 0xFD, 0x2F, 0xA0, 0xFF, 0xCF, 0xCC, 0xFD,
    0xFF, 0x07, 0x10, 0xE9, 0xFF, 0xFF, 0xFF, 0x7E, 0x00, 0x00, 0x20, 0x75,
    0x77, 0x57, 0x01, 0x00, 0x00, 0x00, 0x20, 0x44, 0x03, 0x00, 0x42, 0x24,
    0x00, 0x00, 0xD1, 0xFF, 0x03, 0x20, 0xFE, 0x2E, 0x00, 0x00, 0xFA, 0x5F,
    0x00, 0xC0, 0xEF, 0x03, 0x00, 0x80, 0xFF, 0x07, 0x00, 0xF9, 0x5F, 0x00,
    0x00, 0xF5, 0xAF, 0x00, 0x60, 0xFF, 0x08, 0x00, 0x20, 0xFE, 0x1C, 0x00,
    0xF3, 0xAF, 0x00, 0x00, 0xC1, 0xEF, 0x02, 0x10, 0xFD, 0x1C, 0x00, 0x00,
    0xF9, 0x4F, 0x00, 0xB0, 0xEF, 0x02, 0x00, 0x00, 0xF5, 0x9F, 0x00, 0x70,
    0xFF, 0x07, 0x00, 0x00, 0x80, 0xFF, 0x07, 0x00, 0xF9, 0x5F, 0x00, 0x00,
    0x00, 0xFA, 0x5F, 0x00, 0xB0, 0xEF, 0x03, 0x00, 0x00, 0xD1, 0xEF, 0x03,
    0x20, 0xFD, 0x1D, 0x00, 0x00, 0x30, 0xFE, 0x1C, 0x00, 0xF4, 0xBF, 0x00,
    0x00, 0x00, 0xF5, 0xBF, 0x01, 0x60, 0xFF, 0x09, 0x00, 0x00, 0x70, 0xCB,
    0x05, 0x00, 0xB8, 0x3B, 0x87, 0x88, 0x88, 0x88, 0x88, 0x69, 0xFE, 0xFF,
    0xFF, 0xFF, 0xFF, 0xCF, 0xB9, 0xBB, 0xBB, 0xBB, 0xDB, 0xBF, 0x00, 0x00,
    0x00, 0x00, 0xA0, 0xBF, 0x00, 0x00, 0x00, 0x00, 0xA0, 0xBF, 0x00, 0x00,
    0x00, 0x00, 0xB0, 0xCF, 0x00, 0x00, 0x00, 0x00, 0x50, 0x58, 0xC8, 0xCC,
    0xCC, 0xCC, 0x7C, 0xFC, 0xFF, 0xFF, 0xFF, 0xAF, 0x75, 0x77, 0x77, 0x77,
    0x47, 0x00, 0x10, 0x33, 0x01, 0x00, 0x10, 0xF9, 0xFF, 0x8F, 0x00, 0xA0,
    0xBF, 0x54, 0xFB, 0x09, 0xF3, 0x0C, 0x00, 0xD0, 0x2F, 0xF6, 0x07, 0x00,
    0x90, 0x4F, 0xF5, 0x09, 0x00, 0xA0, 0x4F, 0xF2, 0x4E, 0x00, 0xF5, 0x1E,
    0x70, 0xFF, 0xCC, 0xFF, 0x06, 0x00, 0xC5, 0xEE, 0x5B, 0x00, 0x00, 0x00,
    0x11, 0x00, 0x00, 0x00, 0x00, 0x20, 0x88, 0x02, 0x00, 0x00, 0x00, 0x00,
    0x50, 0xFF, 0x04, 0x00, 0x00, 0x00, 0x00, 0x50, 0xFF, 0x04, 0x00, 0x00,
    0x00, 0x00, 0x50, 0xFF, 0x04, 0x00, 0x00, 0x00, 0x00, 0x50, 0xFF, 0x04,
    0x00, 0x00, 0x00, 0x00, 0x50, 0xFF, 0x03, 0x00, 0x00, 0xCA, 0xCC, 0xDC,
    0xFF, 0xCC, 0xCC, 0x9C, 0xFE, 0xFF, 0xFF, 0xFF, 0xFF, 0xFF, 0xDF, 0x76,
    0x77, 0xA7, 0xFF, 0x79, 0x77, 0x67, 0x00, 0x00, 0x40, 0xFF, 0x03, 0x00,
    0x00, 0x00, 0x00, 0x50, 0xFF, 0x04, 0x00, 0x00, 0x00, 0x00, 0x50, 0xFF,
    0x04, 0x00, 0x00, 0x00, 0x00, 0x50, 0xFF, 0x04, 0x00, 0x00, 0x00, 0x00,
    0x50, 0xFF, 0x03, 0x00, 0x00, 0x11, 0x11, 0x61, 0xFF, 0x14, 0x11, 0x11,
    0xEA, 0xEE, 0xFE, 0xFF, 0xEF, 0xEE, 0x9E, 0xEA, 0xEE, 0xEE, 0xEE, 0xEE,
    0xEE, 0x9E, 0x11, 0x11, 0x11, 0x11, 0x11, 0x11, 0x11, 0x10, 0x11, 0x00,
    0x00, 0x00, 0x11, 0x01, 0xD1, 0x8E, 0x00, 0x00, 0x00, 0xE9, 0x1C, 0xE2,
    0x8F, 0x00, 0x00, 0x00, 0xFA, 0x1E, 0xE2, 0x8F, 0x00, 0x00, 0x00, 0xFA,
    0x1D, 0xE2, 0x8F, 0x00, 0x00, 0x00, 0xFA, 0x1D, 0xE2, 0x8F, 0x00, 0x00,
    0x00, 0xFA, 0x1D, 0xE2, 0x8F, 0x00, 0x00, 0x00, 0xFA, 0x1D, 0xE2, 0x8F,
    0x00, 0x00, 0x00, 0xFA, 0x1D, 0xE2, 0x8F, 0x00, 0x00, 0x00, 0xFA, 0x1D,
    0xE2, 0x8F, 0x00, 0x00, 0x00, 0xFA, 0x1D, 0xE2, 0x8F, 0x00, 0x00, 0x00,
    0xFA, 0x1D, 0xE2, 0x9F, 0x00, 0x00, 0x00, 0xFA, 0x1D, 0xE2, 0xBF, 0x00,
    0x00, 0x00, 0xFC, 0x1D, 0xE2, 0xFF, 0x03, 0x00, 0x50, 0xFF, 0x1D, 0xE2,
    0xDF, 0x6D, 0x32, 0xE7, 0xFD, 0x1D, 0xE2, 0xAF, 0xFE, 0xFF, 0xDF, 0xF9,
    0x1E, 0xE2, 0x7F, 0xE6, 0xFF, 0x4D, 0xE8, 0x1C, 0xE2, 0x8F, 0x20, 0x34,
    0x01, 0x11, 0x01, 0xE2, 0x8F, 0x00, 0x00, 0x00, 0x00, 0x00, 0xE2, 0x8F,
    0x00, 0x00, 0x00, 0x00, 0x00, 0xE2, 0x8F, 0x00, 0x00, 0x00, 0x00, 0x00,
    0xF2, 0x9F, 0x00, 0x00, 0x00, 0x00, 0x00, 0x40, 0x24, 0x00, 0x00, 0x00,
    0x00, 0x00, 0x00, 0x33, 0x00, 0xB1, 0xFF, 0x0A, 0xF5, 0xFF, 0x4F, 0xF6,
    0xFF, 0x5F, 0xE2, 0xFF, 0x1D, 0x20, 0x77, 0x01, 0x42, 0x14, 0x00, 0x30,
    0x44, 0x01, 0x00, 0x00, 0xF3, 0xCF, 0x01, 0x50, 0xFF, 0x0B, 0x00, 0x00,
    0x40, 0xFF, 0x0A, 0x00, 0xF6, 0x9F, 0x00, 0x00, 0x00, 0xF7, 0x7F, 0x00,
    0x90, 0xFF, 0x06, 0x00, 0x00, 0xA0, 0xFF, 0x04, 0x00, 0xFC, 0x3F, 0x00,
    0x00, 0x10, 0xFC, 0x2E, 0x00, 0xE2, 0xDF, 0x01, 0x00, 0x00, 0xE2, 0xCF,
    0x01, 0x40, 0xFF, 0x0B, 0x00, 0x00, 0x50, 0xFF, 0x09, 0x00, 0xF7, 0x8F,
    0x00, 0x00, 0x90, 0xFF, 0x05, 0x00, 0xFB, 0x4F, 0x00, 0x00, 0xF7, 0x8F,
    0x00, 0x90, 0xFF, 0x06, 0x00, 0x40, 0xFF, 0x0A, 0x00, 0xF6, 0x9F, 0x00,
    0x00, 0xE2, 0xDF, 0x01, 0x40, 0xFF, 0x0C, 0x00, 0x00, 0xFC, 0x3E, 0x00,
    0xD1, 0xEF, 0x02, 0x00, 0xA0, 0xFF, 0x05, 0x10, 0xFC, 0x4F, 0x00, 0x00,
    0xC4, 0x7B, 0x00, 0x60, 0xBC, 0x06, 0x00, 0x00, 0x00, 0x00, 0x00, 0x10,
    0x00, 0x00, 0x00, 0x00, 0xD4, 0xCE, 0x02, 0x00, 0x00, 0xC0, 0xFF, 0x8F,
    0x00, 0x00, 0x00, 0xF9, 0xFF, 0x06, 0x00, 0x00, 0x10, 0x76, 0x05, 0x00,
    0x00, 0x00, 0x00, 0x00, 0x00, 0x00, 0x00, 0x00, 0x00, 0x00, 0x00, 0x00,
    0x00, 0x90, 0x7B, 0x00, 0x00, 0x00, 0x00, 0xFE, 0x0B, 0x00, 0x00, 0x00,
    0xD1, 0xAF, 0x00, 0x00, 0x50, 0xDB, 0xFF, 0x0A, 0x00, 0x90, 0xFF, 0xFF,
    0xBF, 0x00, 0x70, 0xFF, 0x8E, 0x45, 0x03, 0x10, 0xFE, 0x3E, 0x00, 0x00,
    0x00, 0xF4, 0x7F, 0x00, 0x00, 0x00, 0x60, 0xFF, 0x04, 0x00, 0x00, 0x00,
    0xF6, 0x3F, 0x00, 0x00, 0x00, 0x40, 0xFF, 0x06, 0x00, 0x00, 0x00, 0xD1,
    0xDF, 0x02, 0x00, 0x00, 0x00, 0xF6, 0xDF, 0x36, 0x22, 0x22, 0x00, 0xF9,
    0xFF, 0xEF, 0xEE, 0x0C, 0x00, 0xB5, 0xFE, 0xFF, 0xDF, 0x00, 0x00, 0x20,
    0x43, 0x44, 0x03, 0x00, 0x10, 0x99, 0x07, 0x00, 0x00, 0x00, 0x00, 0x00,
    0x00, 0xF8, 0x7F, 0x00, 0x00, 0x00, 0x00, 0x00, 0x00, 0x90, 0xEF, 0x03,
    0x00, 0x00, 0x00, 0x00, 0x00, 0x00, 0xFC, 0x2E, 0x00, 0x00, 0x00, 0x00,
    0x00, 0x00, 0x82, 0x48, 0x00, 0x00, 0x00, 0x00, 0x00, 0x00, 0x00, 0x00,
    0x00, 0x00, 0x00, 0x00, 0x00, 0x00, 0x43, 0x34, 0x00, 0x00, 0x00, 0x00,
    0x00, 0x10, 0xFE, 0xDF, 0x00, 0x00, 0x00, 0x00, 0x00, 0x40, 0xFF, 0xFF,
    0x03, 0x00, 0x00, 0x00, 0x00, 0x70, 0xDF, 0xFD, 0x06, 0x00, 0x00, 0x00,
    0x00, 0xB0, 0x9F, 0xFA, 0x0A, 0x00, 0x00, 0x00, 0x00, 0xE1, 0x5F, 0xF7,
    0x1D, 0x00, 0x00, 0x00, 0x00, 0xF4, 0x2F, 0xF4, 0x3F, 0x00, 0x00, 0x00,
    0x00, 0xF8, 0x0D, 0xE1, 0x7F, 0x00, 0x00, 0x00, 0x00, 0xFC, 0x0A, 0xC0,
    0xAF, 0x00, 0x00, 0x00, 0x20, 0xFE, 0x07, 0x80, 0xEF, 0x01, 0x00, 0x00,
    0x50, 0xFF, 0x03, 0x50, 0xFF, 0x04, 0x00, 0x00, 0x90, 0xDF, 0x01, 0x20,
    0xFE, 0x07, 0x00, 0x00, 0xC0, 0xBF, 0x00, 0x00, 0xFC, 0x0B, 0x00, 0x00,
    0xE2, 0x6F, 0x00, 0x00, 0xF8, 0x1E, 0x00, 0x00, 0xF5, 0xCF, 0xBB, 0xBB,
    0xFC, 0x4F, 0x00, 0x00, 0xF9, 0xFF, 0xFF, 0xFF, 0xFF, 0x8F, 0x00, 0x00,
    0xFD, 0x8D, 0x88, 0x88, 0xD8, 0xBF, 0x00, 0x20, 0xFF, 0x08, 0x00, 0x00,
    0x90, 0xEF, 0x01, 0x60, 0xFF, 0x04, 0x00, 0x00, 0x50, 0xFF, 0x05, 0xA0,
    0xEF, 0x01, 0x00, 0x00, 0x20, 0xFE, 0x08, 0xD0, 0xBF, 0x00, 0x00, 0x00,
    0x00, 0xFC, 0x0C, 0xE3, 0x7E, 0x00, 0x00, 0x00, 0x00, 0xE8, 0x2D, 0x10,
    0x01, 0x00, 0x00, 0x00, 0x00, 0x10, 0x01, 0x00, 0x00, 0x00, 0x00, 0x80,
    0x89, 0x00, 0x00, 0x00, 0x00, 0x00, 0x00, 0xF7, 0x5F, 0x00, 0x00, 0x00,
    0x00, 0x00, 0x40, 0xFF, 0x07, 0x00, 0x00, 0x00, 0x00, 0x00, 0xE2, 0xAF,
    0x00, 0x00, 0x00, 0x00, 0x00, 0x00, 0x84, 0x17, 0x00, 0x00, 0x00, 0x00,
    0x00, 0x00, 0x00, 0x00, 0x00, 0x00, 0x00, 0x00, 0x00, 0x00, 0x43, 0x34,
    0x00, 0x00, 0x00, 0x00, 0x00, 0x10, 0xFE, 0xDF, 0x00, 0x00, 0x00, 0x00,
    0x00, 0x40, 0xFF, 0xFF, 0x03, 0x00, 0x00, 0x00, 0x00, 0x70, 0xDF, 0xFD,
    0x06, 0x00, 0x00, 0x00, 0x00, 0xB0, 0x9F, 0xFA, 0x0A, 0x00, 0x00, 0x00,
    0x00, 0xE1, 0x5F, 0xF7, 0x1D, 0x00, 0x00, 0x00, 0x00, 0xF4, 0x2F, 0xF4,
    0x3F, 0x00, 0x00, 0x00, 0x00, 0xF8, 0x0D, 0xE1, 0x7F, 0x00, 0x00, 0x00,
    0x00, 0xFC, 0x0A, 0xC0, 0xAF, 0x00, 0x00, 0x00, 0x20, 0xFE, 0x07, 0x80,
    0xEF, 0x01, 0x00, 0x00, 0x50, 0xFF, 0x03, 0x50, 0xFF, 0x04, 0x00, 0x00,
    0x90, 0xDF, 0x01, 0x20, 0xFE, 0x07, 0x00, 0x00, 0xC0, 0xBF, 0x00, 0x00,
    0xFC, 0x0B, 0x00, 0x00, 0xE2, 0x6F, 0x00, 0x00, 0xF8, 0x1E, 0x00, 0x00,
    0xF5, 0xCF, 0xBB, 0xBB, 0xFC, 0x4F, 0x00, 0x00, 0xF9, 0xFF, 0xFF, 0xFF,
    0xFF, 0x8F, 0x00, 0x00, 0xFD, 0x8D, 0x88, 0x88, 0xD8, 0xBF, 0x00, 0x20,
    0xFF, 0x08, 0x00, 0x00, 0x90, 0xEF, 0x01, 0x60, 0xFF, 0x04, 0x00, 0x00,
    0x50, 0xFF, 0x05, 0xA0, 0xEF, 0x01, 0x00, 0x00, 0x20, 0xFE, 0x08, 0xD0,
    0xBF, 0x00, 0x00, 0x00, 0x00, 0xFC, 0x0C, 0xE3, 0x7E, 0x00, 0x00, 0x00,
    0x00, 0xE8, 0x2D, 0x10, 0x01, 0x00, 0x00, 0x00, 0x00, 0x10, 0x01, 0x00,
    0x00, 0x00, 0x95, 0x49, 0x00, 0x00, 0x00, 0x00, 0x00, 0x60, 0xFF, 0xFF,
    0x04, 0x00, 0x00, 0x00, 0x00, 0xF5, 0x9F, 0xFA, 0x4E, 0x00, 0x00, 0x00,
    0x60, 0xFF, 0x09, 0xA0, 0xFF, 0x05, 0x00, 0x00, 0x71, 0x68, 0x00, 0x00,
    0x87, 0x07, 0x00, 0x00, 0x00, 0x00, 0x00, 0x00, 0x00, 0x00, 0x00, 0x00,
    0x00, 0x00, 0x43, 0x34, 0x00, 0x00, 0x00, 0x00, 0x00, 0x10, 0xFE, 0xDF,
    0x00, 0x00, 0x00, 0x00, 0x00, 0x40, 0xFF, 0xFF, 0x03, 0x00, 0x00, 0x00,
    0x00, 0x70, 0xDF, 0xFD, 0x06, 0x00, 0x00, 0x00, 0x00, 0xB0, 0x9F, 0xFA,
    0x0A, 0x00, 0x00, 0x00, 0x00, 0xE1, 0x5F, 0xF7, 0x1D, 0x00, 0x00, 0x00,
    0x00, 0xF4, 0x2F, 0xF4, 0x3F, 0x00, 0x00, 0x00, 0x00, 0xF8, 0x0D, 0xE1,
    0x7F, 0x00, 0x00, 0x00, 0x00, 0xFC, 0x0A, 0xC0, 0xAF, 0x00, 0x00, 0x00,
    0x20, 0xFE, 0x07, 0x80, 0xEF, 0x01, 0x00, 0x00, 0x50, 0xFF, 0x03, 0x50,
    0xFF, 0x04, 0x00, 0x00, 0x90, 0xDF, 0x01, 0x20, 0xFE, 0x07, 0x00, 0x00,
    0xC0, 0xBF, 0x00, 0x00, 0xFC, 0x0B, 0x00, 0x00, 0xE2, 0x6F, 0x00, 0x00,
    0xF8, 0x1E, 0x00, 0x00, 0xF5, 0xCF, 0xBB, 0xBB, 0xFC, 0x4F, 0x00, 0x00,
    0xF9, 0xFF, 0xFF, 0xFF, 0xFF, 0x8F, 0x00, 0x00, 0xFD, 0x8D, 0x88, 0x88,
    0xD8, 0xBF, 0x00, 0x20, 0xFF, 0x08, 0x00, 0x00, 0x90, 0xEF, 0x01, 0x60,
    0xFF, 0x04, 0x00, 0x00, 0x50, 0xFF, 0x05, 0xA0, 0xEF, 0x01, 0x00, 0x00,
    0x20, 0xFE, 0x08, 0xD0, 0xBF, 0x00, 0x00, 0x00, 0x00, 0xFC, 0x0C, 0xE3,
    0x7E, 0x00, 0x00, 0x00, 0x00, 0xE8, 0x2D, 0x10, 0x01, 0x00, 0x00, 0x00,
    0x00, 0x10, 0x01, 0x00, 0x00, 0x72, 0x26, 0x00, 0x52, 0x03, 0x00, 0x00,
    0x30, 0xFE, 0xEF, 0x05, 0xF4, 0x09, 0x00, 0x00, 0x90, 0x8F, 0xE5, 0x8F,
    0xFB, 0x06, 0x00, 0x00, 0xA0, 0x2F, 0x30, 0xFC, 0xBF, 0x01, 0x00, 0x00,
    0x10, 0x12, 0x00, 0x31, 0x03, 0x00, 0x00, 0x00, 0x00, 0x00, 0x00, 0x00,
    0x00, 0x00, 0x00, 0x00, 0x00, 0x00, 0x43, 0x34, 0x00, 0x00, 0x00, 0x00,
    0x00, 0x10, 0xFE, 0xDF, 0x00, 0x00, 0x00, 0x00, 0x00, 0x40, 0xFF, 0xFF,
    0x03, 0x00, 0x00, 0x00, 0x00, 0x70, 0xDF, 0xFD, 0x06, 0x00, 0x00, 0x00,
    0x00, 0xB0, 0x9F, 0xFA, 0x0A, 0x00, 0x00, 0x00, 0x00, 0xE1, 0x5F, 0xF7,
    0x1D, 0x00, 0x00, 0x00, 0x00, 0xF4, 0x2F, 0xF4, 0x3F, 0x00, 0x00, 0x00,
    0x00, 0xF8, 0x0D, 0xE1, 0x7F, 0x00, 0x00, 0x00, 0x00, 0xFC, 0x0A, 0xC0,
    0xAF, 0x00, 0x00, 0x00, 0x20, 0xFE, 0x07, 0x80, 0xEF, 0x01, 0x00, 0x00,
    0x50, 0xFF, 0x03, 0x50, 0xFF, 0x04, 0x00, 0x00, 0x90, 0xDF, 0x01, 0x20,
    0xFE, 0x07, 0x00, 0x00, 0xC0, 0xBF, 0x00, 0x00, 0xFC, 0x0B, 0x00, 0x00,
    0xE2, 0x6F, 0x00, 0x00, 0xF8, 0x1E, 0x00, 0x00, 0xF5, 0xCF, 0xBB, 0xBB,
    0xFC, 0x4F, 0x00, 0x00, 0xF9, 0xFF, 0xFF, 0xFF, 0xFF, 0x8F, 0x00, 0x00,
    0xFD, 0x8D, 0x88, 0x88, 0xD8, 0xBF, 0x00, 0x20, 0xFF, 0x08, 0x00, 0x00,
    0x90, 0xEF, 0x01, 0x60, 0xFF, 0x04, 0x00, 0x00, 0x50, 0xFF, 0x05, 0xA0,
    0xEF, 0x01, 0x00, 0x00, 0x20, 0xFE, 0x08, 0xD0, 0xBF, 0x00, 0x00, 0x00,
    0x00, 0xFC, 0x0C, 0xE3, 0x7E, 0x00, 0x00, 0x00, 0x00, 0xE8, 0x2D, 0x10,
    0x01, 0x00, 0x00, 0x00, 0x00, 0x10, 0x01, 0x00, 0x20, 0x57, 0x00, 0x00,
    0x76, 0x01, 0x00, 0x00, 0xD1, 0xFF, 0x06, 0x70, 0xFF, 0x0C, 0x00, 0x00,
    0xF2, 0xFE, 0x09, 0xB0, 0xFF, 0x1F, 0x00, 0x00, 0xB0, 0xEF, 0x04, 0x50,
    0xFF, 0x09, 0x00, 0x00, 0x00, 0x24, 0x00, 0x00, 0x32, 0x00, 0x00, 0x00,
    0x00, 0x00, 0x00, 0x00, 0x00, 0x00, 0x00, 0x00, 0x00, 0x00, 0x43, 0x34,
    0x00, 0x00, 0x00, 0x00, 0x00, 0x10, 0xFE, 0xDF, 0x00, 0x00, 0x00, 0x00,
    0x00, 0x40, 0xFF, 0xFF, 0x03, 0x00, 0x00, 0x00, 0x00, 0x70, 0xDF, 0xFD,
    0x06, 0x00, 0x00, 0x00, 0x00, 0xB0, 0x9F, 0xFA, 0x0A, 0x00, 0x00, 0x00,
    0x00, 0xE1, 0x5F, 0xF7, 0x1D, 0x00, 0x00, 0x00, 0x00, 0xF4, 0x2F, 0xF4,
    0x3F, 0x00, 0x00, 0x00, 0x00, 0xF8, 0x0D, 0xE1, 0x7F, 0x00, 0x00, 0x00,
    0x00, 0xFC, 0x0A, 0xC0, 0xAF, 0x00, 0x00, 0x00, 0x20, 0xFE, 0x07, 0x80,
    0xEF, 0x01, 0x00, 0x00, 0x50, 0xFF, 0x03, 0x50, 0xFF, 0x04, 0x00, 0x00,
    0x90, 0xDF, 0x01, 0x20, 0xFE, 0x07, 0x00, 0x00, 0xC0, 0xBF, 0x00, 0x00,
    0xFC, 0x0B, 0x00, 0x00, 0xE2, 0x6F, 0x00, 0x00, 0xF8, 0x1E, 0x00, 0x00,
    0xF5, 0xCF, 0xBB, 0xBB, 0xFC, 0x4F, 0x00, 0x00, 0xF9, 0xFF, 0xFF, 0xFF,
    0xFF, 0x8F, 0x00, 0x00, 0xFD, 0x8D, 0x88, 0x88, 0xD8, 0xBF, 0x00, 0x20,
    0xFF, 0x08, 0x00, 0x00, 0x90, 0xEF, 0x01, 0x60, 0xFF, 0x04, 0x00, 0x00,
    0x50, 0xFF, 0x05, 0xA0, 0xEF, 0x01, 0x00, 0x00, 0x20, 0xFE, 0x08, 0xD0,
    0xBF, 0x00, 0x00, 0x00, 0x00, 0xFC, 0x0C, 0xE3, 0x7E, 0x00, 0x00, 0x00,
    0x00, 0xE8, 0x2D, 0x10, 0x01, 0x00, 0x00, 0x00, 0x00, 0x10, 0x01, 0x00,
    0x00, 0x10, 0xC8, 0x7C, 0x00, 0x00, 0x00, 0x00, 0x00, 0xC1, 0xCF, 0xFD,
    0x0A, 0x00, 0x00, 0x00, 0x00, 0xF6, 0x08, 0x90, 0x4F, 0x00, 0x00, 0x00,
    0x00, 0xF8, 0x02, 0x40, 0x6F, 0x00, 0x00, 0x00, 0x00, 0xF6, 0x08, 0x90,
    0x4F, 0x00, 0x00, 0x00, 0x00, 0xC1, 0xDF, 0xFD, 0x0B, 0x00, 0x00, 0x00,
    0x00, 0x10, 0xB7, 0x6A, 0x00, 0x00, 0x00, 0x00, 0x00, 0x00, 0x32, 0x23,
    0x00, 0x00, 0x00, 0x00, 0x00, 0x10, 0xFE, 0xEF, 0x00, 0x00, 0x00, 0x00,
    0x00, 0x40, 0xFF, 0xFF, 0x03, 0x00, 0x00, 0x00, 0x00, 0x70, 0xDF, 0xFD,
    0x06, 0x00, 0x00, 0x00, 0x00, 0xB0, 0x9F, 0xFA, 0x0A, 0x00, 0x00, 0x00,
    0x00, 0xE1, 0x5F, 0xF7, 0x1D, 0x00, 0x00, 0x00, 0x00, 0xF4, 0x2F, 0xF4,
    0x3F, 0x00, 0x00, 0x00, 0x00, 0xF8, 0x0D, 0xE1, 0x7F, 0x00, 0x00, 0x00,
    0x00, 0xFC, 0x0A, 0xC0, 0xAF, 0x00, 0x00, 0x00, 0x20, 0xFE, 0x07, 0x80,
    0xEF, 0x01, 0x00, 0x00, 0x50, 0xFF, 0x03, 0x50, 0xFF, 0x04, 0x00, 0x00,
    0x90, 0xDF, 0x01, 0x20, 0xFE, 0x07, 0x00, 0x00, 0xC0, 0xBF, 0x00, 0x00,
    0xFC, 0x0B, 0x00, 0x00, 0xE2, 0x6F, 0x00, 0x00, 0xF8, 0x1E, 0x00, 0x00,
    0xF5, 0xCF, 0xBB, 0xBB, 0xFC, 0x4F, 0x00, 0x00, 0xF9, 0xFF, 0xFF, 0xFF,
    0xFF, 0x8F, 0x00, 0x00, 0xFD, 0x8D, 0x88, 0x88, 0xD8, 0xBF, 0x00, 0x20,
    0xFF, 0x08, 0x00, 0x00, 0x90, 0xEF, 0x01, 0x60, 0xFF, 0x04, 0x00, 0x00,
    0x50, 0xFF, 0x05, 0xA0, 0xEF, 0x01, 0x00, 0x00, 0x20, 0xFE, 0x08, 0xD0,
    0xBF, 0x00, 0x00, 0x00, 0x00, 0xFC, 0x0C, 0xE3, 0x7E, 0x00, 0x00, 0x00,
    0x00, 0xE8, 0x2D, 0x10, 0x01, 0x00, 0x00, 0x00, 0x00, 0x10, 0x01, 0x00,
    0x00, 0x43, 0x44, 0x44, 0x44, 0x44, 0x34, 0x00, 0x00, 0xFC, 0xFF, 0xFF,
    0xFF, 0xFF, 0xCF, 0x00, 0x10, 0xFE, 0xEF, 0xFF, 0xEF, 0xEE, 0xBE, 0x00,
    0x40, 0xFF, 0x26, 0xFE, 0x28, 0x22, 0x12, 0x00, 0x60, 0xFF, 0x02, 0xFE,
    0x07, 0x00, 0x00, 0x00, 0x90, 0xDF, 0x10, 0xFE, 0x08, 0x00, 0x00, 0x00,
    0xC0, 0xBF, 0x10, 0xFE, 0x07, 0x00, 0x00, 0x00, 0xE1, 0x8F, 0x10, 0xFE,
    0x08, 0x00, 0x00, 0x00, 0xF3, 0x5F, 0x10, 0xFE, 0x07, 0x00, 0x00, 0x00,
    0xF6, 0x3F, 0x10, 0xFE, 0x28, 0x22, 0x02, 0x00, 0xF9, 0x1E, 0x10, 0xFE,
    0xEF, 0xEE, 0x2E, 0x00, 0xFC, 0x0C, 0x10, 0xFE, 0xFF, 0xFF, 0x2F, 0x10,
    0xFE, 0x09, 0x10, 0xFE, 0x49, 0x44, 0x04, 0x30, 0xFF, 0x17, 0x21, 0xFE,
    0x07, 0x00, 0x00, 0x60, 0xFF, 0xEE, 0xEE, 0xFF, 0x08, 0x00, 0x00, 0x90,
    0xFF, 0xFF, 0xFF, 0xFF, 0x08, 0x00, 0x00, 0xC0, 0xDF, 0x55, 0x55, 0xFE,
    0x07, 0x00, 0x00, 0xE1, 0xAF, 0x00, 0x00, 0xFE, 0x08, 0x00, 0x00, 0xF3,
    0x7F, 0x10, 0x10, 0xFE, 0x07, 0x00, 0x00, 0xF6, 0x4F, 0x00, 0x10, 0xFE,
    0x5A, 0x55, 0x45, 0xF9, 0x2E, 0x00, 0x10, 0xFE, 0xFF, 0xFF, 0xCF, 0xEB,
    0x0B, 0x00, 0x10, 0xED, 0xEE, 0xEE, 0xBE, 0x11, 0x01, 0x00, 0x00, 0x11,
    0x11, 0x11, 0x11, 0x00, 0x00, 0x52, 0x77, 0x36, 0x00, 0x00, 0x00, 0x80,
    0xFE, 0xFF, 0xFF, 0x2B, 0x00, 0x00, 0xFA, 0xFF, 0xCC, 0xFE, 0xDF, 0x02,
    0x60, 0xFF, 0x3C, 0x00, 0x81, 0xFF, 0x0A, 0xC0, 0xEF, 0x01, 0x00, 0x00,
    0xFA, 0x2E, 0xE1, 0x9F, 0x00, 0x00, 0x00, 0xF5, 0x5F, 0xE2, 0x8F, 0x00,
    0x00, 0x00, 0x92, 0x39, 0xE2, 0x8F, 0x00, 0x00, 0x00, 0x00, 0x00, 0xE2,
    0x8F, 0x00, 0x00, 0x00, 0x00, 0x00, 0xE2, 0x8F, 0x00, 0x00, 0x00, 0x00,
    0x00, 0xE2, 0x8F, 0x00, 0x00, 0x00, 0x00, 0x00, 0xE2, 0x8F, 0x00, 0x00,
    0x00, 0x00, 0x00, 0xE2, 0x8F, 0x00, 0x00, 0x00, 0x00, 0x00, 0xE2, 0x8F,
    0x00, 0x00, 0x00, 0x00, 0x00, 0xE2, 0x8F, 0x00, 0x00, 0x00, 0x00, 0x00,
    0xE2, 0x8F, 0x00, 0x00, 0x00, 0x00, 0x00, 0xE2, 0x8F, 0x00, 0x00, 0x00,
    0xC3, 0x5C, 0xE1, 0xAF, 0x00, 0x00, 0x00, 0xF6, 0x5F, 0xB0, 0xEF, 0x03,
    0x00, 0x00, 0xFC, 0x1E, 0x40, 0xFF, 0x6E, 0x23, 0xB4, 0xFF, 0x08, 0x00,
    0xF7, 0xFF, 0xFF, 0xFF, 0xBF, 0x01, 0x00, 0x50, 0xEC, 0xFF, 0xDF, 0x07,
    0x00, 0x00, 0x00, 0xC0, 0x4E, 0x02, 0x00, 0x00, 0x00, 0x00, 0xD2, 0xCF,
    0x28, 0x00, 0x00, 0x00, 0x00, 0x10, 0xB3, 0xDF, 0x02, 0x00, 0x00, 0x00,
    0x00, 0x50, 0xFF, 0x04, 0x00, 0x00, 0x00, 0xC8, 0xFC, 0xCF, 0x01, 0x00,
    0x00, 0x00, 0xC8, 0xAC, 0x17, 0x00, 0x00, 0x00, 0x97, 0x19, 0x00, 0x00,
    0x00, 0x00, 0x40, 0xFF, 0x0A, 0x00, 0x00, 0x00, 0x00, 0x50, 0xFF, 0x07,
    0x00, 0x00, 0x00, 0x00, 0x80, 0xFF, 0x05, 0x00, 0x00, 0x00, 0x00, 0x70,
    0x68, 0x00, 0x00, 0x00, 0x00, 0x00, 0x00, 0x00, 0x00, 0x00, 0x43, 0x44,
    0x44, 0x44, 0x44, 0x44, 0xD1, 0xFF, 0xFF, 0xFF, 0xFF, 0xFF, 0x5F, 0xFC,
    0xEF, 0xEE, 0xEE, 0xEE, 0xEE, 0xC5, 0xBF, 0x22, 0x22, 0x22, 0x22, 0x12,
    0xFC, 0x0B, 0x00, 0x00, 0x00, 0x00, 0xC0, 0xBF, 0x00, 0x00, 0x00, 0x00,
    0x00, 0xFC, 0x0B, 0x00, 0x00, 0x00, 0x00, 0xC0, 0xBF, 0x00, 0x00, 0x00,
    0x00, 0x00, 0xFC, 0x0B, 0x00, 0x00, 0x00, 0x00, 0xC0, 0xCF, 0x44, 0x44,
    0x44, 0x44, 0x01, 0xFC, 0xFF, 0xFF, 0xFF, 0xFF, 0x5F, 0xC0, 0xFF, 0xEE,
    0xEE, 0xEE, 0xEE, 0x05, 0xFC, 0x2B, 0x22, 0x22, 0x22, 0x12, 0xC0, 0xBF,
    0x00, 0x00, 0x00, 0x00, 0x00, 0xFC, 0x0B, 0x00, 0x00, 0x00, 0x00, 0xC0,
    0xBF, 0x00, 0x00, 0x00, 0x00, 0x00, 0xFC, 0x0B, 0x00, 0x00, 0x00, 0x00,
    0xC0, 0xBF, 0x00, 0x00, 0x00, 0x00, 0x00, 0xFC, 0x0B, 0x00, 0x00, 0x00,
    0x00, 0xC0, 0xCF, 0x55, 0x55, 0x55, 0x55, 0x25, 0xFD, 0xFF, 0xFF, 0xFF,
    0xFF, 0xFF, 0xC5, 0xEE, 0xEE, 0xEE, 0xEE, 0xEE, 0x5E, 0x11, 0x11, 0x11,
    0x11, 0x11, 0x11, 0x00, 0x00, 0x00, 0x00, 0x60, 0x99, 0x02, 0x00, 0x00,
    0x00, 0x40, 0xFF, 0x09, 0x00, 0x00, 0x00, 0x10, 0xFD, 0x0B, 0x00, 0x00,
    0x00, 0x10, 0xFB, 0x2D, 0x00, 0x00, 0x00, 0x00, 0x82, 0x38, 0x00, 0x00,
    0x00, 0x00, 0x00, 0x00, 0x00, 0x00, 0x00, 0x43, 0x44, 0x44, 0x44, 0x44,
    0x44, 0xD1, 0xFF, 0xFF, 0xFF, 0xFF, 0xFF, 0x5F, 0xFC, 0xEF, 0xEE, 0xEE,
    0xEE, 0xEE, 0xC5, 0xBF, 0x22, 0x22, 0x22, 0x22, 0x12, 0xFC, 0x0B, 0x00,
    0x00, 0x00, 0x00, 0xC0, 0xBF, 0x00, 0x00, 0x00, 0x00, 0x00, 0xFC, 0x0B,
    0x00, 0x00, 0x00, 0x00, 0xC0, 0xBF, 0x00, 0x00, 0x00, 0x00, 0x00, 0xFC,
    0x0B, 0x00, 0x00, 0x00, 0x00, 0xC0, 0xCF, 0x44, 0x44, 0x44, 0x44, 0x01,
    0xFC, 0xFF, 0xFF, 0xFF, 0xFF, 0x5F, 0xC0, 0xFF, 0xEE, 0xEE, 0xEE, 0xEE,
    0x05, 0xFC, 0x2B, 0x22, 0x22, 0x22, 0x12, 0xC0, 0xBF, 0x00, 0x00, 0x00,
    0x00, 0x00, 0xFC, 0x0B, 0x00, 0x00, 0x00, 0x00, 0xC0, 0xBF, 0x00, 0x00,
    0x00, 0x00, 0x00, 0xFC, 0x0B, 0x00, 0x00, 0x00, 0x00, 0xC0, 0xBF, 0x00,
    0x00, 0x00, 0x00, 0x00, 0xFC, 0x0B, 0x00, 0x00, 0x00, 0x00, 0xC0, 0xCF,
    0x55, 0x55, 0x55, 0x55, 0x25, 0xFD, 0xFF, 0xFF, 0xFF, 0xFF, 0xFF, 0xC5,
    0xEE, 0xEE, 0xEE, 0xEE, 0xEE, 0x5E, 0x11, 0x11, 0x11, 0x11, 0x11, 0x11,
    0x00, 0x00, 0x00, 0x93, 0x79, 0x00, 0x00, 0x00, 0x00, 0xE3, 0xFF, 0x8F,
    0x00, 0x00, 0x00, 0xD2, 0xCF, 0xF8, 0x7F, 0x00, 0x00, 0xE3, 0xCF, 0x02,
    0xF7, 0x9F, 0x00, 0x60, 0x78, 0x02, 0x00, 0x85, 0x28, 0x00, 0x00, 0x00,
    0x00, 0x00, 0x00, 0x00, 0x43, 0x44, 0x44, 0x44, 0x44, 0x44, 0xD1, 0xFF,
    0xFF, 0xFF, 0xFF, 0xFF, 0x5F, 0xFC, 0xEF, 0xEE, 0xEE, 0xEE, 0xEE, 0xC5,
    0xBF, 0x22, 0x22, 0x22, 0x22, 0x12, 0xFC, 0x0B, 0x00, 0x00, 0x00, 0x00,
    0xC0, 0xBF, 0x00, 0x00, 0x00, 0x00, 0x00, 0xFC, 0x0B, 0x00, 0x00, 0x00,
    0x00, 0xC0, 0xBF, 0x00, 0x00, 0x00, 0x00, 0x00, 0xFC, 0x0B, 0x00, 0x00,
    0x00, 0x00, 0xC0, 0xCF, 0x44, 0x44, 0x44, 0x44, 0x01, 0xFC, 0xFF, 0xFF,
    0xFF, 0xFF, 0x5F, 0xC0, 0xFF, 0xEE, 0xEE, 0xEE, 0xEE, 0x05, 0xFC, 0x2B,
    0x22, 0x22, 0x22, 0x12, 0xC0, 0xBF, 0x00, 0x00, 0x00, 0x00, 0x00, 0xFC,
    0x0B, 0x00, 0x00, 0x00, 0x00, 0xC0, 0xBF, 0x00, 0x00, 0x00, 0x00, 0x00,
    0xFC, 0x0B, 0x00, 0x00, 0x00, 0x00, 0xC0, 0xBF, 0x00, 0x00, 0x00, 0x00,
    0x00, 0xFC, 0x0B, 0x00, 0x00, 0x00, 0x00, 0xC0, 0xCF, 0x55, 0x55, 0x55,
    0x55, 0x25, 0xFD, 0xFF, 0xFF, 0xFF, 0xFF, 0xFF, 0xC5, 0xEE, 0xEE, 0xEE,
    0xEE, 0xEE, 0x5E, 0x11, 0x11, 0x11, 0x11, 0x11, 0x11, 0x00, 0x10, 0x66,
    0x01, 0x00, 0x74, 0x03, 0x00, 0xF9, 0xAF, 0x00, 0xF3, 0xFF, 0x02, 0xD0,
    0xFF, 0x0D, 0x60, 0xEF, 0x5F, 0x00, 0xF7, 0x8F, 0x00, 0xD2, 0xDF, 0x01,
    0x00, 0x33, 0x00, 0x00, 0x41, 0x01, 0x00, 0x00, 0x00, 0x00, 0x00, 0x00,
    0x00, 0x43, 0x44, 0x44, 0x44, 0x44, 0x44, 0xD1, 0xFF, 0xFF, 0xFF, 0xFF,
    0xFF, 0x5F, 0xFC, 0xEF, 0xEE, 0xEE, 0xEE, 0xEE, 0xC5, 0xBF, 0x22, 0x22,
    0x22, 0x22, 0x12, 0xFC, 0x0B, 0x00, 0x00, 0x00, 0x00, 0xC0, 0xBF, 0x00,
    0x00, 0x00, 0x00, 0x00, 0xFC, 0x0B, 0x00, 0x00, 0x00, 0x00, 0xC0, 0xBF,
    0x00, 0x00, 0x00, 0x00, 0x00, 0xFC, 0x0B, 0x00, 0x00, 0x00, 0x00, 0xC0,
    0xCF, 0x44, 0x44, 0x44, 0x44, 0x01, 0xFC, 0xFF, 0xFF, 0xFF, 0xFF, 0x5F,
    0xC0, 0xFF, 0xEE, 0xEE, 0xEE, 0xEE, 0x05, 0xFC, 0x2B, 0x22, 0x22, 0x22,
    0x12, 0xC0, 0xBF, 0x00, 0x00, 0x00, 0x00, 0x00, 0xFC, 0x0B, 0x00, 0x00,
    0x00, 0x00, 0xC0, 0xBF, 0x00, 0x00, 0x00, 0x00, 0x00, 0xFC, 0x0B, 0x00,
    0x00, 0x00, 0x00, 0xC0, 0xBF, 0x00, 0x00, 0x00, 0x00, 0x00, 0xFC, 0x0B,
    0x00, 0x00, 0x00, 0x00, 0xC0, 0xCF, 0x55, 0x55, 0x55, 0x55, 0x25, 0xFD,
    0xFF, 0xFF, 0xFF, 0xFF, 0xFF, 0xC5, 0xEE, 0xEE, 0xEE, 0xEE, 0xEE, 0x5E,
    0x11, 0x11, 0x11, 0x11, 0x11, 0x11, 0x00, 0x10, 0x99, 0x07, 0x00, 0x00,
    0x00, 0x00, 0xF8, 0x7F, 0x00, 0x00, 0x00, 0x00, 0x90, 0xEF, 0x03, 0x00,
    0x00, 0x00, 0x00, 0xFC, 0x2E, 0x00, 0x00, 0x00, 0x00, 0x82, 0x48, 0x00,
    0x00, 0x00, 0x00, 0x00, 0x00, 0x00, 0x00, 0x43, 0x44, 0x44, 0x44, 0x44,
    0x24, 0xFB, 0xFF, 0xFF, 0xFF, 0xFF, 0xAF, 0xEA, 0xEE, 0xFF, 0xEF, 0xEE,
    0x9E, 0x21, 0x22, 0xF7, 0x6F, 0x22, 0x12, 0x00, 0x00, 0xF6, 0x4F, 0x00,
    0x00, 0x00, 0x00, 0xF6, 0x4F, 0x00, 0x00, 0x00, 0x00, 0xF6, 0x4F, 0x00,
    0x00, 0x00, 0x00, 0xF6, 0x4F, 0x00, 0x00, 0x00, 0x00, 0xF6, 0x4F, 0x00,
    0x00, 0x00, 0x00, 0xF6, 0x4F, 0x00, 0x00, 0x00, 0x00, 0xF6, 0x4F, 0x00,
    0x00, 0x00, 0x00, 0xF6, 0x4F, 0x00, 0x00, 0x00, 0x00, 0xF6, 0x4F, 0x00,
    0x00, 0x00, 0x00, 0xF6, 0x4F, 0x00, 0x00, 0x00, 0x00, 0xF6, 0x4F, 0x00,
    0x00, 0x00, 0x00, 0xF6, 0x4F, 0x00, 0x00, 0x00, 0x00, 0xF6, 0x4F, 0x00,
    0x00, 0x00, 0x00, 0xF6, 0x4F, 0x00, 0x00, 0x00, 0x00, 0xF5, 0x4F, 0x00,
    0x00, 0x53, 0x55, 0xF9, 0x8F, 0x55, 0x35, 0xFB, 0xFF, 0xFF, 0xFF, 0xFF,
    0xAF, 0xEA, 0xEE, 0xEE, 0xEE, 0xEE, 0x8E, 0x11, 0x11, 0x11, 0x11, 0x11,
    0x11, 0x00, 0x00, 0x00, 0x80, 0x89, 0x00, 0x00, 0x00, 0x00, 0xF7, 0x5F,
    0x00, 0x00, 0x00, 0x40, 0xFF, 0x07, 0x00, 0x00, 0x00, 0xE2, 0xAF, 0x00,
    0x00, 0x00, 0x00, 0x84, 0x17, 0x00, 0x00, 0x00, 0x00, 0x00, 0x00, 0x00,
    0x00, 0x43, 0x44, 0x44, 0x44, 0x44, 0x24, 0xFB, 0xFF, 0xFF, 0xFF, 0xFF,
    0xAF, 0xEA, 0xEE, 0xFF, 0xEF, 0xEE, 0x9E, 0x21, 0x22, 0xF7, 0x6F, 0x22,
    0x12, 0x00, 0x00, 0xF6, 0x4F, 0x00, 0x00, 0x00, 0x00, 0xF6, 0x4F, 0x00,
    0x00, 0x00, 0x00, 0xF6, 0x4F, 0x00, 0x00, 0x00, 0x00, 0xF6, 0x4F, 0x00,
    0x00, 0x00, 0x00, 0xF6, 0x4F, 0x00, 0x00, 0x00, 0x00, 0xF6, 0x4F, 0x00,
    0x00, 0x00, 0x00, 0xF6, 0x4F, 0x00, 0x00, 0x00, 0x00, 0xF6, 0x4F, 0x00,
    0x00, 0x00, 0x00, 0xF6, 0x4F, 0x00, 0x00, 0x00, 0x00, 0xF6, 0x4F, 0x00,
    0x00, 0x00, 0x00, 0xF6, 0x4F, 0x00, 0x00, 0x00, 0x00, 0xF6, 0x4F, 0x00,
    0x00, 0x00, 0x00, 0xF6, 0x4F, 0x00, 0x00, 0x00, 0x00, 0xF6, 0x4F, 0x00,
    0x00, 0x00, 0x00, 0xF5, 0x4F, 0x00, 0x00, 0x53, 0x55, 0xF9, 0x8F, 0x55,
    0x35, 0xFB, 0xFF, 0xFF, 0xFF, 0xFF, 0xAF, 0xEA, 0xEE, 0xEE, 0xEE, 0xEE,
    0x8E, 0x11, 0x11, 0x11, 0x11, 0x11, 0x11, 0x00, 0x00, 0x95, 0x49, 0x00,
    0x00, 0x00, 0x60, 0xFF, 0xFF, 0x04, 0x00, 0x00, 0xF5, 0x9F, 0xFA, 0x4E,
    0x00, 0x60, 0xFF, 0x09, 0xA0, 0xFF, 0x05, 0x81, 0x68, 0x00, 0x00, 0x87,
    0x17, 0x00, 0x00, 0x00, 0x00, 0x00, 0x00, 0x43, 0x44, 0x44, 0x44, 0x44,
    0x24, 0xFB, 0xFF, 0xFF, 0xFF, 0xFF, 0xAF, 0xEA, 0xEE, 0xFF, 0xEF, 0xEE,
    0x9E, 0x21, 0x22, 0xF7, 0x6F, 0x22, 0x12, 0x00, 0x00, 0xF6, 0x4F, 0x00,
    0x00, 0x00, 0x00, 0xF6, 0x4F, 0x00, 0x00, 0x00, 0x00, 0xF6, 0x4F, 0x00,
    0x00, 0x00, 0x00, 0xF6, 0x4F, 0x00, 0x00, 0x00, 0x00, 0xF6, 0x4F, 0x00,
    0x00, 0x00, 0x00, 0xF6, 0x4F, 0x00, 0x00, 0x00, 0x00, 0xF6, 0x4F, 0x00,
    0x00, 0x00, 0x00, 0xF6, 0x4F, 0x00, 0x00, 0x00, 0x00, 0xF6, 0x4F, 0x00,
    0x00, 0x00, 0x00, 0xF6, 0x4F, 0x00, 0x00, 0x00, 0x00, 0xF6, 0x4F, 0x00,
    0x00, 0x00, 0x00, 0xF6, 0x4F, 0x00, 0x00, 0x00, 0x00, 0xF6, 0x4F, 0x00,
    0x00, 0x00, 0x00, 0xF6, 0x4F, 0x00, 0x00, 0x00, 0x00, 0xF5, 0x4F, 0x00,
    0x00, 0x53, 0x55, 0xF9, 0x8F, 0x55, 0x35, 0xFB, 0xFF, 0xFF, 0xFF, 0xFF,
    0xAF, 0xEA, 0xEE, 0xEE, 0xEE, 0xEE, 0x8E, 0x11, 0x11, 0x11, 0x11, 0x11,
    0x11, 0x20, 0x57, 0x00, 0x00, 0x76, 0x01, 0xD1, 0xFF, 0x06, 0x70, 0xFF,
    0x0C, 0xF2, 0xFE, 0x09, 0xB0, 0xFF, 0x1F, 0xB0, 0xEF, 0x04, 0x50, 0xFF,
    0x09, 0x00, 0x24, 0x00, 0x00, 0x43, 0x00, 0x00, 0x00, 0x00, 0x00, 0x00,
    0x00, 0x43, 0x44, 0x44, 0x44, 0x44, 0x24, 0xFB, 0xFF, 0xFF, 0xFF, 0xFF,
    0xAF, 0xEA, 0xEE, 0xFF, 0xEF, 0xEE, 0x9E, 0x21, 0x22, 0xF7, 0x6F, 0x22,
    0x12, 0x00, 0x00, 0xF6, 0x4F, 0x00, 0x00, 0x00, 0x00, 0xF6, 0x4F, 0x00,
    0x00, 0x00, 0x00, 0xF6, 0x4F, 0x00, 0x00, 0x00, 0x00, 0xF6, 0x4F, 0x00,
    0x00, 0x00, 0x00, 0xF6, 0x4F, 0x00, 0x00, 0x00, 0x00, 0xF6, 0x4F, 0x00,
    0x00, 0x00, 0x00, 0xF6, 0x4F, 0x00, 0x00, 0x00, 0x00, 0xF6, 0x4F, 0x00,
    0x00, 0x00, 0x00, 0xF6, 0x4F, 0x00, 0x00, 0x00, 0x00, 0xF6, 0x4F, 0x00,
    0x00, 0x00, 0x00, 0xF6, 0x4F, 0x00, 0x00, 0x00, 0x00, 0xF6, 0x4F, 0x00,
    0x00, 0x00, 0x00, 0xF6, 0x4F, 0x00, 0x00, 0x00, 0x00, 0xF6, 0x4F, 0x00,
    0x00, 0x00, 0x00, 0xF5, 0x4F, 0x00, 0x00, 0x53, 0x55, 0xF9, 0x8F, 0x55,
    0x35, 0xFB, 0xFF, 0xFF, 0xFF, 0xFF, 0xAF, 0xEA, 0xEE, 0xEE, 0xEE, 0xEE,
    0x8E, 0x11, 0x11, 0x11, 0x11, 0x11, 0x11, 0x00, 0x40, 0x44, 0x44, 0x34,
    0x01, 0x00, 0x00, 0x00, 0xF2, 0xFF, 0xFF, 0xFF, 0xAE, 0x03, 0x00, 0x00,
    0xE2, 0xFF, 0xEE, 0xFE, 0xFF, 0x5E, 0x00, 0x00, 0xE2, 0x9F, 0x22, 0x32,
    0xE8, 0xEF, 0x02, 0x00, 0xE2, 0x8F, 0x00, 0x00, 0x50, 0xFF, 0x09, 0x00,
    0xE2, 0x8F, 0x00, 0x00, 0x00, 0xFB, 0x0D, 0x00, 0xE2, 0x8F, 0x00, 0x00,
    0x00, 0xF8, 0x2E, 0x00, 0xE2, 0x8F, 0x00, 0x00, 0x00, 0xF8, 0x2E, 0x00,
    0xE2, 0x8F, 0x00, 0x00, 0x00, 0xF8, 0x2E, 0x11, 0xE3, 0x8F, 0x11, 0x01,
    0x00, 0xF8, 0x2E, 0xE6, 0xFE, 0xEF, 0xEE, 0x09, 0x00, 0xF8, 0x2E, 0xF7,
    0xFF, 0xFF, 0xFF, 0x0B, 0x00, 0xF8, 0x2E, 0x52, 0xF6, 0xAF, 0x55, 0x03,
    0x00, 0xF8, 0x2E, 0x00, 0xE1, 0x7F, 0x00, 0x00, 0x00, 0xF8, 0x2E, 0x00,
    0xE2, 0x8F, 0x00, 0x00, 0x00, 0xF8, 0x2E, 0x00, 0xE2, 0x8F, 0x00, 0x00,
    0x00, 0xF8, 0x2E, 0x00, 0xE2, 0x8F, 0x00, 0x00, 0x00, 0xF9, 0x1E, 0x00,
    0xE2, 0x8F, 0x00, 0x00, 0x00, 0xFC, 0x0C, 0x00, 0xE2, 0x7F, 0x00, 0x00,
    0x80, 0xFF, 0x08, 0x00, 0xE2, 0xAF, 0x55, 0x65, 0xFB, 0xDF, 0x01, 0x00,
    0xF2, 0xFF, 0xFF, 0xFF, 0xFF, 0x2C, 0x00, 0x00, 0xE2, 0xEE, 0xEE, 0xDE,
    0x6B, 0x00, 0x00, 0x00, 0x10, 0x11, 0x11, 0x01, 0x00, 0x00, 0x00, 0x00,
    0x20, 0x67, 0x02, 0x20, 0x35, 0x00, 0x00, 0xE3, 0xFF, 0x5E, 0x40, 0x9F,
    0x00, 0x00, 0xF9, 0x58, 0xFE, 0xB8, 0x6F, 0x00, 0x00, 0xFA, 0x02, 0xC3,
    0xFF, 0x1B, 0x00, 0x00, 0x22, 0x01, 0x00, 0x33, 0x00, 0x00, 0x00, 0x00,
    0x00, 0x00, 0x00, 0x00, 0x00, 0x41, 0x44, 0x01, 0x00, 0x00, 0x42, 0x04,
    0xF3, 0xFF, 0x09, 0x00, 0x00, 0xF8, 0x1F, 0xF3, 0xFF, 0x1E, 0x00, 0x00,
    0xF7, 0x1E, 0xF3, 0xFF, 0x5F, 0x00, 0x00, 0xF7, 0x1E, 0xF3, 0xDE, 0xAF,
    0x00, 0x00, 0xF7, 0x1E, 0xF3, 0x8F, 0xEF, 0x01, 0x00, 0xF7, 0x1E, 0xF3,
    0x5F, 0xFC, 0x06, 0x00, 0xF7, 0x1E, 0xF3, 0x4F, 0xF8, 0x0B, 0x00, 0xF7,
    0x1E, 0xF3, 0x5F, 0xF3, 0x2E, 0x00, 0xF7, 0x1E, 0xF3, 0x6F, 0xD0, 0x7F,
    0x00, 0xF7, 0x1E, 0xF3, 0x6F, 0x80, 0xCF, 0x00, 0xF7, 0x1E, 0xF3, 0x6F,
    0x30, 0xFF, 0x03, 0xF7, 0x1E, 0xF3, 0x6F, 0x00, 0xFC, 0x08, 0xF7, 0x1E,
    0xF3, 0x6F, 0x00, 0xF7, 0x0D, 0xF7, 0x1E, 0xF3, 0x6F, 0x00, 0xF2, 0x2F,
    0xF6, 0x1E, 0xF3, 0x6F, 0x00, 0xB0, 0x8F, 0xF5, 0x1E, 0xF3, 0x6F, 0x00,
    0x60, 0xCF, 0xF6, 0x1E, 0xF3, 0x6F, 0x00, 0x10, 0xFE, 0xF9, 0x1E, 0xF3,
    0x6F, 0x00, 0x00, 0xFA, 0xFD, 0x1E, 0xF3, 0x6F, 0x00, 0x00, 0xF5, 0xFF,
    0x1E, 0xF3, 0x6F, 0x00, 0x00, 0xE1, 0xFF, 0x1F, 0xE2, 0x5E, 0x00, 0x00,
    0x90, 0xEE, 0x1D, 0x10, 0x01, 0x00, 0x00, 0x00, 0x11, 0x01, 0x00, 0x91,
    0x79, 0x00, 0x00, 0x00, 0x00, 0x00, 0x80, 0xFF, 0x07, 0x00, 0x00, 0x00,
    0x00, 0x00, 0xF9, 0x3E, 0x00, 0x00, 0x00, 0x00, 0x00, 0xC0, 0xEF, 0x02,
    0x00, 0x00, 0x00, 0x00, 0x20, 0x88, 0x04, 0x00, 0x00, 0x00, 0x00, 0x00,
    0x00, 0x00, 0x00, 0x00, 0x00, 0x00, 0x62, 0x77, 0x25, 0x00, 0x00, 0x00,
    0x91, 0xFE, 0xFF, 0xEF, 0x09, 0x00, 0x10, 0xFC, 0xEF, 0xCC, 0xFF, 0xBF,
    0x00, 0x70, 0xFF, 0x2A, 0x00, 0xB2, 0xFF, 0x06, 0xD0, 0xCF, 0x00, 0x00,
    0x10, 0xFD, 0x0C, 0xF2, 0x8F, 0x00, 0x00, 0x00, 0xF9, 0x1E, 0xF3, 0x6F,
    0x00, 0x00, 0x00, 0xF8, 0x2E, 0xF3, 0x6F, 0x00, 0x00, 0x00, 0xF8, 0x2E,
    0xF3, 0x6F, 0x00, 0x00, 0x00, 0xF8, 0x2E, 0xF3, 0x6F, 0x00, 0x00, 0x00,
    0xF8, 0x2E, 0xF3, 0x6F, 0x00, 0x00, 0x00, 0xF8, 0x2E, 0xF3, 0x6F, 0x00,
    0x00, 0x00, 0xF8, 0x2E, 0xF3, 0x6F, 0x00, 0x00, 0x00, 0xF8, 0x2E, 0xF3,
    0x6F, 0x00, 0x00, 0x00, 0xF8, 0x2E, 0xF3, 0x6F, 0x00, 0x00, 0x00, 0xF8,
    0x2E, 0xF3, 0x6F, 0x00, 0x00, 0x00, 0xF8, 0x2E, 0xF3, 0x6F, 0x00, 0x00,
    0x00, 0xF8, 0x2E, 0xE2, 0x9F, 0x00, 0x00, 0x00, 0xFA, 0x1D, 0xC0, 0xEF,
    0x02, 0x00, 0x20, 0xFE, 0x0B, 0x50, 0xFF, 0x5C, 0x22, 0xD6, 0xFF, 0x04,
    0x00, 0xF9, 0xFF, 0xFF, 0xFF, 0x8F, 0x00, 0x00, 0x60, 0xFC, 0xFF, 0xCE,
    0x05, 0x00, 0x00, 0x00, 0x20, 0x44, 0x02, 0x00, 0x00, 0x00, 0x00, 0x00,
    0x00, 0x98, 0x08, 0x00, 0x00, 0x00, 0x00, 0x70, 0xFF, 0x05, 0x00, 0x00,
    0x00, 0x00, 0xF4, 0x7F, 0x00, 0x00, 0x00, 0x00, 0x20, 0xFE, 0x0A, 0x00,
    0x00, 0x00, 0x00, 0x40, 0x78, 0x01, 0x00, 0x00, 0x00, 0x00, 0x00, 0x00,
    0x00, 0x00, 0x00, 0x00, 0x00, 0x62, 0x77, 0x25, 0x00, 0x00, 0x00, 0x91,
    0xFE, 0xFF, 0xEF, 0x09, 0x00, 0x10, 0xFC, 0xEF, 0xCC, 0xFF, 0xBF, 0x00,
    0x70, 0xFF, 0x2A, 0x00, 0xB2, 0xFF, 0x06, 0xD0, 0xCF, 0x00, 0x00, 0x10,
    0xFD, 0x0C, 0xF2, 0x8F, 0x00, 0x00, 0x00, 0xF9, 0x1E, 0xF3, 0x6F, 0x00,
    0x00, 0x00, 0xF8, 0x2E, 0xF3, 0x6F, 0x00, 0x00, 0x00, 0xF8, 0x2E, 0xF3,
    0x6F, 0x00, 0x00, 0x00, 0xF8, 0x2E, 0xF3, 0x6F, 0x00, 0x00, 0x00, 0xF8,
    0x2E, 0xF3, 0x6F, 0x00, 0x00, 0x00, 0xF8, 0x2E, 0xF3, 0x6F, 0x00, 0x00,
    0x00, 0xF8, 0x2E, 0xF3, 0x6F, 0x00, 0x00, 0x00, 0xF8, 0x2E, 0xF3, 0x6F,
    0x00, 0x00, 0x00, 0xF8, 0x2E, 0xF3, 0x6F, 0x00, 0x00, 0x00, 0xF8, 0x2E,
    0xF3, 0x6F, 0x00, 0x00, 0x00, 0xF8, 0x2E, 0xF3, 0x6F, 0x00, 0x00, 0x00,
    0xF8, 0x2E, 0xE2, 0x9F, 0x00, 0x00, 0x00, 0xFA, 0x1D, 0xC0, 0xEF, 0x02,
    0x00, 0x20, 0xFE, 0x0B, 0x50, 0xFF, 0x5C, 0x22, 0xD6, 0xFF, 0x04, 0x00,
    0xF9, 0xFF, 0xFF, 0xFF, 0x8F, 0x00, 0x00, 0x60, 0xFC, 0xFF, 0xCE, 0x05,
    0x00, 0x00, 0x00, 0x20, 0x44, 0x02, 0x00, 0x00, 0x00, 0x00, 0x50, 0x99,
    0x04, 0x00, 0x00, 0x00, 0x00, 0xF6, 0xFF, 0x4F, 0x00, 0x00, 0x00, 0x50,
    0xFF, 0xA9, 0xEF, 0x04, 0x00, 0x00, 0xF6, 0x9F, 0x00, 0xFA, 0x5F, 0x00,
    0x10, 0x87, 0x06, 0x00, 0x70, 0x78, 0x00, 0x00, 0x00, 0x00, 0x00, 0x00,
    0x00, 0x00, 0x00, 0x00, 0x52, 0x77, 0x25, 0x00, 0x00, 0x00, 0x91, 0xFE,
    0xFF, 0xEF, 0x09, 0x00, 0x10, 0xFC, 0xEF, 0xCC, 0xFF, 0xBF, 0x00, 0x70,
    0xFF, 0x2A, 0x00, 0xB2, 0xFF, 0x06, 0xD0, 0xCF, 0x00, 0x00, 0x10, 0xFD,
    0x0C, 0xF2, 0x8F, 0x00, 0x00, 0x00, 0xF9, 0x1E, 0xF3, 0x6F, 0x00, 0x00,
    0x00, 0xF8, 0x2E, 0xF3, 0x6F, 0x00, 0x00, 0x00, 0xF8, 0x2E, 0xF3, 0x6F,
    0x00, 0x00, 0x00, 0xF8, 0x2E, 0xF3, 0x6F, 0x00, 0x00, 0x00, 0xF8, 0x2E,
    0xF3, 0x6F, 0x00, 0x00, 0x00, 0xF8, 0x2E, 0xF3, 0x6F, 0x00, 0x00, 0x00,
    0xF8, 0x2E, 0xF3, 0x6F, 0x00, 0x00, 0x00, 0xF8, 0x2E, 0xF3, 0x6F, 0x00,
    0x00, 0x00, 0xF8, 0x2E, 0xF3, 0x6F, 0x00, 0x00, 0x00, 0xF8, 0x2E, 0xF3,
    0x6F, 0x00, 0x00, 0x00, 0xF8, 0x2E, 0xF3, 0x6F, 0x00, 0x00, 0x00, 0xF8,
    0x2E, 0xE2, 0x9F, 0x00, 0x00, 0x00, 0xFA, 0x1D, 0xC0, 0xEF, 0x02, 0x00,
    0x20, 0xFE, 0x0B, 0x50, 0xFF, 0x5C, 0x22, 0xD6, 0xFF, 0x04, 0x00, 0xF9,
    0xFF, 0xFF, 0xFF, 0x8F, 0x00, 0x00, 0x60, 0xFC, 0xFF, 0xCE, 0x05, 0x00,
    0x00, 0x00, 0x20, 0x44, 0x02, 0x00, 0x00, 0x00, 0x20, 0x67, 0x02, 0x20,
    0x35, 0x00, 0x00, 0xE3, 0xFF, 0x5E, 0x40, 0x9F, 0x00, 0x00, 0xF9, 0x58,
    0xFE, 0xB8, 0x6F, 0x00, 0x00, 0xFA, 0x02, 0xC3, 0xFF, 0x1B, 0x00, 0x00,
    0x21, 0x01, 0x10, 0x33, 0x00, 0x00, 0x00, 0x00, 0x00, 0x00, 0x00, 0x00,
    0x00, 0x00, 0x00, 0x52, 0x77, 0x25, 0x00, 0x00, 0x00, 0x91, 0xFE, 0xFF,
    0xEF, 0x09, 0x00, 0x10, 0xFC, 0xEF, 0xCC, 0xFF, 0xBF, 0x00, 0x70, 0xFF,
    0x2A, 0x00, 0xB2, 0xFF, 0x06, 0xD0, 0xCF, 0x00, 0x00, 0x10, 0xFD, 0x0C,
    0xF2, 0x8F, 0x00, 0x00, 0x00, 0xF9, 0x1E, 0xF3, 0x6F, 0x00, 0x00, 0x00,
    0xF8, 0x2E, 0xF3, 0x6F, 0x00, 0x00, 0x00, 0xF8, 0x2E, 0xF3, 0x6F, 0x00,
    0x00, 0x00, 0xF8, 0x2E, 0xF3, 0x6F, 0x00, 0x00, 0x00, 0xF8, 0x2E, 0xF3,
    0x6F, 0x00, 0x00, 0x00, 0xF8, 0x2E, 0xF3, 0x6F, 0x00, 0x00, 0x00, 0xF8,
    0x2E, 0xF3, 0x6F, 0x00, 0x00, 0x00, 0xF8, 0x2E, 0xF3, 0x6F, 0x00, 0x00,
    0x00, 0xF8, 0x2E, 0xF3, 0x6F, 0x00, 0x00, 0x00, 0xF8, 0x2E, 0xF3, 0x6F,
    0x00, 0x00, 0x00, 0xF8, 0x2E, 0xF3, 0x6F, 0x00, 0x00, 0x00, 0xF8, 0x2E,
    0xE2, 0x9F, 0x00, 0x00, 0x00, 0xFA, 0x1D, 0xC0, 0xEF, 0x02, 0x00, 0x20,
    0xFE, 0x0B, 0x50, 0xFF, 0x5C, 0x22, 0xD6, 0xFF, 0x04, 0x00, 0xF9, 0xFF,
    0xFF, 0xFF, 0x8F, 0x00, 0x00, 0x60, 0xFC, 0xFF, 0xCE, 0x05, 0x00, 0x00,
    0x00, 0x20, 0x44, 0x02, 0x00, 0x00, 0x00, 0x72, 0x05, 0x00, 0x60, 0x17,
    0x00, 0x10, 0xFD, 0x6F, 0x00, 0xF7, 0xCF, 0x00, 0x20, 0xEF, 0x9F, 0x00,
    0xFB, 0xFF, 0x01, 0x00, 0xFB, 0x4E, 0x00, 0xF5, 0x9F, 0x00, 0x00, 0x40,
    0x02, 0x00, 0x30, 0x03, 0x00, 0x00, 0x00, 0x00, 0x00, 0x00, 0x00, 0x00,
    0x00, 0x00, 0x52, 0x77, 0x25, 0x00, 0x00, 0x00, 0x91, 0xFE, 0xFF, 0xEF,
    0x09, 0x00, 0x10, 0xFC, 0xEF, 0xCC, 0xFF, 0xBF, 0x00, 0x70, 0xFF, 0x2A,
    0x00, 0xB2, 0xFF, 0x06, 0xD0, 0xCF, 0x00, 0x00, 0x10, 0xFD, 0x0C, 0xF2,
    0x8F, 0x00, 0x00, 0x00, 0xF9, 0x1E, 0xF3, 0x6F, 0x00, 0x00, 0x00, 0xF8,
    0x2E, 0xF3, 0x6F, 0x00, 0x00, 0x00, 0xF8, 0x2E, 0xF3, 0x6F, 0x00, 0x00,
    0x00, 0xF8, 0x2E, 0xF3, 0x6F, 0x00, 0x00, 0x00, 0xF8, 0x2E, 0xF3, 0x6F,
    0x00, 0x00, 0x00, 0xF8, 0x2E, 0xF3, 0x6F, 0x00, 0x00, 0x00, 0xF8, 0x2E,
    0xF3, 0x6F, 0x00, 0x00, 0x00, 0xF8, 0x2E, 0xF3, 0x6F, 0x00, 0x00, 0x00,
    0xF8, 0x2E, 0xF3, 0x6F, 0x00, 0x00, 0x00, 0xF8, 0x2E, 0xF3, 0x6F, 0x00,
    0x00, 0x00, 0xF8, 0x2E, 0xF3, 0x6F, 0x00, 0x00, 0x00, 0xF8, 0x2E, 0xE2,
    0x9F, 0x00, 0x00, 0x00, 0xFA, 0x1D, 0xC0, 0xEF, 0x02, 0x00, 0x20, 0xFE,
    0x0B, 0x50, 0xFF, 0x5C, 0x22, 0xD6, 0xFF, 0x04, 0x00, 0xF9, 0xFF, 0xFF,
    0xFF, 0x8F, 0x00, 0x00, 0x60, 0xFC, 0xFF, 0xCE, 0x05, 0x00, 0x00, 0x00,
    0x20, 0x44, 0x02, 0x00, 0x00, 0x00, 0x00, 0x00, 0x00, 0x00, 0x01, 0xC2,
    0x07, 0x00, 0x00, 0xA0, 0x2C, 0xF6, 0x7F, 0x00, 0x00, 0xF9, 0x4F, 0x80,
    0xFF, 0x07, 0x90, 0xFF, 0x05, 0x00, 0xF8, 0x7F, 0xF9, 0x5F, 0x00, 0x00,
    0x80, 0xFF, 0xEF, 0x06, 0x00, 0x00, 0x00, 0xFD, 0xAF, 0x00, 0x00, 0x00,
    0x90, 0xFF, 0xFF, 0x07, 0x00, 0x00, 0xF9, 0x5F, 0xF8, 0x7F, 0x00, 0x91,
    0xFF, 0x05, 0x80, 0xFF, 0x07, 0xF7, 0x5F, 0x00, 0x00, 0xF8, 0x4F, 0xA1,
    0x06, 0x00, 0x00, 0x90, 0x08, 0x00, 0x00, 0x20, 0x75, 0x57, 0x02, 0xA1,
    0x5B, 0x00, 0x10, 0xFA, 0xFF, 0xFF, 0x8E, 0xF8, 0x1E, 0x00, 0xC1, 0xFF,
    0xCE, 0xFC, 0xFF, 0xFF, 0x05, 0x00, 0xF8, 0xAF, 0x02, 0x20, 0xFB, 0xCF,
    0x00, 0x10, 0xFD, 0x0C, 0x00, 0x00, 0xF4, 0xBF, 0x00, 0x20, 0xFF, 0x08,
    0x00, 0x00, 0xFB, 0xEF, 0x01, 0x30, 0xFF, 0x06, 0x00, 0x50, 0xFF, 0xFF,
    0x02, 0x30, 0xFF, 0x06, 0x00, 0xD1, 0xEF, 0xFF, 0x02, 0x30, 0xFF, 0x06,
    0x00, 0xF7, 0x9C, 0xFF, 0x02, 0x30, 0xFF, 0x06, 0x10, 0xFE, 0x75, 0xEF,
    0x02, 0x30, 0xFF, 0x06, 0x90, 0xCF, 0x80, 0xEF, 0x02, 0x30, 0xFF, 0x06,
    0xF3, 0x4F, 0x80, 0xEF, 0x02, 0x30, 0xFF, 0x06, 0xFB, 0x0A, 0x80, 0xEF,
    0x02, 0x30, 0xFF, 0x35, 0xEF, 0x02, 0x80, 0xEF, 0x02, 0x30, 0xFF, 0xB6,
    0x8F, 0x00, 0x80, 0xEF, 0x02, 0x30, 0xFF, 0xFC, 0x1E, 0x00, 0x80, 0xEF,
    0x02, 0x30, 0xFF, 0xFF, 0x07, 0x00, 0x80, 0xEF, 0x02, 0x20, 0xFF, 0xDF,
    0x01, 0x00, 0xA0, 0xEF, 0x01, 0x00, 0xFC, 0x5F, 0x00, 0x00, 0xE2, 0xBF,
    0x00, 0x00, 0xFA, 0xCF, 0x25, 0x62, 0xFD, 0x5F, 0x00, 0x40, 0xFF, 0xFF,
    0xFF, 0xFF, 0xFF, 0x08, 0x00, 0xC0, 0x9F, 0xC6, 0xFF, 0xEF, 0x5C, 0x00,
    0x00, 0xF6, 0x2E, 0x00, 0x42, 0x24, 0x00, 0x00, 0x00, 0x22, 0x02, 0x00,
    0x00, 0x00, 0x00, 0x00, 0x00, 0x00, 0x91, 0x79, 0x00, 0x00, 0x00, 0x00,
    0x00, 0x80, 0xFF, 0x07, 0x00, 0x00, 0x00, 0x00, 0x00, 0xF9, 0x3E, 0x00,
    0x00, 0x00, 0x00, 0x00, 0xC0, 0xEF, 0x02, 0x00, 0x00, 0x00, 0x00, 0x20,
    0x87, 0x04, 0x00, 0x00, 0x00, 0x00, 0x00, 0x00, 0x00, 0x00, 0x00, 0x41,
    0x24, 0x00, 0x00, 0x00, 0x42, 0x04, 0xF3, 0x7F, 0x00, 0x00, 0x00, 0xF9,
    0x1F, 0xF3, 0x7F, 0x00, 0x00, 0x00, 0xF8, 0x1E, 0xF3, 0x7F, 0x00, 0x00,
    0x00, 0xF8, 0x1E, 0xF3, 0x7F, 0x00, 0x00, 0x00, 0xF8, 0x1E, 0xF3, 0x7F,
    0x00, 0x00, 0x00, 0xF8, 0x1E, 0xF3, 0x7F, 0x00, 0x00, 0x00, 0xF8, 0x1E,
    0xF3, 0x7F, 0x00, 0x00, 0x00, 0xF8, 0x1E, 0xF3, 0x7F, 0x00, 0x00, 0x00,
    0xF8, 0x1E, 0xF3, 0x7F, 0x00, 0x00, 0x00, 0xF8, 0x1E, 0xF3, 0x7F, 0x00,
    0x00, 0x00, 0xF8, 0x1E, 0xF3, 0x7F, 0x00, 0x00, 0x00, 0xF8, 0x1E, 0xF3,
    0x7F, 0x00, 0x00, 0x00, 0xF8, 0x1E, 0xF3, 0x7F, 0x00, 0x00, 0x00, 0xF8,
    0x1E, 0xF3, 0x7F, 0x00, 0x00, 0x00, 0xF8, 0x1E, 0xF3, 0x7F, 0x00, 0x00,
    0x00, 0xF8, 0x1E, 0xF2, 0x7F, 0x00, 0x00, 0x00, 0xF9, 0x1E, 0xE1, 0x9F,
    0x00, 0x00, 0x00, 0xFB, 0x0D, 0xC0, 0xEF, 0x02, 0x00, 0x30, 0xFE, 0x0B,
    0x50, 0xFF, 0x5C, 0x22, 0xD6, 0xFF, 0x04, 0x00, 0xF9, 0xFF, 0xFF, 0xFF,
    0x8F, 0x00, 0x00, 0x70, 0xFD, 0xFF, 0xCE, 0x06, 0x00, 0x00, 0x00, 0x20,
    0x44, 0x02, 0x00, 0x00, 0x00, 0x00, 0x00, 0x00, 0x98, 0x08, 0x00, 0x00,
    0x00, 0x00, 0x70, 0xFF, 0x05, 0x00, 0x00, 0x00, 0x00, 0xF4, 0x7F, 0x00,
    0x00, 0x00, 0x00, 0x20, 0xFE, 0x0A, 0x00, 0x00, 0x00, 0x00, 0x40, 0x78,
    0x01, 0x00, 0x00, 0x00, 0x00, 0x00, 0x00, 0x00, 0x00, 0x00, 0x41, 0x24,
    0x00, 0x00, 0x00, 0x42, 0x04, 0xF3, 0x7F, 0x00, 0x00, 0x00, 0xF9, 0x1F,
    0xF3, 0x7F, 0x00, 0x00, 0x00, 0xF8, 0x1E, 0xF3, 0x7F, 0x00, 0x00, 0x00,
    0xF8, 0x1E, 0xF3, 0x7F, 0x00, 0x00, 0x00, 0xF8, 0x1E, 0xF3, 0x7F, 0x00,
    0x00, 0x00, 0xF8, 0x1E, 0xF3, 0x7F, 0x00, 0x00, 0x00, 0xF8, 0x1E, 0xF3,
    0x7F, 0x00, 0x00, 0x00, 0xF8, 0x1E, 0xF3, 0x7F, 0x00, 0x00, 0x00, 0xF8,
    0x1E, 0xF3, 0x7F, 0x00, 0x00, 0x00, 0xF8, 0x1E, 0xF3, 0x7F, 0x00, 0x00,
    0x00, 0xF8, 0x1E, 0xF3, 0x7F, 0x00, 0x00, 0x00, 0xF8, 0x1E, 0xF3, 0x7F,
    0x00, 0x00, 0x00, 0xF8, 0x1E, 0xF3, 0x7F, 0x00, 0x00, 0x00, 0xF8, 0x1E,
    0xF3, 0x7F, 0x00, 0x00, 0x00, 0xF8, 0x1E, 0xF3, 0x7F, 0x00, 0x00, 0x00,
    0xF8, 0x1E, 0xF2, 0x7F, 0x00, 0x00, 0x00, 0xF9, 0x1E, 0xE1, 0x9F, 0x00,
    0x00, 0x00, 0xFB, 0x0D, 0xC0, 0xEF, 0x02, 0x00, 0x30, 0xFE, 0x0B, 0x50,
    0xFF, 0x5C, 0x22, 0xD6, 0xFF, 0x04, 0x00, 0xF9, 0xFF, 0xFF, 0xFF, 0x8F,
    0x00, 0x00, 0x70, 0xFD, 0xFF, 0xCE, 0x06, 0x00, 0x00, 0x00, 0x20, 0x44,
    0x02, 0x00, 0x00, 0x00, 0x00, 0x50, 0x99, 0x04, 0x00, 0x00, 0x00, 0x00,
    0xF6, 0xFF, 0x4F, 0x00, 0x00, 0x00, 0x50, 0xFF, 0xA9, 0xEF, 0x04, 0x00,
    0x00, 0xF6, 0x9F, 0x00, 0xFA, 0x5F, 0x00, 0x10, 0x88, 0x06, 0x00, 0x70,
    0x78, 0x01, 0x00, 0x00, 0x00, 0x00, 0x00, 0x00, 0x00, 0x41, 0x24, 0x00,
    0x00, 0x00, 0x42, 0x04, 0xF3, 0x7F, 0x00, 0x00, 0x00, 0xF9, 0x1F, 0xF3,
    0x7F, 0x00, 0x00, 0x00, 0xF8, 0x1E, 0xF3, 0x7F, 0x00, 0x00, 0x00, 0xF8,
    0x1E, 0xF3, 0x7F, 0x00, 0x00, 0x00, 0xF8, 0x1E, 0xF3, 0x7F, 0x00, 0x00,
    0x00, 0xF8, 0x1E, 0xF3, 0x7F, 0x00, 0x00, 0x00, 0xF8, 0x1E, 0xF3, 0x7F,
    0x00, 0x00, 0x00, 0xF8, 0x1E, 0xF3, 0x7F, 0x00, 0x00, 0x00, 0xF8, 0x1E,
    0xF3, 0x7F, 0x00, 0x00, 0x00, 0xF8, 0x1E, 0xF3, 0x7F, 0x00, 0x00, 0x00,
    0xF8, 0x1E, 0xF3, 0x7F, 0x00, 0x00, 0x00, 0xF8, 0x1E, 0xF3, 0x7F, 0x00,
    0x00, 0x00, 0xF8, 0x1E, 0xF3, 0x7F, 0x00, 0x00, 0x00, 0xF8, 0x1E, 0xF3,
    0x7F, 0x00, 0x00, 0x00, 0xF8, 0x1E, 0xF3, 0x7F, 0x00, 0x00, 0x00, 0xF8,
    0x1E, 0xF2, 0x7F, 0x00, 0x00, 0x00, 0xF9, 0x1E, 0xE1, 0x9F, 0x00, 0x00,
    0x00, 0xFB, 0x0D, 0xC0, 0xEF, 0x02, 0x00, 0x30, 0xFE, 0x0B, 0x50, 0xFF,
    0x5C, 0x22, 0xD6, 0xFF, 0x04, 0x00, 0xF9, 0xFF, 0xFF, 0xFF, 0x8F, 0x00,
    0x00, 0x70, 0xFD, 0xFF, 0xCE, 0x06, 0x00, 0x00, 0x00, 0x20, 0x44, 0x02,
    0x00, 0x00, 0x00, 0x72, 0x05, 0x00, 0x60, 0x17, 0x00, 0x10, 0xFD, 0x6F,
    0x00, 0xF7, 0xCF, 0x00, 0x20, 0xEF, 0x9F, 0x00, 0xFB, 0xFF, 0x01, 0x00,
    0xFB, 0x4E, 0x00, 0xF5, 0x9F, 0x00, 0x00, 0x40, 0x02, 0x00, 0x20, 0x04,
    0x00, 0x00, 0x00, 0x00, 0x00, 0x00, 0x00, 0x00, 0x41, 0x24, 0x00, 0x00,
    0x00, 0x42, 0x04, 0xF3, 0x7F, 0x00, 0x00, 0x00, 0xF9, 0x1F, 0xF3, 0x7F,
    0x00, 0x00, 0x00, 0xF8, 0x1E, 0xF3, 0x7F, 0x00, 0x00, 0x00, 0xF8, 0x1E,
    0xF3, 0x7F, 0x00, 0x00, 0x00, 0xF8, 0x1E, 0xF3, 0x7F, 0x00, 0x00, 0x00,
    0xF8, 0x1E, 0xF3, 0x7F, 0x00, 0x00, 0x00, 0xF8, 0x1E, 0xF3, 0x7F, 0x00,
    0x00, 0x00, 0xF8, 0x1E, 0xF3, 0x7F, 0x00, 0x00, 0x00, 0xF8, 0x1E, 0xF3,
    0x7F, 0x00, 0x00, 0x00, 0xF8, 0x1E, 0xF3, 0x7F, 0x00, 0x00, 0x00, 0xF8,
    0x1E, 0xF3, 0x7F, 0x00, 0x00, 0x00, 0xF8, 0x1E, 0xF3, 0x7F, 0x00, 0x00,
    0x00, 0xF8, 0x1E, 0xF3, 0x7F, 0x00, 0x00, 0x00, 0xF8, 0x1E, 0xF3, 0x7F,
    0x00, 0x00, 0x00, 0xF8, 0x1E, 0xF3, 0x7F, 0x00, 0x00, 0x00, 0xF8, 0x1E,
    0xF2, 0x7F, 0x00, 0x00, 0x00, 0xF9, 0x1E, 0xE1, 0x9F, 0x00, 0x00, 0x00,
    0xFB, 0x0D, 0xC0, 0xEF, 0x02, 0x00, 0x30, 0xFE, 0x0B, 0x50, 0xFF, 0x5C,
    0x22, 0xD6, 0xFF, 0x04, 0x00, 0xF9, 0xFF, 0xFF, 0xFF, 0x8F, 0x00, 0x00,
    0x70, 0xFD, 0xFF, 0xCE, 0x06, 0x00, 0x00, 0x00, 0x20, 0x44, 0x02, 0x00,
    0x00, 0x00, 0x00, 0x00, 0x00, 0x80, 0x89, 0x00, 0x00, 0x00, 0x00, 0x00,
    0x00, 0xF7, 0x5F, 0x00, 0x00, 0x00, 0x00, 0x00, 0x40, 0xFF, 0x07, 0x00,
    0x00, 0x00, 0x00, 0x00, 0xE2, 0xAF, 0x00, 0x00, 0x00, 0x00, 0x00, 0x00,
    0x84, 0x17, 0x00, 0x00, 0x00, 0x00, 0x00, 0x00, 0x00, 0x00, 0x00, 0x00,
    0x00, 0x43, 0x04, 0x00, 0x00, 0x00, 0x00, 0x40, 0x24, 0xF6, 0x6F, 0x00,
    0x00, 0x00, 0x00, 0xF6, 0x5F, 0xD0, 0xDF, 0x00, 0x00, 0x00, 0x00, 0xFD,
    0x0C, 0x60, 0xFF, 0x05, 0x00, 0x00, 0x50, 0xFF, 0x05, 0x10, 0xFD, 0x0C,
    0x00, 0x00, 0xC0, 0xCF, 0x00, 0x00, 0xF7, 0x4F, 0x00, 0x00, 0xF4, 0x5F,
    0x00, 0x00, 0xE1, 0xBF, 0x00, 0x00, 0xFB, 0x0D, 0x00, 0x00, 0x80, 0xFF,
    0x03, 0x40, 0xFF, 0x06, 0x00, 0x00, 0x10, 0xFE, 0x0A, 0xA0, 0xDF, 0x01,
    0x00, 0x00, 0x00, 0xF8, 0x2F, 0xF2, 0x7F, 0x00, 0x00, 0x00, 0x00, 0xE2,
    0x8F, 0xF9, 0x1D, 0x00, 0x00, 0x00, 0x00, 0x90, 0xEF, 0xFE, 0x07, 0x00,
    0x00, 0x00, 0x00, 0x20, 0xFF, 0xEF, 0x01, 0x00, 0x00, 0x00, 0x00, 0x00,
    0xF9, 0x8F, 0x00, 0x00, 0x00, 0x00, 0x00, 0x00, 0xF5, 0x4F, 0x00, 0x00,
    0x00, 0x00, 0x00, 0x00, 0xF5, 0x4F, 0x00, 0x00, 0x00, 0x00, 0x00, 0x00,
    0xF5, 0x4F, 0x00, 0x00, 0x00, 0x00, 0x00, 0x00, 0xF5, 0x4F, 0x00, 0x00,
    0x00, 0x00, 0x00, 0x00, 0xF5, 0x4F, 0x00, 0x00, 0x00, 0x00, 0x00, 0x00,
    0xF5, 0x4F, 0x00, 0x00, 0x00, 0x00, 0x00, 0x00, 0xF6, 0x4F, 0x00, 0x00,
    0x00, 0x00, 0x00, 0x00, 0xE5, 0x4E, 0x00, 0x00, 0x00, 0x00, 0x00, 0x00,
    0x10, 0x01, 0x00, 0x00, 0x00, 0x41, 0x24, 0x00, 0x00, 0x00, 0x00, 0x00,
    0x30, 0xFF, 0x07, 0x00, 0x00, 0x00, 0x00, 0x00, 0xF3, 0x7F, 0x00, 0x00,
    0x00, 0x00, 0x00, 0x30, 0xFF, 0x07, 0x00, 0x00, 0x00, 0x00, 0x00, 0xF3,
    0x7F, 0x00, 0x00, 0x00, 0x00, 0x00, 0x30, 0xFF, 0xCD, 0xCC, 0xBC, 0x6A,
    0x01, 0x00, 0xF3, 0xFF, 0xFF, 0xFF, 0xFF, 0xDF, 0x04, 0x30, 0xFF, 0x7B,
    0x77, 0x87, 0xFC, 0xEF, 0x02, 0xF3, 0x6F, 0x00, 0x00, 0x00, 0xF7, 0xAF,
    0x30, 0xFF, 0x07, 0x00, 0x00, 0x00, 0xFB, 0x1E, 0xF3, 0x7F, 0x00, 0x00,
    0x00, 0x80, 0xFF, 0x33, 0xFF, 0x07, 0x00, 0x00, 0x00, 0xF8, 0x3F, 0xF3,
    0x7F, 0x00, 0x00, 0x00, 0xC0, 0xEF, 0x31, 0xFF, 0x06, 0x00, 0x00, 0x80,
    0xFF, 0x0A, 0xF3, 0xBF, 0x88, 0x88, 0xC9, 0xFF, 0x2E, 0x30, 0xFF, 0xFF,
    0xFF, 0xFF, 0xFF, 0x3C, 0x00, 0xF3, 0xDF, 0xBB, 0xBB, 0x9B, 0x05, 0x00,
    0x30, 0xFF, 0x07, 0x00, 0x00, 0x00, 0x00, 0x00, 0xF3, 0x7F, 0x00, 0x00,
    0x00, 0x00, 0x00, 0x30, 0xFF, 0x07, 0x00, 0x00, 0x00, 0x00, 0x00, 0xF3,
    0x7F, 0x00, 0x00, 0x00, 0x00, 0x00, 0x20, 0xEE, 0x07, 0x00, 0x00, 0x00,
    0x00, 0x00, 0x10, 0x01, 0x00, 0x00, 0x00, 0x00, 0x00, 0x00, 0x00, 0x00,
    0x52, 0x77, 0x25, 0x00, 0x00, 0x00, 0x80, 0xFE, 0xFF, 0xEF, 0x1A, 0x00,
    0x00, 0xFA, 0xFF, 0xCC, 0xFF, 0xCF, 0x01, 0x60, 0xFF, 0x3C, 0x00, 0xB2,
    0xFF, 0x09, 0xC0, 0xEF, 0x01, 0x00, 0x10, 0xFD, 0x1E, 0xE1, 0xAF, 0x00,
    0x00, 0x00, 0xF8, 0x2F, 0xE2, 0x8F, 0x00, 0x00, 0x00, 0xF7, 0x2E, 0xE2,
    0x8F, 0x00, 0x00, 0x00, 0xFA, 0x0D, 0xE2, 0x8F, 0x00, 0x00, 0x40, 0xFF,
    0x06, 0xE2, 0x8F, 0x10, 0x44, 0xF8, 0x9F, 0x00, 0xE2, 0x8F, 0x50, 0xFF,
    0xEF, 0x07, 0x00, 0xE2, 0x8F, 0x50, 0xEE, 0xFF, 0x9E, 0x00, 0xE2, 0x8F,
    0x10, 0x22, 0xA4, 0xFF, 0x09, 0xE2, 0x8F, 0x00, 0x00, 0x00, 0xF9, 0x4F,
    0xE2, 0x8F, 0x00, 0x00, 0x00, 0xE2, 0x9F, 0xE2, 0x8F, 0x00, 0x00, 0x00,
    0xD0, 0xBF, 0xE2, 0x8F, 0x00, 0x00, 0x00, 0xD0, 0xBF, 0xE2, 0x8F, 0x00,
    0x00, 0x00, 0xF3, 0xAF, 0xE2, 0x8F, 0x00, 0x00, 0x20, 0xFC, 0x5F, 0xE2,
    0x8F, 0x20, 0x55, 0xD8, 0xFF, 0x0B, 0xF2, 0x8F, 0x50, 0xFF, 0xFF, 0xBF,
    0x01, 0xD2, 0x8E, 0x40, 0xEE, 0xAD, 0x05, 0x00, 0x10, 0x11, 0x00, 0x11,
    0x00, 0x00, 0x00, 0x00, 0xA1, 0xCD, 0x01, 0x00, 0x00, 0x00, 0x00, 0x30,
    0xFF, 0x0B, 0x00, 0x00, 0x00, 0x00, 0x00, 0xF4, 0x8F, 0x00, 0x00, 0x00,
    0x00, 0x00, 0x70, 0xFF, 0x06, 0x00, 0x00, 0x00, 0x00, 0x00, 0x44, 0x03,
    0x00, 0x00, 0x00, 0x00, 0x00, 0x00, 0x00, 0x00, 0x00, 0x00, 0x00, 0x20,
    0x44, 0x03, 0x00, 0x00, 0x00, 0x81, 0xFD, 0xFF, 0xDF, 0x07, 0x00, 0x10,
    0xFC, 0xFF, 0xFE, 0xFF, 0xBF, 0x00, 0x90, 0xFF, 0x4A, 0x22, 0xC5, 0xFF,
    0x06, 0xD1, 0xAE, 0x00, 0x00, 0x10, 0xFD, 0x0C, 0x20, 0x12, 0x00, 0x00,
    0x00, 0xFA, 0x1D, 0x00, 0x00, 0x00, 0x00, 0x00, 0xF9, 0x1E, 0x00, 0x71,
    0xBA, 0xBB, 0xBB, 0xFD, 0x1E, 0x40, 0xFD, 0xFF, 0xFF, 0xFF, 0xFF, 0x1E,
    0xE2, 0xEF, 0x47, 0x44, 0x44, 0xFB, 0x1E, 0xF8, 0x5F, 0x00, 0x00, 0x00,
    0xF9, 0x1E, 0xFB, 0x0D, 0x00, 0x00, 0x00, 0xF9, 0x1E, 0xFC, 0x0D, 0x00,
    0x00, 0x00, 0xFB, 0x1E, 0xFA, 0x4F, 0x00, 0x00, 0x50, 0xFF, 0x1E, 0xF5,
    0xEF, 0x36, 0x32, 0xF8, 0xFC, 0x1E, 0xA0, 0xFF, 0xFF, 0xFF, 0x9F, 0xF8,
    0x1E, 0x00, 0xD7, 0xFF, 0xEF, 0x08, 0xE8, 0x1D, 0x00, 0x10, 0x43, 0x13,
    0x00, 0x11, 0x01, 0x00, 0x00, 0x00, 0x00, 0xDA, 0x1B, 0x00, 0x00, 0x00,
    0x00, 0x80, 0xFF, 0x04, 0x00, 0x00, 0x00, 0x00, 0xF4, 0x7F, 0x00, 0x00,
    0x00, 0x00, 0x20, 0xFE, 0x0A, 0x00, 0x00, 0x00, 0x00, 0x20, 0x44, 0x01,
    0x00, 0x00, 0x00, 0x00, 0x00, 0x00, 0x00, 0x00, 0x00, 0x00, 0x00, 0x30,
    0x44, 0x02, 0x00, 0x00, 0x00, 0x81, 0xFD, 0xFF, 0xDF, 0x07, 0x00, 0x10,
    0xFC, 0xFF, 0xFE, 0xFF, 0xBF, 0x00, 0x90, 0xFF, 0x4A, 0x22, 0xC5, 0xFF,
    0x06, 0xD1, 0xAE, 0x00, 0x00, 0x10, 0xFD, 0x0C, 0x20, 0x12, 0x00, 0x00,
    0x00, 0xFA, 0x1D, 0x00, 0x00, 0x00, 0x00, 0x00, 0xF9, 0x1E, 0x00, 0x71,
    0xBA, 0xBB, 0xBB, 0xFD, 0x1E, 0x40, 0xFD, 0xFF, 0xFF, 0xFF, 0xFF, 0x1E,
    0xE2, 0xEF, 0x47, 0x44, 0x44, 0xFB, 0x1E, 0xF8, 0x5F, 0x00, 0x00, 0x00,
    0xF9, 0x1E, 0xFB, 0x0D, 0x00, 0x00, 0x00, 0xF9, 0x1E, 0xFC, 0x0D, 0x00,
    0x00, 0x00, 0xFB, 0x1E, 0xFA, 0x4F, 0x00, 0x00, 0x50, 0xFF, 0x1E, 0xF5,
    0xEF, 0x36, 0x32, 0xF8, 0xFC, 0x1E, 0xA0, 0xFF, 0xFF, 0xFF, 0x9F, 0xF8,
    0x1E, 0x00, 0xD7, 0xFF, 0xEF, 0x08, 0xE8, 0x1D, 0x00, 0x10, 0x43, 0x13,
    0x00, 0x11, 0x01, 0x00, 0x00, 0x70, 0xDD, 0x09, 0x00, 0x00, 0x00, 0x00,
    0xF7, 0xFF, 0x9F, 0x00, 0x00, 0x00, 0x70, 0xFF, 0x58, 0xFF, 0x09, 0x00,
    0x00, 0xF7, 0x8F, 0x00, 0xF5, 0xAF, 0x01, 0x00, 0x44, 0x03, 0x00, 0x30,
    0x44, 0x01, 0x00, 0x00, 0x00, 0x00, 0x00, 0x00, 0x00, 0x00, 0x00, 0x21,
    0x44, 0x02, 0x00, 0x00, 0x00, 0x81, 0xFD, 0xFF, 0xDF, 0x07, 0x00, 0x10,
    0xFC, 0xFF, 0xFE, 0xFF, 0xBF, 0x00, 0x90, 0xFF, 0x4A, 0x22, 0xC5, 0xFF,
    0x06, 0xD1, 0xAE, 0x00, 0x00, 0x10, 0xFD, 0x0C, 0x20, 0x12, 0x00, 0x00,
    0x00, 0xFA, 0x1D, 0x00, 0x00, 0x00, 0x00, 0x00, 0xF9, 0x1E, 0x00, 0x71,
    0xBA, 0xBB, 0xBB, 0xFD, 0x1E, 0x40, 0xFD, 0xFF, 0xFF, 0xFF, 0xFF, 0x1E,
    0xE2, 0xEF, 0x47, 0x44, 0x44, 0xFB, 0x1E, 0xF8, 0x5F, 0x00, 0x00, 0x00,
    0xF9, 0x1E, 0xFB, 0x0D, 0x00, 0x00, 0x00, 0xF9, 0x1E, 0xFC, 0x0D, 0x00,
    0x00, 0x00, 0xFB, 0x1E, 0xFA, 0x4F, 0x00, 0x00, 0x50, 0xFF, 0x1E, 0xF5,
    0xEF, 0x36, 0x32, 0xF8, 0xFC, 0x1E, 0xA0, 0xFF, 0xFF, 0xFF, 0x9F, 0xF8,
    0x1E, 0x00, 0xD7, 0xFF, 0xEF, 0x08, 0xE8, 0x1D, 0x00, 0x10, 0x43, 0x13,
    0x00, 0x11, 0x01, 0x00, 0x10, 0x76, 0x03, 0x10, 0x45, 0x00, 0x00, 0xD2,
    0xFF, 0x6F, 0x20, 0xCF, 0x00, 0x00, 0xF7, 0x59, 0xFD, 0xA9, 0x9F, 0x00,
    0x00, 0xF8, 0x05, 0xB2, 0xFF, 0x2C, 0x00, 0x00, 0x21, 0x01, 0x00, 0x33,
    0x00, 0x00, 0x00, 0x00, 0x00, 0x00, 0x00, 0x00, 0x00, 0x00, 0x00, 0x20,
    0x44, 0x03, 0x00, 0x00, 0x00, 0x81, 0xFD, 0xFF, 0xDF, 0x07, 0x00, 0x10,
    0xFC, 0xFF, 0xFE, 0xFF, 0xBF, 0x00, 0x90, 0xFF, 0x4A, 0x22, 0xC5, 0xFF,
    0x06, 0xD1, 0xAE, 0x00, 0x00, 0x10, 0xFD, 0x0C, 0x20, 0x12, 0x00, 0x00,
    0x00, 0xFA, 0x1D, 0x00, 0x00, 0x00, 0x00, 0x00, 0xF9, 0x1E, 0x00, 0x71,
    0xBA, 0xBB, 0xBB, 0xFD, 0x1E, 0x40, 0xFD, 0xFF, 0xFF, 0xFF, 0xFF, 0x1E,
    0xE2, 0xEF, 0x47, 0x44, 0x44, 0xFB, 0x1E, 0xF8, 0x5F, 0x00, 0x00, 0x00,
    0xF9, 0x1E, 0xFB, 0x0D, 0x00, 0x00, 0x00, 0xF9, 0x1E, 0xFC, 0x0D, 0x00,
    0x00, 0x00, 0xFB, 0x1E, 0xFA, 0x4F, 0x00, 0x00, 0x50, 0xFF, 0x1E, 0xF5,
    0xEF, 0x36, 0x32, 0xF8, 0xFC, 0x1E, 0xA0, 0xFF, 0xFF, 0xFF, 0x9F, 0xF8,
    0x1E, 0x00, 0xD7, 0xFF, 0xEF, 0x08, 0xE8, 0x1D, 0x00, 0x10, 0x43, 0x13,
    0x00, 0x11, 0x01, 0x00, 0x71, 0x06, 0x00, 0x50, 0x27, 0x00, 0x00, 0xFB,
    0x8F, 0x00, 0xF5, 0xDF, 0x01, 0x10, 0xFE, 0xBF, 0x00, 0xF8, 0xFE, 0x03,
    0x00, 0xF9, 0x6F, 0x00, 0xE3, 0xBF, 0x01, 0x00, 0x30, 0x03, 0x00, 0x20,
    0x04, 0x00, 0x00, 0x00, 0x00, 0x00, 0x00, 0x00, 0x00, 0x00, 0x00, 0x20,
    0x44, 0x02, 0x00, 0x00, 0x00, 0x81, 0xFD, 0xFF, 0xDF, 0x07, 0x00, 0x10,
    0xFC, 0xFF, 0xFE, 0xFF, 0xBF, 0x00, 0x90, 0xFF, 0x4A, 0x22, 0xC5, 0xFF,
    0x06, 0xD1, 0xAE, 0x00, 0x00, 0x10, 0xFD, 0x0C, 0x20, 0x12, 0x00, 0x00,
    0x00, 0xFA, 0x1D, 0x00, 0x00, 0x00, 0x00, 0x00, 0xF9, 0x1E, 0x00, 0x71,
    0xBA, 0xBB, 0xBB, 0xFD, 0x1E, 0x40, 0xFD, 0xFF, 0xFF, 0xFF, 0xFF, 0x1E,
    0xE2, 0xEF, 0x47, 0x44, 0x44, 0xFB, 0x1E, 0xF8, 0x5F, 0x00, 0x00, 0x00,
    0xF9, 0x1E, 0xFB, 0x0D, 0x00, 0x00, 0x00, 0xF9, 0x1E, 0xFC, 0x0D, 0x00,
    0x00, 0x00, 0xFB, 0x1E, 0xFA, 0x4F, 0x00, 0x00, 0x50, 0xFF, 0x1E, 0xF5,
    0xEF, 0x36, 0x32, 0xF8, 0xFC, 0x1E, 0xA0, 0xFF, 0xFF, 0xFF, 0x9F, 0xF8,
    0x1E, 0x00, 0xD7, 0xFF, 0xEF, 0x08, 0xE8, 0x1D, 0x00, 0x10, 0x43, 0x13,
    0x00, 0x11, 0x01, 0x00, 0x00, 0x00, 0x33, 0x01, 0x00, 0x00, 0x00, 0x00,
    0xD4, 0xFF, 0x6E, 0x00, 0x00, 0x00, 0x10, 0xEE, 0x55, 0xFD, 0x03, 0x00,
    0x00, 0x50, 0x6F, 0x00, 0xF3, 0x08, 0x00, 0x00, 0x50, 0x6F, 0x00, 0xF3,
    0x08, 0x00, 0x00, 0x10, 0xEE, 0x55, 0xFC, 0x03, 0x00, 0x00, 0x00, 0xD4,
    0xFF, 0x6E, 0x00, 0x00, 0x00, 0x00, 0x00, 0x32, 0x01, 0x00, 0x00, 0x00,
    0x00, 0x20, 0x33, 0x02, 0x00, 0x00, 0x00, 0x81, 0xFD, 0xFF, 0xDF, 0x07,
    0x00, 0x10, 0xFC, 0xFF, 0xFE, 0xFF, 0xBF, 0x00, 0x90, 0xFF, 0x4A, 0x22,
    0xC5, 0xFF, 0x06, 0xD1, 0xAE, 0x00, 0x00, 0x10, 0xFD, 0x0C, 0x20, 0x12,
    0x00, 0x00, 0x00, 0xFA, 0x1D, 0x00, 0x00, 0x00, 0x00, 0x00, 0xF9, 0x1E,
    0x00, 0x71, 0xBA, 0xBB, 0xBB, 0xFD, 0x1E, 0x40, 0xFD, 0xFF, 0xFF, 0xFF,
    0xFF, 0x1E, 0xE2, 0xEF, 0x47, 0x44, 0x44, 0xFB, 0x1E, 0xF8, 0x5F, 0x00,
    0x00, 0x00, 0xF9, 0x1E, 0xFB, 0x0D, 0x00, 0x00, 0x00, 0xF9, 0x1E, 0xFC,
    0x0D, 0x00, 0x00, 0x00, 0xFB, 0x1E, 0xFA, 0x4F, 0x00, 0x00, 0x50, 0xFF,
    0x1E, 0xF5, 0xEF, 0x36, 0x32, 0xF8, 0xFC, 0x1E, 0xA0, 0xFF, 0xFF, 0xFF,
    0x9F, 0xF8, 0x1E, 0x00, 0xD7, 0xFF, 0xEF, 0x08, 0xE8, 0x1D, 0x00, 0x10,
    0x43, 0x13, 0x00, 0x11, 0x01, 0x00, 0x20, 0x24, 0x00, 0x00, 0x42, 0x02,
    0x00, 0x10, 0xFA, 0xFF, 0x1B, 0xA1, 0xFF, 0xBF, 0x01, 0xA0, 0xFF, 0xFF,
    0xAF, 0xF9, 0xFF, 0xFF, 0x0C, 0xF3, 0x9F, 0x32, 0xFC, 0xDF, 0x24, 0xF9,
    0x5F, 0xE5, 0x0D, 0x00, 0xF4, 0x5F, 0x00, 0xD0, 0x9F, 0x10, 0x01, 0x00,
    0xF3, 0x3F, 0x10, 0xC0, 0x9F, 0x00, 0x00, 0x00, 0xF1, 0x2F, 0x00, 0xB0,
    0x9F, 0x00, 0x62, 0x77, 0xF8, 0x9F, 0x77, 0xD7, 0x9F, 0x50, 0xFE, 0xFF,
    0xFF, 0xFF, 0xFF, 0xFF, 0xAF, 0xF2, 0xCF, 0x78, 0xF8, 0x9F, 0x77, 0x77,
    0x58, 0xF9, 0x1D, 0x00, 0xF1, 0x2F, 0x00, 0x00, 0x00, 0xFC, 0x09, 0x01,
    0xF3, 0x3F, 0x00, 0x00, 0x00, 0xFC, 0x09, 0x00, 0xF2, 0x3F, 0x00, 0x20,
    0x12, 0xFB, 0x0C, 0x00, 0xF4, 0x5F, 0x00, 0xD0, 0x9F, 0xF7, 0x8F, 0x32,
    0xFC, 0xDF, 0x24, 0xF8, 0x6F, 0xD1, 0xFF, 0xFF, 0x9F, 0xF8, 0xFF, 0xFF,
    0x1C, 0x20, 0xFB, 0xFF, 0x1A, 0x90, 0xFF, 0xBF, 0x02, 0x00, 0x30, 0x24,
    0x00, 0x00, 0x42, 0x02, 0x00, 0x00, 0x00, 0x20, 0x44, 0x03, 0x00, 0x00,
    0x00, 0x50, 0xEC, 0xFF, 0xDF, 0x18, 0x00, 0x00, 0xF8, 0xFF, 0xEF, 0xFF,
    0xCF, 0x01, 0x50, 0xFF, 0x6D, 0x23, 0xB4, 0xFF, 0x0A, 0xC0, 0xEF, 0x02,
    0x00, 0x00, 0xFB, 0x2F, 0xE2, 0x9F, 0x00, 0x00, 0x00, 0xF5, 0x6F, 0xF3,
    0x6F, 0x00, 0x00, 0x00, 0x41, 0x24, 0xF3, 0x6F, 0x00, 0x00, 0x00, 0x00,
    0x00, 0xF3, 0x6F, 0x00, 0x00, 0x00, 0x00, 0x00, 0xF3, 0x6F, 0x00, 0x00,
    0x00, 0x00, 0x00, 0xF3, 0x6F, 0x00, 0x00, 0x00, 0x00, 0x00, 0xF3, 0x6F,
    0x00, 0x00, 0x00, 0x41, 0x24, 0xE2, 0x9F, 0x00, 0x00, 0x00, 0xF5, 0x6F,
    0xC0, 0xEF, 0x02, 0x00, 0x00, 0xFB, 0x2F, 0x50, 0xFF, 0x6D, 0x23, 0xB4,
    0xFF, 0x0A, 0x00, 0xF8, 0xFF, 0xEF, 0xFF, 0xCF, 0x01, 0x00, 0x50, 0xEC,
    0xFF, 0xDF, 0x18, 0x00, 0x00, 0x00, 0xC0, 0x4E, 0x02, 0x00, 0x00, 0x00,
    0x00, 0xE2, 0xCF, 0x18, 0x00, 0x00, 0x00, 0x00, 0x11, 0xB3, 0xDF, 0x01,
    0x00, 0x00, 0x00, 0x00, 0x50, 0xFF, 0x04, 0x00, 0x00, 0x00, 0xC8, 0xFC,
    0xCF, 0x01, 0x00, 0x00, 0x00, 0xC8, 0xAC, 0x17, 0x00, 0x00, 0x00, 0xB1,
    0xBD, 0x01, 0x00, 0x00, 0x00, 0x00, 0x40, 0xFF, 0x09, 0x00, 0x00, 0x00,
    0x00, 0x00, 0xF6, 0x6F, 0x00, 0x00, 0x00, 0x00, 0x00, 0x90, 0xFF, 0x04,
    0x00, 0x00, 0x00, 0x00, 0x00, 0x44, 0x03, 0x00, 0x00, 0x00, 0x00, 0x00,
    0x00, 0x00, 0x00, 0x00, 0x00, 0x00, 0x20, 0x44, 0x02, 0x00, 0x00, 0x00,
    0x60, 0xFC, 0xFF, 0xCE, 0x05, 0x00, 0x00, 0xF9, 0xFF, 0xEE, 0xFF, 0x8F,
    0x00, 0x60, 0xFF, 0x4B, 0x11, 0xC4, 0xFF, 0x05, 0xD0, 0xCF, 0x00, 0x00,
    0x10, 0xFD, 0x0C, 0xF3, 0x6F, 0x10, 0x00, 0x01, 0xF8, 0x2E, 0xF4, 0x3F,
    0x00, 0x00, 0x00, 0xF5, 0x3F, 0xF5, 0x6F, 0x44, 0x44, 0x44, 0xF8, 0x3F,
    0xF5, 0xFF, 0xFF, 0xFF, 0xFF, 0xFF, 0x4F, 0xF5, 0xCF, 0xBB, 0xBB, 0xBB,
    0xBB, 0x3B, 0xF5, 0x3F, 0x00, 0x00, 0x00, 0x00, 0x00, 0xF4, 0x4F, 0x00,
    0x00, 0x00, 0x00, 0x00, 0xF3, 0x6F, 0x00, 0x00, 0x00, 0x21, 0x02, 0xD0,
    0xDF, 0x01, 0x00, 0x00, 0xFB, 0x1D, 0x60, 0xFF, 0x5C, 0x22, 0xB4, 0xFF,
    0x09, 0x00, 0xF9, 0xFF, 0xFF, 0xFF, 0xBF, 0x01, 0x00, 0x60, 0xFC, 0xFF,
    0xCF, 0x07, 0x00, 0x00, 0x00, 0x20, 0x44, 0x02, 0x00, 0x00, 0x00, 0x00,
    0x00, 0x10, 0xDB, 0x0A, 0x00, 0x00, 0x00, 0x00, 0xA0, 0xFF, 0x03, 0x00,
    0x00, 0x00, 0x00, 0xF6, 0x5F, 0x00, 0x00, 0x00, 0x00, 0x40, 0xFF, 0x08,
    0x00, 0x00, 0x00, 0x00, 0x30, 0x44, 0x00, 0x00, 0x00, 0x00, 0x00, 0x00,
    0x00, 0x00, 0x00, 0x00, 0x00, 0x00, 0x20, 0x44, 0x02, 0x00, 0x00, 0x00,
    0x60, 0xFC, 0xFF, 0xCE, 0x05, 0x00, 0x00, 0xF9, 0xFF, 0xEE, 0xFF, 0x8F,
    0x00, 0x60, 0xFF, 0x4B, 0x11, 0xC4, 0xFF, 0x05, 0xD0, 0xCF, 0x00, 0x00,
    0x10, 0xFD, 0x0C, 0xF3, 0x6F, 0x10, 0x00, 0x01, 0xF8, 0x2E, 0xF4, 0x3F,
    0x00, 0x00, 0x00, 0xF5, 0x3F, 0xF5, 0x6F, 0x44, 0x44, 0x44, 0xF8, 0x3F,
    0xF5, 0xFF, 0xFF, 0xFF, 0xFF, 0xFF, 0x4F, 0xF5, 0xCF, 0xBB, 0xBB, 0xBB,
    0xBB, 0x3B, 0xF5, 0x3F, 0x00, 0x00, 0x00, 0x00, 0x00, 0xF4, 0x4F, 0x00,
    0x00, 0x00, 0x00, 0x00, 0xF3, 0x6F, 0x00, 0x00, 0x00, 0x21, 0x02, 0xD0,
    0xDF, 0x01, 0x00, 0x00, 0xFB, 0x1D, 0x60, 0xFF, 0x5C, 0x22, 0xB4, 0xFF,
    0x09, 0x00, 0xF9, 0xFF, 0xFF, 0xFF, 0xBF, 0x01, 0x00, 0x60, 0xFC, 0xFF,
    0xCF, 0x07, 0x00, 0x00, 0x00, 0x20, 0x44, 0x02, 0x00, 0x00, 0x00, 0x00,
    0x90, 0xDD, 0x07, 0x00, 0x00, 0x00, 0x00, 0xF9, 0xFF, 0x7F, 0x00, 0x00,
    0x00, 0x80, 0xFF, 0x76, 0xFF, 0x07, 0x00, 0x00, 0xF9, 0x6F, 0x00, 0xF7,
    0x8F, 0x00, 0x10, 0x44, 0x03, 0x00, 0x30, 0x44, 0x00, 0x00, 0x00, 0x00,
    0x00, 0x00, 0x00, 0x00, 0x00, 0x00, 0x20, 0x44, 0x02, 0x00, 0x00, 0x00,
    0x60, 0xFC, 0xFF, 0xCE, 0x05, 0x00, 0x00, 0xF9, 0xFF, 0xEE, 0xFF, 0x8F,
    0x00, 0x60, 0xFF, 0x4B, 0x11, 0xC4, 0xFF, 0x05, 0xD0, 0xCF, 0x00, 0x00,
    0x10, 0xFD, 0x0C, 0xF3, 0x6F, 0x10, 0x00, 0x01, 0xF8, 0x2E, 0xF4, 0x3F,
    0x00, 0x00, 0x00, 0xF5, 0x3F, 0xF5, 0x6F, 0x44, 0x44, 0x44, 0xF8, 0x3F,
    0xF5, 0xFF, 0xFF, 0xFF, 0xFF, 0xFF, 0x4F, 0xF5, 0xCF, 0xBB, 0xBB, 0xBB,
    0xBB, 0x3B, 0xF5, 0x3F, 0x00, 0x00, 0x00, 0x00, 0x00, 0xF4, 0x4F, 0x00,
    0x00, 0x00, 0x00, 0x00, 0xF3, 0x6F, 0x00, 0x00, 0x00, 0x21, 0x02, 0xD0,
    0xDF, 0x01, 0x00, 0x00, 0xFB, 0x1D, 0x60, 0xFF, 0x5C, 0x22, 0xB4, 0xFF,
    0x09, 0x00, 0xF9, 0xFF, 0xFF, 0xFF, 0xBF, 0x01, 0x00, 0x60, 0xFC, 0xFF,
    0xCF, 0x07, 0x00, 0x00, 0x00, 0x20, 0x44, 0x02, 0x00, 0x00, 0x00, 0x72,
    0x05, 0x00, 0x60, 0x17, 0x00, 0x10, 0xFD, 0x6F, 0x00, 0xF7, 0xCF, 0x00,
    0x20, 0xEF, 0x9F, 0x00, 0xFB, 0xFF, 0x01, 0x00, 0xFB, 0x4E, 0x00, 0xF5,
    0x9F, 0x00, 0x00, 0x40, 0x02, 0x00, 0x20, 0x03, 0x00, 0x00, 0x00, 0x00,
    0x00, 0x00, 0x00, 0x00, 0x00, 0x00, 0x20, 0x44, 0x02, 0x00, 0x00, 0x00,
    0x60, 0xFC, 0xFF, 0xCE, 0x05, 0x00, 0x00, 0xF9, 0xFF, 0xEE, 0xFF, 0x8F,
    0x00, 0x60, 0xFF, 0x4B, 0x11, 0xC4, 0xFF, 0x05, 0xD0, 0xCF, 0x00, 0x00,
    0x10, 0xFD, 0x0C, 0xF3, 0x6F, 0x10, 0x00, 0x01, 0xF8, 0x2E, 0xF4, 0x3F,
    0x00, 0x00, 0x00, 0xF5, 0x3F, 0xF5, 0x6F, 0x44, 0x44, 0x44, 0xF8, 0x3F,
    0xF5, 0xFF, 0xFF, 0xFF, 0xFF, 0xFF, 0x4F, 0xF5, 0xCF, 0xBB, 0xBB, 0xBB,
    0xBB, 0x3B, 0xF5, 0x3F, 0x00, 0x00, 0x00, 0x00, 0x00, 0xF4, 0x4F, 0x00,
    0x00, 0x00, 0x00, 0x00, 0xF3, 0x6F, 0x00, 0x00, 0x00, 0x21, 0x02, 0xD0,
    0xDF, 0x01, 0x00, 0x00, 0xFB, 0x1D, 0x60, 0xFF, 0x5C, 0x22, 0xB4, 0xFF,
    0x09, 0x00, 0xF9, 0xFF, 0xFF, 0xFF, 0xBF, 0x01, 0x00, 0x60, 0xFC, 0xFF,
    0xCF, 0x07, 0x00, 0x00, 0x00, 0x20, 0x44, 0x02, 0x00, 0x00, 0x00, 0x10,
    0x00, 0x00, 0x00, 0x00, 0x00, 0x00, 0x00, 0xD7, 0x4C, 0x00, 0x00, 0x00,
    0x00, 0x00, 0x10, 0xFC, 0x2E, 0x00, 0x00, 0x00, 0x00, 0x00, 0x10, 0xFD,
    0x0C, 0x00, 0x00, 0x00, 0x00, 0x00, 0x30, 0xFE, 0x0A, 0x00, 0x00, 0x00,
    0x00, 0x00, 0x30, 0x44, 0x00, 0x00, 0x00, 0x00, 0x00, 0x00, 0x00, 0x00,
    0x00, 0x00, 0x00, 0x11, 0x11, 0x11, 0x11, 0x00, 0x00, 0x00, 0xA0, 0xEE,
    0xEE, 0xEE, 0x1D, 0x00, 0x00, 0x00, 0xFB, 0xFF, 0xFF, 0xEF, 0x01, 0x00,
    0x00, 0x30, 0x55, 0x55, 0xFB, 0x1E, 0x00, 0x00, 0x00, 0x00, 0x00, 0x90,
    0xEF, 0x01, 0x00, 0x00, 0x00, 0x00, 0x00, 0xF9, 0x1E, 0x00, 0x00, 0x00,
    0x00, 0x00, 0x90, 0xEF, 0x01, 0x00, 0x00, 0x00, 0x00, 0x00, 0xF9, 0x1E,
    0x00, 0x00, 0x00, 0x00, 0x00, 0x90, 0xEF, 0x01, 0x00, 0x00, 0x00, 0x00,
    0x00, 0xF9, 0x1E, 0x00, 0x00, 0x00, 0x00, 0x00, 0x90, 0xEF, 0x01, 0x00,
    0x00, 0x00, 0x00, 0x00, 0xF9, 0x1E, 0x00, 0x00, 0x00, 0x00, 0x00, 0x90,
    0xEF, 0x01, 0x00, 0x00, 0x00, 0x00, 0x00, 0xF9, 0x0E, 0x00, 0x00, 0x10,
    0x55, 0x55, 0xB5, 0xEF, 0x55, 0x55, 0x25, 0xF5, 0xFF, 0xFF, 0xFF, 0xFF,
    0xFF, 0xFF, 0x46, 0xEE, 0xEE, 0xEE, 0xEE, 0xEE, 0xEE, 0x5E, 0x10, 0x11,
    0x11, 0x11, 0x11, 0x11, 0x11, 0x00, 0x00, 0x00, 0x00, 0x00, 0x00, 0x10,
    0x00, 0x00, 0x00, 0x00, 0x00, 0x70, 0xDD, 0x03, 0x00, 0x00, 0x00, 0x00,
    0x40, 0xFF, 0x08, 0x00, 0x00, 0x00, 0x00, 0x10, 0xFD, 0x0B, 0x00, 0x00,
    0x00, 0x00, 0x10, 0xFB, 0x1D, 0x00, 0x00, 0x00, 0x00, 0x00, 0x41, 0x24,
    0x00, 0x00, 0x00, 0x00, 0x00, 0x00, 0x00, 0x00, 0x00, 0x00, 0x00, 0x11,
    0x11, 0x11, 0x11, 0x00, 0x00, 0x00, 0xA0, 0xEE, 0xEE, 0xEE, 0x1D, 0x00,
    0x00, 0x00, 0xFB, 0xFF, 0xFF, 0xEF, 0x01, 0x00, 0x00, 0x30, 0x55, 0x55,
    0xFB, 0x1E, 0x00, 0x00, 0x00, 0x00, 0x00, 0x90, 0xEF, 0x01, 0x00, 0x00,
    0x00, 0x00, 0x00, 0xF9, 0x1E, 0x00, 0x00, 0x00, 0x00, 0x00, 0x90, 0xEF,
    0x01, 0x00, 0x00, 0x00, 0x00, 0x00, 0xF9, 0x1E, 0x00, 0x00, 0x00, 0x00,
    0x00, 0x90, 0xEF, 0x01, 0x00, 0x00, 0x00, 0x00, 0x00, 0xF9, 0x1E, 0x00,
    0x00, 0x00, 0x00, 0x00, 0x90, 0xEF, 0x01, 0x00, 0x00, 0x00, 0x00, 0x00,
    0xF9, 0x1E, 0x00, 0x00, 0x00, 0x00, 0x00, 0x90, 0xEF, 0x01, 0x00, 0x00,
    0x00, 0x00, 0x00, 0xF9, 0x0E, 0x00, 0x00, 0x10, 0x55, 0x55, 0xB5, 0xEF,
    0x55, 0x55, 0x25, 0xF5, 0xFF, 0xFF, 0xFF, 0xFF, 0xFF, 0xFF, 0x46, 0xEE,
    0xEE, 0xEE, 0xEE, 0xEE, 0xEE, 0x5E, 0x10, 0x11, 0x11, 0x11, 0x11, 0x11,
    0x11, 0x00, 0x00, 0x00, 0x40, 0xDC, 0x2B, 0x00, 0x00, 0x00, 0x00, 0x40,
    0xFE, 0xFF, 0x1C, 0x00, 0x00, 0x00, 0x30, 0xFE, 0x4B, 0xFD, 0x1C, 0x00,
    0x00, 0x40, 0xFF, 0x1B, 0x20, 0xFD, 0x2D, 0x00, 0x00, 0x43, 0x14, 0x00,
    0x10, 0x44, 0x02, 0x00, 0x00, 0x00, 0x00, 0x00, 0x00, 0x00, 0x00, 0x10,
    0x11, 0x11, 0x11, 0x01, 0x00, 0x00, 0x00, 0xEA, 0xEE, 0xEE, 0xDE, 0x01,
    0x00, 0x00, 0xB0, 0xFF, 0xFF, 0xFF, 0x1E, 0x00, 0x00, 0x00, 0x53, 0x55,
    0xB5, 0xEF, 0x01, 0x00, 0x00, 0x00, 0x00, 0x00, 0xF9, 0x1E, 0x00, 0x00,
    0x00, 0x00, 0x00, 0x90, 0xEF, 0x01, 0x00, 0x00, 0x00, 0x00, 0x00, 0xF9,
    0x1E, 0x00, 0x00, 0x00, 0x00, 0x00, 0x90, 0xEF, 0x01, 0x00, 0x00, 0x00,
    0x00, 0x00, 0xF9, 0x1E, 0x00, 0x00, 0x00, 0x00, 0x00, 0x90, 0xEF, 0x01,
    0x00, 0x00, 0x00, 0x00, 0x00, 0xF9, 0x1E, 0x00, 0x00, 0x00, 0x00, 0x00,
    0x90, 0xEF, 0x01, 0x00, 0x00, 0x00, 0x00, 0x00, 0xF9, 0x1E, 0x00, 0x00,
    0x00, 0x00, 0x00, 0x90, 0xEF, 0x00, 0x00, 0x00, 0x51, 0x55, 0x55, 0xFB,
    0x5E, 0x55, 0x55, 0x52, 0xFF, 0xFF, 0xFF, 0xFF, 0xFF, 0xFF, 0x6F, 0xE4,
    0xEE, 0xEE, 0xEE, 0xEE, 0xEE, 0xEE, 0x05, 0x11, 0x11, 0x11, 0x11, 0x11,
    0x11, 0x01, 0x00, 0x60, 0x17, 0x00, 0x30, 0x47, 0x00, 0x00, 0x70, 0xFF,
    0x0C, 0x20, 0xFE, 0x4F, 0x00, 0x00, 0xFB, 0xFF, 0x01, 0xF4, 0xFE, 0x07,
    0x00, 0x50, 0xFF, 0x09, 0x10, 0xFC, 0x3E, 0x00, 0x00, 0x30, 0x03, 0x00,
    0x10, 0x24, 0x00, 0x00, 0x00, 0x00, 0x00, 0x00, 0x00, 0x00, 0x00, 0x10,
    0x11, 0x11, 0x11, 0x01, 0x00, 0x00, 0x00, 0xEA, 0xEE, 0xEE, 0xDE, 0x01,
    0x00, 0x00, 0xB0, 0xFF, 0xFF, 0xFF, 0x1E, 0x00, 0x00, 0x00, 0x53, 0x55,
    0xB5, 0xEF, 0x01, 0x00, 0x00, 0x00, 0x00, 0x00, 0xF9, 0x1E, 0x00, 0x00,
    0x00, 0x00, 0x00, 0x90, 0xEF, 0x01, 0x00, 0x00, 0x00, 0x00, 0x00, 0xF9,
    0x1E, 0x00, 0x00, 0x00, 0x00, 0x00, 0x90, 0xEF, 0x01, 0x00, 0x00, 0x00,
    0x00, 0x00, 0xF9, 0x1E, 0x00, 0x00, 0x00, 0x00, 0x00, 0x90, 0xEF, 0x01,
    0x00, 0x00, 0x00, 0x00, 0x00, 0xF9, 0x1E, 0x00, 0x00, 0x00, 0x00, 0x00,
    0x90, 0xEF, 0x01, 0x00, 0x00, 0x00, 0x00, 0x00, 0xF9, 0x1E, 0x00, 0x00,
    0x00, 0x00, 0x00, 0x90, 0xEF, 0x00, 0x00, 0x00, 0x51, 0x55, 0x55, 0xFB,
    0x5E, 0x55, 0x55, 0x52, 0xFF, 0xFF, 0xFF, 0xFF, 0xFF, 0xFF, 0x6F, 0xE4,
    0xEE, 0xEE, 0xEE, 0xEE, 0xEE, 0xEE, 0x05, 0x11, 0x11, 0x11, 0x11, 0x11,
    0x11, 0x01, 0x00, 0x40, 0x44, 0x00, 0x00, 0x21, 0x00, 0x00, 0x70, 0xFF,
    0x08, 0x50, 0xAC, 0x00, 0x00, 0x00, 0xFA, 0x8F, 0xFC, 0x9F, 0x00, 0x00,
    0x00, 0xE3, 0xFF, 0xDF, 0x27, 0x00, 0x00, 0x82, 0xFE, 0xFF, 0x1C, 0x00,
    0x00, 0x40, 0xFF, 0xBF, 0xFA, 0x5F, 0x00, 0x00, 0x60, 0xAF, 0x04, 0xC0,
    0xEF, 0x01, 0x00, 0x30, 0x04, 0x00, 0x30, 0xFF, 0x0A, 0x00, 0x00, 0x00,
    0x00, 0x00, 0xF6, 0x5F, 0x00, 0x00, 0x20, 0xA7, 0x9B, 0xA2, 0xDF, 0x01,
    0x00, 0xE7, 0xFF, 0xFF, 0x8F, 0xFE, 0x06, 0x60, 0xFF, 0xCF, 0x99, 0xFC,
    0xFF, 0x0C, 0xE2, 0xEF, 0x05, 0x00, 0x60, 0xFF, 0x3F, 0xF6, 0x7F, 0x00,
    0x00, 0x00, 0xF8, 0x6F, 0xF9, 0x1E, 0x00, 0x00, 0x00, 0xF2, 0x8F, 0xFA,
    0x0D, 0x00, 0x00, 0x00, 0xE1, 0x9F, 0xFA, 0x1D, 0x00, 0x00, 0x00, 0xE1,
    0x8F, 0xF8, 0x3F, 0x00, 0x00, 0x00, 0xF5, 0x6F, 0xF3, 0xBF, 0x00, 0x00,
    0x10, 0xFC, 0x1E, 0xA0, 0xFF, 0x5B, 0x22, 0xC5, 0xFF, 0x07, 0x10, 0xFB,
    0xFF, 0xFF, 0xFF, 0x9F, 0x00, 0x00, 0x70, 0xFC, 0xFF, 0xCE, 0x05, 0x00,
    0x00, 0x00, 0x20, 0x44, 0x02, 0x00, 0x00, 0x00, 0x10, 0x76, 0x03, 0x10,
    0x45, 0x00, 0x00, 0xD2, 0xFF, 0x6F, 0x20, 0xCF, 0x00, 0x00, 0xF7, 0x59,
    0xFD, 0xA9, 0x9F, 0x00, 0x00, 0xF8, 0x05, 0xB2, 0xFF, 0x2C, 0x00, 0x00,
    0x21, 0x01, 0x00, 0x33, 0x00, 0x00, 0x00, 0x00, 0x00, 0x00, 0x00, 0x00,
    0x00, 0x10, 0x11, 0x00, 0x42, 0x14, 0x00, 0x00, 0xD2, 0x7E, 0xA1, 0xFF,
    0xEF, 0x19, 0x00, 0xF2, 0x8F, 0xFB, 0xFF, 0xFF, 0xCF, 0x01, 0xE2, 0xCF,
    0x6E, 0x22, 0xD6, 0xFF, 0x07, 0xF2, 0xFF, 0x03, 0x00, 0x30, 0xFE, 0x0C,
    0xE2, 0xBF, 0x00, 0x00, 0x00, 0xFB, 0x1E, 0xE2, 0x8F, 0x00, 0x00, 0x00,
    0xF9, 0x1E, 0xE2, 0x8F, 0x00, 0x00, 0x00, 0xF8, 0x1E, 0xE2, 0x8F, 0x00,
    0x00, 0x00, 0xF8, 0x1E, 0xE2, 0x8F, 0x00, 0x00, 0x00, 0xF8, 0x1E, 0xE2,
    0x8F, 0x00, 0x00, 0x00, 0xF8, 0x1E, 0xE2, 0x8F, 0x00, 0x00, 0x00, 0xF8,
    0x1E, 0xE2, 0x8F, 0x00, 0x00, 0x00, 0xF8, 0x1E, 0xE2, 0x8F, 0x00, 0x00,
    0x00, 0xF8, 0x1E, 0xE2, 0x8F, 0x00, 0x00, 0x00, 0xF8, 0x1E, 0xF2, 0x8F,
    0x00, 0x00, 0x00, 0xF9, 0x1E, 0xD2, 0x7E, 0x00, 0x00, 0x00, 0xE8, 0x1D,
    0x10, 0x11, 0x00, 0x00, 0x00, 0x11, 0x01, 0x00, 0xB1, 0xBD, 0x01, 0x00,
    0x00, 0x00, 0x00, 0x40, 0xFF, 0x09, 0x00, 0x00, 0x00, 0x00, 0x00, 0xF6,
    0x6F, 0x00, 0x00, 0x00, 0x00, 0x00, 0x90, 0xFF, 0x04, 0x00, 0x00, 0x00,
    0x00, 0x00, 0x44, 0x03, 0x00, 0x00, 0x00, 0x00, 0x00, 0x00, 0x00, 0x00,
    0x00, 0x00, 0x00, 0x20, 0x44, 0x02, 0x00, 0x00, 0x00, 0x60, 0xFC, 0xFF,
    0xCE, 0x06, 0x00, 0x00, 0xFA, 0xFF, 0xFF, 0xFF, 0x8F, 0x00, 0x70, 0xFF,
    0x5C, 0x22, 0xD5, 0xFF, 0x05, 0xD0, 0xDF, 0x01, 0x00, 0x20, 0xFE, 0x0C,
    0xF3, 0x7F, 0x00, 0x00, 0x00, 0xF8, 0x2E, 0xF4, 0x5F, 0x00, 0x00, 0x00,
    0xF6, 0x3F, 0xF5, 0x5F, 0x00, 0x00, 0x00, 0xF6, 0x3F, 0xF5, 0x5F, 0x00,
    0x00, 0x00, 0xF6, 0x3F, 0xF5, 0x5F, 0x00, 0x00, 0x00, 0xF6, 0x3F, 0xF5,
    0x5F, 0x00, 0x00, 0x00, 0xF6, 0x3F, 0xF4, 0x5F, 0x00, 0x00, 0x00, 0xF6,
    0x3F, 0xF3, 0x7F, 0x00, 0x00, 0x00, 0xF8, 0x2E, 0xD0, 0xDF, 0x01, 0x00,
    0x20, 0xFE, 0x0C, 0x60, 0xFF, 0x5C, 0x22, 0xD5, 0xFF, 0x05, 0x00, 0xF9,
    0xFF, 0xFF, 0xFF, 0x8F, 0x00, 0x00, 0x60, 0xFC, 0xFF, 0xCE, 0x05, 0x00,
    0x00, 0x00, 0x20, 0x44, 0x02, 0x00, 0x00, 0x00, 0x00, 0x00, 0x10, 0xDB,
    0x0A, 0x00, 0x00, 0x00, 0x00, 0xA0, 0xFF, 0x03, 0x00, 0x00, 0x00, 0x00,
    0xF6, 0x5F, 0x00, 0x00, 0x00, 0x00, 0x40, 0xFF, 0x08, 0x00, 0x00, 0x00,
    0x00, 0x30, 0x44, 0x00, 0x00, 0x00, 0x00, 0x00, 0x00, 0x00, 0x00, 0x00,
    0x00, 0x00, 0x00, 0x20, 0x44, 0x02, 0x00, 0x00, 0x00, 0x60, 0xFC, 0xFF,
    0xCE, 0x06, 0x00, 0x00, 0xFA, 0xFF, 0xFF, 0xFF, 0x8F, 0x00, 0x70, 0xFF,
    0x5C, 0x22, 0xD5, 0xFF, 0x05, 0xD0, 0xDF, 0x01, 0x00, 0x20, 0xFE, 0x0C,
    0xF3, 0x7F, 0x00, 0x00, 0x00, 0xF8, 0x2E, 0xF4, 0x5F, 0x00, 0x00, 0x00,
    0xF6, 0x3F, 0xF5, 0x5F, 0x00, 0x00, 0x00, 0xF6, 0x3F, 0xF5, 0x5F, 0x00,
    0x00, 0x00, 0xF6, 0x3F, 0xF5, 0x5F, 0x00, 0x00, 0x00, 0xF6, 0x3F, 0xF5,
    0x5F, 0x00, 0x00, 0x00, 0xF6, 0x3F, 0xF4, 0x5F, 0x00, 0x00, 0x00, 0xF6,
    0x3F, 0xF3, 0x7F, 0x00, 0x00, 0x00, 0xF8, 0x2E, 0xD0, 0xDF, 0x01, 0x00,
    0x20, 0xFE, 0x0C, 0x60, 0xFF, 0x5C, 0x22, 0xD5, 0xFF, 0x05, 0x00, 0xF9,
    0xFF, 0xFF, 0xFF, 0x8F, 0x00, 0x00, 0x60, 0xFC, 0xFF, 0xCE, 0x05, 0x00,
    0x00, 0x00, 0x20, 0x44, 0x02, 0x00, 0x00, 0x00, 0x00, 0x90, 0xDD, 0x07,
    0x00, 0x00, 0x00, 0x00, 0xF9, 0xFF, 0x7F, 0x00, 0x00, 0x00, 0x80, 0xFF,
    0x76, 0xFF, 0x07, 0x00, 0x00, 0xF9, 0x6F, 0x00, 0xF7, 0x8F, 0x00, 0x10,
    0x44, 0x03, 0x00, 0x30, 0x44, 0x00, 0x00, 0x00, 0x00, 0x00, 0x00, 0x00,
    0x00, 0x00, 0x00, 0x20, 0x44, 0x02, 0x00, 0x00, 0x00, 0x60, 0xFC, 0xFF,
    0xCE, 0x06, 0x00, 0x00, 0xFA, 0xFF, 0xFF, 0xFF, 0x8F, 0x00, 0x70, 0xFF,
    0x5C, 0x22, 0xD5, 0xFF, 0x05, 0xD0, 0xDF, 0x01, 0x00, 0x20, 0xFE, 0x0C,
    0xF3, 0x7F, 0x00, 0x00, 0x00, 0xF8, 0x2E, 0xF4, 0x5F, 0x00, 0x00, 0x00,
    0xF6, 0x3F, 0xF5, 0x5F, 0x00, 0x00, 0x00, 0xF6, 0x3F, 0xF5, 0x5F, 0x00,
    0x00, 0x00, 0xF6, 0x3F, 0xF5, 0x5F, 0x00, 0x00, 0x00, 0xF6, 0x3F, 0xF5,
    0x5F, 0x00, 0x00, 0x00, 0xF6, 0x3F, 0xF4, 0x5F, 0x00, 0x00, 0x00, 0xF6,
    0x3F, 0xF3, 0x7F, 0x00, 0x00, 0x00, 0xF8, 0x2E, 0xD0, 0xDF, 0x01, 0x00,
    0x20, 0xFE, 0x0C, 0x60, 0xFF, 0x5C, 0x22, 0xD5, 0xFF, 0x05, 0x00, 0xF9,
    0xFF, 0xFF, 0xFF, 0x8F, 0x00, 0x00, 0x60, 0xFC, 0xFF, 0xCE, 0x05, 0x00,
    0x00, 0x00, 0x20, 0x44, 0x02, 0x00, 0x00, 0x00, 0x20, 0x77, 0x02, 0x20,
    0x36, 0x00, 0x00, 0xE3, 0xFF, 0x5E, 0x40, 0x9F, 0x00, 0x00, 0xF9, 0x58,
    0xFE, 0xB8, 0x6F, 0x00, 0x00, 0xFA, 0x02, 0xC3, 0xFF, 0x1B, 0x00, 0x00,
    0x21, 0x01, 0x10, 0x33, 0x00, 0x00, 0x00, 0x00, 0x00, 0x00, 0x00, 0x00,
    0x00, 0x00, 0x00, 0x20, 0x44, 0x02, 0x00, 0x00, 0x00, 0x60, 0xFC, 0xFF,
    0xCE, 0x06, 0x00, 0x00, 0xFA, 0xFF, 0xFF, 0xFF, 0x8F, 0x00, 0x70, 0xFF,
    0x5C, 0x22, 0xD5, 0xFF, 0x05, 0xD0, 0xDF, 0x01, 0x00, 0x20, 0xFE, 0x0C,
    0xF3, 0x7F, 0x00, 0x00, 0x00, 0xF8, 0x2E, 0xF4, 0x5F, 0x00, 0x00, 0x00,
    0xF6, 0x3F, 0xF5, 0x5F, 0x00, 0x00, 0x00, 0xF6, 0x3F, 0xF5, 0x5F, 0x00,
    0x00, 0x00, 0xF6, 0x3F, 0xF5, 0x5F, 0x00, 0x00, 0x00, 0xF6, 0x3F, 0xF5,
    0x5F, 0x00, 0x00, 0x00, 0xF6, 0x3F, 0xF4, 0x5F, 0x00, 0x00, 0x00, 0xF6,
    0x3F, 0xF3, 0x7F, 0x00, 0x00, 0x00, 0xF8, 0x2E, 0xD0, 0xDF, 0x01, 0x00,
    0x20, 0xFE, 0x0C, 0x60, 0xFF, 0x5C, 0x22, 0xD5, 0xFF, 0x05, 0x00, 0xF9,
    0xFF, 0xFF, 0xFF, 0x8F, 0x00, 0x00, 0x60, 0xFC, 0xFF, 0xCE, 0x05, 0x00,
    0x00, 0x00, 0x20, 0x44, 0x02, 0x00, 0x00, 0x00, 0x72, 0x05, 0x00, 0x60,
    0x17, 0x00, 0x10, 0xFD, 0x6F, 0x00, 0xF7, 0xCF, 0x00, 0x20, 0xEF, 0x9F,
    0x00, 0xFB, 0xFF, 0x01, 0x00, 0xFB, 0x4E, 0x00, 0xF5, 0x9F, 0x00, 0x00,
    0x40, 0x02, 0x00, 0x20, 0x03, 0x00, 0x00, 0x00, 0x00, 0x00, 0x00, 0x00,
    0x00, 0x00, 0x00, 0x20, 0x44, 0x02, 0x00, 0x00, 0x00, 0x60, 0xFC, 0xFF,
    0xCE, 0x06, 0x00, 0x00, 0xFA, 0xFF, 0xFF, 0xFF, 0x8F, 0x00, 0x70, 0xFF,
    0x5C, 0x22, 0xD5, 0xFF, 0x05, 0xD0, 0xDF, 0x01, 0x00, 0x20, 0xFE, 0x0C,
    0xF3, 0x7F, 0x00, 0x00, 0x00, 0xF8, 0x2E, 0xF4, 0x5F, 0x00, 0x00, 0x00,
    0xF6, 0x3F, 0xF5, 0x5F, 0x00, 0x00, 0x00, 0xF6, 0x3F, 0xF5, 0x5F, 0x00,
    0x00, 0x00, 0xF6, 0x3F, 0xF5, 0x5F, 0x00, 0x00, 0x00, 0xF6, 0x3F, 0xF5,
    0x5F, 0x00, 0x00, 0x00, 0xF6, 0x3F, 0xF4, 0x5F, 0x00, 0x00, 0x00, 0xF6,
    0x3F, 0xF3, 0x7F, 0x00, 0x00, 0x00, 0xF8, 0x2E, 0xD0, 0xDF, 0x01, 0x00,
    0x20, 0xFE, 0x0C, 0x60, 0xFF, 0x5C, 0x22, 0xD5, 0xFF, 0x05, 0x00, 0xF9,
    0xFF, 0xFF, 0xFF, 0x8F, 0x00, 0x00, 0x60, 0xFC, 0xFF, 0xCE, 0x05, 0x00,
    0x00, 0x00, 0x20, 0x44, 0x02, 0x00, 0x00, 0x00, 0x00, 0x72, 0x27, 0x00,
    0x00, 0x00, 0x20, 0xFE, 0xDF, 0x02, 0x00, 0x00, 0x70, 0xEF, 0xFE, 0x05,
    0x00, 0x00, 0x40, 0xFF, 0xFF, 0x03, 0x00, 0x00, 0x00, 0xB5, 0x4A, 0x00,
    0x00, 0x00, 0x00, 0x00, 0x00, 0x00, 0x00, 0x00, 0x00, 0x00, 0x00, 0x00,
    0x00, 0xB9, 0xBB, 0xBB, 0xBB, 0xBB, 0x8B, 0xFE, 0xFF, 0xFF, 0xFF, 0xFF,
    0xDF, 0x87, 0x88, 0x88, 0x88, 0x88, 0x68, 0x00, 0x00, 0x00, 0x00, 0x00,
    0x00, 0x00, 0x00, 0x00, 0x00, 0x00, 0x00, 0x00, 0x00, 0xB5, 0x4A, 0x00,
    0x00, 0x00, 0x40, 0xFF, 0xFF, 0x03, 0x00, 0x00, 0x70, 0xEF, 0xFE, 0x05,
    0x00, 0x00, 0x30, 0xFE, 0xEF, 0x02, 0x00, 0x00, 0x00, 0x72, 0x27, 0x00,
    0x00, 0x00, 0x00, 0x00, 0x00, 0x00, 0x00, 0x20, 0x23, 0x00, 0x00, 0x00,
    0x42, 0x24, 0x00, 0xF7, 0x4F, 0x00, 0x00, 0xC6, 0xFF, 0xEF, 0x7C, 0xFE,
    0x08, 0x00, 0x90, 0xFF, 0xFF, 0xFF, 0xFF, 0xCF, 0x00, 0x00, 0xF6, 0xCF,
    0x25, 0x62, 0xFE, 0x5F, 0x00, 0x00, 0xFC, 0x1D, 0x00, 0x20, 0xFE, 0xAF,
    0x00, 0x20, 0xFE, 0x07, 0x01, 0xD1, 0xFF, 0xEF, 0x01, 0x30, 0xFF, 0x04,
    0x00, 0xF9, 0x8D, 0xEF, 0x02, 0x30, 0xFF, 0x04, 0x50, 0xFF, 0x43, 0xEF,
    0x02, 0x30, 0xFF, 0x04, 0xD2, 0x9F, 0x60, 0xEF, 0x02, 0x30, 0xFF, 0x04,
    0xFB, 0x0C, 0x60, 0xEF, 0x02, 0x30, 0xFF, 0x53, 0xEF, 0x02, 0x60, 0xEF,
    0x02, 0x30, 0xFF, 0xE7, 0x6F, 0x00, 0x60, 0xEF, 0x02, 0x20, 0xFF, 0xFF,
    0x0A, 0x00, 0x80, 0xEF, 0x01, 0x00, 0xFC, 0xCF, 0x00, 0x00, 0xD2, 0xBF,
    0x00, 0x00, 0xF8, 0xCF, 0x25, 0x52, 0xFD, 0x5F, 0x00, 0x20, 0xFE, 0xFF,
    0xFF, 0xFF, 0xFF, 0x08, 0x00, 0xC0, 0xBF, 0xC6, 0xFF, 0xEF, 0x6C, 0x00,
    0x00, 0xD5, 0x3C, 0x00, 0x42, 0x24, 0x00, 0x00, 0x00, 0x01, 0x00, 0x00,
    0x00, 0x00, 0x00, 0x00, 0x00, 0x00, 0xB1, 0xBD, 0x01, 0x00, 0x00, 0x00,
    0x00, 0x40, 0xFF, 0x09, 0x00, 0x00, 0x00, 0x00, 0x00, 0xF6, 0x6F, 0x00,
    0x00, 0x00, 0x00, 0x00, 0x90, 0xFF, 0x04, 0x00, 0x00, 0x00, 0x00, 0x00,
    0x44, 0x03, 0x00, 0x00, 0x00, 0x00, 0x00, 0x00, 0x00, 0x00, 0x00, 0x10,
    0x01, 0x00, 0x00, 0x00, 0x11, 0x01, 0xE2, 0x7E, 0x00, 0x00, 0x00, 0xE8,
    0x1D, 0xF3, 0x7F, 0x00, 0x00, 0x00, 0xF9, 0x1E, 0xF3, 0x7F, 0x00, 0x00,
    0x00, 0xF8, 0x1E, 0xF3, 0x7F, 0x00, 0x00, 0x00, 0xF8, 0x1E, 0xF3, 0x7F,
    0x00, 0x00, 0x00, 0xF8, 0x1E, 0xF3, 0x7F, 0x00, 0x00, 0x00, 0xF8, 0x1E,
    0xF3, 0x7F, 0x00, 0x00, 0x00, 0xF8, 0x1E, 0xF3, 0x7F, 0x00, 0x00, 0x00,
    0xF8, 0x1E, 0xF3, 0x7F, 0x00, 0x00, 0x00, 0xF8, 0x1E, 0xF3, 0x7F, 0x00,
    0x00, 0x00, 0xF8, 0x1E, 0xF2, 0x7F, 0x00, 0x00, 0x00, 0xF9, 0x1E, 0xE1,
    0xAF, 0x00, 0x00, 0x00, 0xFB, 0x0D, 0xC0, 0xEF, 0x03, 0x00, 0x40, 0xFF,
    0x0A, 0x50, 0xFF, 0x5D, 0x22, 0xE6, 0xFF, 0x03, 0x00, 0xF8, 0xFF, 0xFF,
    0xFF, 0x7F, 0x00, 0x00, 0x60, 0xFC, 0xFF, 0xBE, 0x04, 0x00, 0x00, 0x00,
    0x20, 0x44, 0x02, 0x00, 0x00, 0x00, 0x00, 0x00, 0x10, 0xDB, 0x0A, 0x00,
    0x00, 0x00, 0x00, 0xA0, 0xFF, 0x03, 0x00, 0x00, 0x00, 0x00, 0xF6, 0x5F,
    0x00, 0x00, 0x00, 0x00, 0x40, 0xFF, 0x08, 0x00, 0x00, 0x00, 0x00, 0x30,
    0x44, 0x00, 0x00, 0x00, 0x00, 0x00, 0x00, 0x00, 0x00, 0x00, 0x00, 0x10,
    0x01, 0x00, 0x00, 0x00, 0x11, 0x01, 0xE2, 0x7E, 0x00, 0x00, 0x00, 0xE8,
    0x1D, 0xF3, 0x7F, 0x00, 0x00, 0x00, 0xF9, 0x1E, 0xF3, 0x7F, 0x00, 0x00,
    0x00, 0xF8, 0x1E, 0xF3, 0x7F, 0x00, 0x00, 0x00, 0xF8, 0x1E, 0xF3, 0x7F,
    0x00, 0x00, 0x00, 0xF8, 0x1E, 0xF3, 0x7F, 0x00, 0x00, 0x00, 0xF8, 0x1E,
    0xF3, 0x7F, 0x00, 0x00, 0x00, 0xF8, 0x1E, 0xF3, 0x7F, 0x00, 0x00, 0x00,
    0xF8, 0x1E, 0xF3, 0x7F, 0x00, 0x00, 0x00, 0xF8, 0x1E, 0xF3, 0x7F, 0x00,
    0x00, 0x00, 0xF8, 0x1E, 0xF2, 0x7F, 0x00, 0x00, 0x00, 0xF9, 0x1E, 0xE1,
    0xAF, 0x00, 0x00, 0x00, 0xFB, 0x0D, 0xC0, 0xEF, 0x03, 0x00, 0x40, 0xFF,
    0x0A, 0x50, 0xFF, 0x5D, 0x22, 0xE6, 0xFF, 0x03, 0x00, 0xF8, 0xFF, 0xFF,
    0xFF, 0x7F, 0x00, 0x00, 0x60, 0xFC, 0xFF, 0xBE, 0x04, 0x00, 0x00, 0x00,
    0x20, 0x44, 0x02, 0x00, 0x00, 0x00, 0x00, 0x90, 0xDD, 0x07, 0x00, 0x00,
    0x00, 0x00, 0xF9, 0xFF, 0x7F, 0x00, 0x00, 0x00, 0x80, 0xFF, 0x76, 0xFF,
    0x07, 0x00, 0x00, 0xF9, 0x6F, 0x00, 0xF7, 0x8F, 0x00, 0x10, 0x44, 0x03,
    0x00, 0x30, 0x44, 0x00, 0x00, 0x00, 0x00, 0x00, 0x00, 0x00, 0x00, 0x10,
    0x11, 0x00, 0x00, 0x00, 0x11, 0x01, 0xE2, 0x7E, 0x00, 0x00, 0x00, 0xE8,
    0x1D, 0xF3, 0x7F, 0x00, 0x00, 0x00, 0xF9, 0x1E, 0xF3, 0x7F, 0x00, 0x00,
    0x00, 0xF8, 0x1E, 0xF3, 0x7F, 0x00, 0x00, 0x00, 0xF8, 0x1E, 0xF3, 0x7F,
    0x00, 0x00, 0x00, 0xF8, 0x1E, 0xF3, 0x7F, 0x00, 0x00, 0x00, 0xF8, 0x1E,
    0xF3, 0x7F, 0x00, 0x00, 0x00, 0xF8, 0x1E, 0xF3, 0x7F, 0x00, 0x00, 0x00,
    0xF8, 0x1E, 0xF3, 0x7F, 0x00, 0x00, 0x00, 0xF8, 0x1E, 0xF3, 0x7F, 0x00,
    0x00, 0x00, 0xF8, 0x1E, 0xF2, 0x7F, 0x00, 0x00, 0x00, 0xF9, 0x1E, 0xE1,
    0xAF, 0x00, 0x00, 0x00, 0xFB, 0x0D, 0xC0, 0xEF, 0x03, 0x00, 0x40, 0xFF,
    0x0A, 0x50, 0xFF, 0x5D, 0x22, 0xE6, 0xFF, 0x03, 0x00, 0xF8, 0xFF, 0xFF,
    0xFF, 0x7F, 0x00, 0x00, 0x60, 0xFC, 0xFF, 0xBE, 0x04, 0x00, 0x00, 0x00,
    0x20, 0x44, 0x02, 0x00, 0x00, 0x00, 0x72, 0x05, 0x00, 0x60, 0x17, 0x00,
    0x10, 0xFD, 0x6F, 0x00, 0xF7, 0xCF, 0x00, 0x20, 0xEF, 0x9F, 0x00, 0xFB,
    0xFF, 0x01, 0x00, 0xFB, 0x4E, 0x00, 0xF5, 0x9F, 0x00, 0x00, 0x40, 0x02,
    0x00, 0x20, 0x03, 0x00, 0x00, 0x00, 0x00, 0x00, 0x00, 0x00, 0x00, 0x10,
    0x11, 0x00, 0x00, 0x00, 0x11, 0x01, 0xE2, 0x7E, 0x00, 0x00, 0x00, 0xE8,
    0x1D, 0xF3, 0x7F, 0x00, 0x00, 0x00, 0xF9, 0x1E, 0xF3, 0x7F, 0x00, 0x00,
    0x00, 0xF8, 0x1E, 0xF3, 0x7F, 0x00, 0x00, 0x00, 0xF8, 0x1E, 0xF3, 0x7F,
    0x00, 0x00, 0x00, 0xF8, 0x1E, 0xF3, 0x7F, 0x00, 0x00, 0x00, 0xF8, 0x1E,
    0xF3, 0x7F, 0x00, 0x00, 0x00, 0xF8, 0x1E, 0xF3, 0x7F, 0x00, 0x00, 0x00,
    0xF8, 0x1E, 0xF3, 0x7F, 0x00, 0x00, 0x00, 0xF8, 0x1E, 0xF3, 0x7F, 0x00,
    0x00, 0x00, 0xF8, 0x1E, 0xF2, 0x7F, 0x00, 0x00, 0x00, 0xF9, 0x1E, 0xE1,
    0xAF, 0x00, 0x00, 0x00, 0xFB, 0x0D, 0xC0, 0xEF, 0x03, 0x00, 0x40, 0xFF,
    0x0A, 0x50, 0xFF, 0x5D, 0x22, 0xE6, 0xFF, 0x03, 0x00, 0xF8, 0xFF, 0xFF,
    0xFF, 0x7F, 0x00, 0x00, 0x60, 0xFC, 0xFF, 0xBE, 0x04, 0x00, 0x00, 0x00,
    0x20, 0x44, 0x02, 0x00, 0x00, 0x00, 0x00, 0x00, 0x00, 0xB1, 0xAD, 0x00,
    0x00, 0x00, 0x00, 0x00, 0xA0, 0xFF, 0x03, 0x00, 0x00, 0x00, 0x00, 0x60,
    0xFF, 0x05, 0x00, 0x00, 0x00, 0x00, 0x40, 0xFF, 0x08, 0x00, 0x00, 0x00,
    0x00, 0x00, 0x43, 0x04, 0x00, 0x00, 0x00, 0x00, 0x00, 0x00, 0x00, 0x00,
    0x00, 0x00, 0x10, 0x01, 0x00, 0x00, 0x00, 0x00, 0x11, 0x11, 0xED, 0x0B,
    0x00, 0x00, 0x00, 0xB0, 0xCE, 0x90, 0xFF, 0x03, 0x00, 0x00, 0x30, 0xFF,
    0x08, 0xF3, 0x9F, 0x00, 0x00, 0x00, 0xF8, 0x3F, 0x00, 0xFC, 0x1D, 0x00,
    0x00, 0xD0, 0xBF, 0x00, 0x60, 0xFF, 0x05, 0x00, 0x40, 0xFF, 0x06, 0x00,
    0xE1, 0xBF, 0x00, 0x00, 0xF9, 0x1E, 0x00, 0x00, 0xF9, 0x2E, 0x00, 0xD1,
    0xAF, 0x00, 0x00, 0x30, 0xFF, 0x07, 0x50, 0xFF, 0x04, 0x00, 0x00, 0xC0,
    0xCF, 0x00, 0xFA, 0x0D, 0x00, 0x00, 0x00, 0xF6, 0x3F, 0xE1, 0x8F, 0x00,
    0x00, 0x00, 0x10, 0xFE, 0x58, 0xFF, 0x03, 0x00, 0x00, 0x00, 0xA0, 0xCF,
    0xFB, 0x0B, 0x00, 0x00, 0x00, 0x00, 0xF4, 0xFF, 0x6F, 0x00, 0x00, 0x00,
    0x00, 0x00, 0xFD, 0xEF, 0x01, 0x00, 0x00, 0x00, 0x00, 0x70, 0xFF, 0x0A,
    0x00, 0x00, 0x00, 0x00, 0x00, 0xF6, 0x4F, 0x00, 0x00, 0x00, 0x00, 0x00,
    0xC0, 0xDF, 0x00, 0x00, 0x00, 0x00, 0x00, 0x30, 0xFF, 0x08, 0x00, 0x00,
    0x00, 0x00, 0x00, 0xF8, 0x3F, 0x00, 0x00, 0x00, 0x00, 0x00, 0xD0, 0xCF,
    0x00, 0x00, 0x00, 0x00, 0x00, 0x50, 0xFF, 0x06, 0x00, 0x00, 0x00, 0x00,
    0x00, 0x42, 0x14, 0x00, 0x00, 0x00, 0x00, 0x41, 0x14, 0x00, 0x00, 0x00,
    0x00, 0x00, 0xF4, 0x6F, 0x00, 0x00, 0x00, 0x00, 0x00, 0xF4, 0x6F, 0x00,
    0x00, 0x00, 0x00, 0x00, 0xF4, 0x6F, 0x00, 0x00, 0x00, 0x00, 0x00, 0xF4,
    0x6F, 0x00, 0x00, 0x00, 0x00, 0x00, 0xF4, 0x6F, 0x00, 0x42, 0x13, 0x00,
    0x00, 0xF4, 0x5F, 0xB2, 0xFF, 0xDF, 0x08, 0x00, 0xF4, 0x6F, 0xFD, 0xFF,
    0xFF, 0xAF, 0x00, 0xF4, 0xDF, 0x5D, 0x22, 0xD6, 0xFF, 0x05, 0xF4, 0xEF,
    0x02, 0x00, 0x30, 0xFE, 0x0A, 0xF4, 0x8F, 0x00, 0x00, 0x00, 0xFB, 0x0D,
    0xF4, 0x6F, 0x00, 0x00, 0x00, 0xF9, 0x1E, 0xF4, 0x6F, 0x00, 0x00, 0x00,
    0xF9, 0x1E, 0xF4, 0x6F, 0x00, 0x00, 0x00, 0xF9, 0x1E, 0xF4, 0x6F, 0x00,
    0x00, 0x00, 0xF9, 0x1E, 0xF4, 0x6F, 0x00, 0x00, 0x00, 0xF9, 0x1E, 0xF4,
    0x6F, 0x00, 0x00, 0x00, 0xF9, 0x1E, 0xF4, 0x8F, 0x00, 0x00, 0x00, 0xFB,
    0x0D, 0xF4, 0xEF, 0x02, 0x00, 0x30, 0xFE, 0x0B, 0xF4, 0xDF, 0x5D, 0x22,
    0xD6, 0xFF, 0x05, 0xF4, 0x7F, 0xFD, 0xFF, 0xFF, 0xAF, 0x00, 0xF4, 0x5F,
    0xB2, 0xFF, 0xDF, 0x08, 0x00, 0xF4, 0x6F, 0x00, 0x42, 0x13, 0x00, 0x00,
    0xF4, 0x6F, 0x00, 0x00, 0x00, 0x00, 0x00, 0xF4, 0x6F, 0x00, 0x00, 0x00,
    0x00, 0x00, 0xF4, 0x6F, 0x00, 0x00, 0x00, 0x00, 0x00, 0xD3, 0x5D, 0x00,
    0x00, 0x00, 0x00, 0x00, 0x00, 0x20, 0x57, 0x00, 0x00, 0x76, 0x01, 0x00,
    0x10, 0xFD, 0x6F, 0x00, 0xF7, 0xCF, 0x00, 0x00, 0xF2, 0xFE, 0x09, 0xB0,
    0xFF, 0x1F, 0x00, 0x00, 0xFB, 0x4E, 0x00, 0xF5, 0x9F, 0x00, 0x00, 0x00,
    0x24, 0x00, 0x00, 0x32, 0x00, 0x00, 0x00, 0x00, 0x00, 0x00, 0x00, 0x00,
    0x00, 0x10, 0x01, 0x00, 0x00, 0x00, 0x00, 0x11, 0x11, 0xED, 0x0B, 0x00,
    0x00, 0x00, 0xB0, 0xCE, 0x90, 0xFF, 0x03, 0x00, 0x00, 0x30, 0xFF, 0x08,
    0xF3, 0x9F, 0x00, 0x00, 0x00, 0xF8, 0x3F, 0x00, 0xFC, 0x1D, 0x00, 0x00,
    0xD0, 0xBF, 0x00, 0x60, 0xFF, 0x05, 0x00, 0x40, 0xFF, 0x06, 0x00, 0xE1,
    0xBF, 0x00, 0x00, 0xF9, 0x1E, 0x00, 0x00, 0xF9, 0x2E, 0x00, 0xD1, 0xAF,
    0x00, 0x00, 0x30, 0xFF, 0x07, 0x50, 0xFF, 0x04, 0x00, 0x00, 0xC0, 0xCF,
    0x00, 0xFA, 0x0D, 0x00, 0x00, 0x00, 0xF6, 0x3F, 0xE1, 0x8F, 0x00, 0x00,
    0x00, 0x10, 0xFE, 0x58, 0xFF, 0x03, 0x00, 0x00, 0x00, 0xA0, 0xCF, 0xFB,
    0x0B, 0x00, 0x00, 0x00, 0x00, 0xF4, 0xFF, 0x6F, 0x00, 0x00, 0x00, 0x00,
    0x00, 0xFD, 0xEF, 0x01, 0x00, 0x00, 0x00, 0x00, 0x70, 0xFF, 0x0A, 0x00,
    0x00, 0x00, 0x00, 0x00, 0xF6, 0x4F, 0x00, 0x00, 0x00, 0x00, 0x00, 0xC0,
    0xDF, 0x00, 0x00, 0x00, 0x00, 0x00, 0x30, 0xFF, 0x08, 0x00, 0x00, 0x00,
    0x00, 0x00, 0xF8, 0x3F, 0x00, 0x00, 0x00, 0x00, 0x00, 0xD0, 0xCF, 0x00,
    0x00, 0x00, 0x00, 0x00, 0x50, 0xFF, 0x06, 0x00, 0x00, 0x00, 0x00, 0x00,
    0x42, 0x14, 0x00, 0x00, 0x00, 0x00, 0x00, 0x80, 0xCC, 0xCC, 0xCC, 0xCC,
    0x07, 0x00, 0x00, 0xC0, 0xFF, 0xFF, 0xFF, 0xFF, 0x0A, 0x00, 0x00, 0x50,
    0x77, 0x77, 0x77, 0x77, 0x04, 0x00, 0x00, 0x00, 0x00, 0x00, 0x00, 0x00,
    0x00, 0x00, 0x00, 0x00, 0x00, 0x00, 0x00, 0x00, 0x00, 0x00, 0x00, 0x00,
    0x00, 0x43, 0x34, 0x00, 0x00, 0x00, 0x00, 0x00, 0x10, 0xFE, 0xDF, 0x00,
    0x00, 0x00, 0x00, 0x00, 0x40, 0xFF, 0xFF, 0x03, 0x00, 0x00, 0x00, 0x00,
    0x70, 0xDF, 0xFD, 0x06, 0x00, 0x00, 0x00, 0x00, 0xB0, 0x9F, 0xFA, 0x0A,
    0x00, 0x00, 0x00, 0x00, 0xE1, 0x5F, 0xF7, 0x1D, 0x00, 0x00, 0x00, 0x00,
    0xF4, 0x2F, 0xF4, 0x3F, 0x00, 0x00, 0x00, 0x00, 0xF8, 0x0D, 0xE1, 0x7F,
    0x00, 0x00, 0x00, 0x00, 0xFC, 0x0A, 0xC0, 0xAF, 0x00, 0x00, 0x00, 0x20,
    0xFE, 0x07, 0x80, 0xEF, 0x01, 0x00, 0x00, 0x50, 0xFF, 0x03, 0x50, 0xFF,
    0x04, 0x00, 0x00, 0x90, 0xDF, 0x01, 0x20, 0xFE, 0x07, 0x00, 0x00, 0xC0,
    0xBF, 0x00, 0x00, 0xFC, 0x0B, 0x00, 0x00, 0xE2, 0x6F, 0x00, 0x00, 0xF8,
    0x1E, 0x00, 0x00, 0xF5, 0xCF, 0xBB, 0xBB, 0xFC, 0x4F, 0x00, 0x00, 0xF9,
    0xFF, 0xFF, 0xFF, 0xFF, 0x8F, 0x00, 0x00, 0xFD, 0x8D, 0x88, 0x88, 0xD8,
    0xBF, 0x00, 0x20, 0xFF, 0x08, 0x00, 0x00, 0x90, 0xEF, 0x01, 0x60, 0xFF,
    0x04, 0x00, 0x00, 0x50, 0xFF, 0x05, 0xA0, 0xEF, 0x01, 0x00, 0x00, 0x20,
    0xFE, 0x08, 0xD0, 0xBF, 0x00, 0x00, 0x00, 0x00, 0xFC, 0x0C, 0xE3, 0x7E,
    0x00, 0x00, 0x00, 0x00, 0xE8, 0x2D, 0x10, 0x01, 0x00, 0x00, 0x00, 0x00,
    0x10, 0x01, 0x00, 0xC6, 0xCC, 0xCC, 0xCC, 0x9C, 0x00, 0x00, 0xF9, 0xFF,
    0xFF, 0xFF, 0xCF, 0x00, 0x00, 0x74, 0x77, 0x77, 0x77, 0x57, 0x00, 0x00,
    0x00, 0x00, 0x00, 0x00, 0x00, 0x00, 0x00, 0x00, 0x00, 0x00, 0x00, 0x00,
    0x00, 0x00, 0x00, 0x20, 0x44, 0x02, 0x00, 0x00, 0x00, 0x81, 0xFD, 0xFF,
    0xDF, 0x07, 0x00, 0x10, 0xFC, 0xFF, 0xFE, 0xFF, 0xBF, 0x00, 0x90, 0xFF,
    0x4A, 0x22, 0xC5, 0xFF, 0x06, 0xD1, 0xAE, 0x00, 0x00, 0x10, 0xFD, 0x0C,
    0x20, 0x12, 0x00, 0x00, 0x00, 0xFA, 0x1D, 0x00, 0x00, 0x00, 0x00, 0x00,
    0xF9, 0x1E, 0x00, 0x71, 0xBA, 0xBB, 0xBB, 0xFD, 0x1E, 0x40, 0xFD, 0xFF,
    0xFF, 0xFF, 0xFF, 0x1E, 0xE2, 0xEF, 0x47, 0x44, 0x44, 0xFB, 0x1E, 0xF8,
    0x5F, 0x00, 0x00, 0x00, 0xF9, 0x1E, 0xFB, 0x0D, 0x00, 0x00, 0x00, 0xF9,
    0x1E, 0xFC, 0x0D, 0x00, 0x00, 0x00, 0xFB, 0x1E, 0xFA, 0x4F, 0x00, 0x00,
    0x50, 0xFF, 0x1E, 0xF5, 0xEF, 0x36, 0x32, 0xF8, 0xFC, 0x1E, 0xA0, 0xFF,
    0xFF, 0xFF, 0x9F, 0xF8, 0x1E, 0x00, 0xD7, 0xFF, 0xEF, 0x08, 0xE8, 0x1D,
    0x00, 0x10, 0x43, 0x13, 0x00, 0x11, 0x01, 0x00, 0x50, 0x37, 0x00, 0x00,
    0x73, 0x04, 0x00, 0x00, 0x90, 0x9F, 0x00, 0x00, 0xFA, 0x08, 0x00, 0x00,
    0x30, 0xEF, 0x16, 0x72, 0xFF, 0x02, 0x00, 0x00, 0x00, 0xF7, 0xFF, 0xFF,
    0x6F, 0x00, 0x00, 0x00, 0x00, 0x30, 0xB9, 0x8B, 0x03, 0x00, 0x00, 0x00,
    0x00, 0x00, 0x00, 0x00, 0x00, 0x00, 0x00, 0x00, 0x00, 0x00, 0x43, 0x34,
    0x00, 0x00, 0x00, 0x00, 0x00, 0x10, 0xFE, 0xDF, 0x00, 0x00, 0x00, 0x00,
    0x00, 0x40, 0xFF, 0xFF, 0x03, 0x00, 0x00, 0x00, 0x00, 0x70, 0xDF, 0xFD,
    0x06, 0x00, 0x00, 0x00, 0x00, 0xB0, 0x9F, 0xFA, 0x0A, 0x00, 0x00, 0x00,
    0x00, 0xE1, 0x5F, 0xF7, 0x1D, 0x00, 0x00, 0x00, 0x00, 0xF4, 0x2F, 0xF4,
    0x3F, 0x00, 0x00, 0x00, 0x00, 0xF8, 0x0D, 0xE1, 0x7F, 0x00, 0x00, 0x00,
    0x00, 0xFC, 0x0A, 0xC0, 0xAF, 0x00, 0x00, 0x00, 0x20, 0xFE, 0x07, 0x80,
    0xEF, 0x01, 0x00, 0x00, 0x50, 0xFF, 0x03, 0x50, 0xFF, 0x04, 0x00, 0x00,
    0x90, 0xDF, 0x01, 0x20, 0xFE, 0x07, 0x00, 0x00, 0xC0, 0xBF, 0x00, 0x00,
    0xFC, 0x0B, 0x00, 0x00, 0xE2, 0x6F, 0x00, 0x00, 0xF8, 0x1E, 0x00, 0x00,
    0xF5, 0xCF, 0xBB, 0xBB, 0xFC, 0x4F, 0x00, 0x00, 0xF9, 0xFF, 0xFF, 0xFF,
    0xFF, 0x8F, 0x00, 0x00, 0xFD, 0x8D, 0x88, 0x88, 0xD8, 0xBF, 0x00, 0x20,
    0xFF, 0x08, 0x00, 0x00, 0x90, 0xEF, 0x01, 0x60, 0xFF, 0x04, 0x00, 0x00,
    0x50, 0xFF, 0x05, 0xA0, 0xEF, 0x01, 0x00, 0x00, 0x20, 0xFE, 0x08, 0xD0,
    0xBF, 0x00, 0x00, 0x00, 0x00, 0xFC, 0x0C, 0xE3, 0x7E, 0x00, 0x00, 0x00,
    0x00, 0xE8, 0x2D, 0x10, 0x01, 0x00, 0x00, 0x00, 0x00, 0x10, 0x01, 0x00,
    0xB6, 0x06, 0x00, 0x40, 0x8B, 0x00, 0x00, 0xF6, 0x0C, 0x00, 0xA0, 0x9F,
    0x00, 0x00, 0xD1, 0xBF, 0x45, 0xF9, 0x2E, 0x00, 0x00, 0x30, 0xFC, 0xFF,
    0xDF, 0x05, 0x00, 0x00, 0x00, 0x40, 0x77, 0x15, 0x00, 0x00, 0x00, 0x00,
    0x00, 0x00, 0x00, 0x00, 0x00, 0x00, 0x00, 0x30, 0x44, 0x03, 0x00, 0x00,
    0x00, 0x81, 0xFD, 0xFF, 0xDF, 0x07, 0x00, 0x10, 0xFC, 0xFF, 0xFE, 0xFF,
    0xBF, 0x00, 0x90, 0xFF, 0x4A, 0x22, 0xC5, 0xFF, 0x06, 0xD1, 0xAE, 0x00,
    0x00, 0x10, 0xFD, 0x0C, 0x20, 0x12, 0x00, 0x00, 0x00, 0xFA, 0x1D, 0x00,
    0x00, 0x00, 0x00, 0x00, 0xF9, 0x1E, 0x00, 0x71, 0xBA, 0xBB, 0xBB, 0xFD,
    0x1E, 0x40, 0xFD, 0xFF, 0xFF, 0xFF, 0xFF, 0x1E, 0xE2, 0xEF, 0x47, 0x44,
    0x44, 0xFB, 0x1E, 0xF8, 0x5F, 0x00, 0x00, 0x00, 0xF9, 0x1E, 0xFB, 0x0D,
    0x00, 0x00, 0x00, 0xF9, 0x1E, 0xFC, 0x0D, 0x00, 0x00, 0x00, 0xFB, 0x1E,
    0xFA, 0x4F, 0x00, 0x00, 0x50, 0xFF, 0x1E, 0xF5, 0xEF, 0x36, 0x32, 0xF8,
    0xFC, 0x1E, 0xA0, 0xFF, 0xFF, 0xFF, 0x9F, 0xF8, 0x1E, 0x00, 0xD7, 0xFF,
    0xEF, 0x08, 0xE8, 0x1D, 0x00, 0x10, 0x43, 0x13, 0x00, 0x11, 0x01, 0x00,
    0x00, 0x00, 0x43, 0x34, 0x00, 0x00, 0x00, 0x00, 0x00, 0x00, 0xE1, 0xFF,
    0x0D, 0x00, 0x00, 0x00, 0x00, 0x00, 0x40, 0xFF, 0xFF, 0x03, 0x00, 0x00,
    0x00, 0x00, 0x00, 0xF7, 0xDD, 0x6F, 0x00, 0x00, 0x00, 0x00, 0x00, 0xB0,
    0x9F, 0xFA, 0x0A, 0x00, 0x00, 0x00, 0x00, 0x10, 0xFE, 0x75, 0xDF, 0x01,
    0x00, 0x00, 0x00, 0x00, 0xF4, 0x2F, 0xF4, 0x3F, 0x00, 0x00, 0x00, 0x00,
    0x80, 0xDF, 0x10, 0xFE, 0x07, 0x00, 0x00, 0x00, 0x00, 0xFC, 0x0A, 0xC0,
    0xAF, 0x00, 0x00, 0x00, 0x00, 0xE2, 0x7F, 0x00, 0xF8, 0x1E, 0x00, 0x00,
    0x00, 0x50, 0xFF, 0x03, 0x50, 0xFF, 0x04, 0x00, 0x00, 0x00, 0xF9, 0x1D,
    0x00, 0xE2, 0x7F, 0x00, 0x00, 0x00, 0xC0, 0xBF, 0x00, 0x00, 0xFC, 0x0B,
    0x00, 0x00, 0x20, 0xFE, 0x06, 0x00, 0x80, 0xEF, 0x01, 0x00, 0x00, 0xF5,
    0xCF, 0xBB, 0xBB, 0xFC, 0x4F, 0x00, 0x00, 0x90, 0xFF, 0xFF, 0xFF, 0xFF,
    0xFF, 0x08, 0x00, 0x00, 0xFD, 0x8D, 0x88, 0x88, 0xD8, 0xBF, 0x00, 0x00,
    0xF2, 0x8F, 0x00, 0x00, 0x00, 0xF9, 0x1E, 0x00, 0x60, 0xFF, 0x04, 0x00,
    0x00, 0x50, 0xFF, 0x05, 0x00, 0xFA, 0x1E, 0x00, 0x00, 0x00, 0xE2, 0x8F,
    0x00, 0xD0, 0xBF, 0x00, 0x00, 0x00, 0x00, 0xFC, 0x0C, 0x30, 0xEE, 0x07,
    0x00, 0x00, 0x00, 0x80, 0xEF, 0x02, 0x10, 0x01, 0x00, 0x00, 0x00, 0x30,
    0xED, 0x04, 0x00, 0x00, 0x00, 0x00, 0x00, 0x10, 0xFD, 0x05, 0x00, 0x00,
    0x00, 0x00, 0x00, 0x00, 0xF7, 0x0D, 0x00, 0x00, 0x00, 0x00, 0x00, 0x00,
    0x90, 0xEF, 0x03, 0x00, 0x00, 0x00, 0x00, 0x00, 0x00, 0xF4, 0xEF, 0xBB,
    0x03, 0x00, 0x00, 0x00, 0x00, 0x00, 0xB4, 0xEE, 0x3F, 0x00, 0x00, 0x00,
    0x00, 0x00, 0x00, 0x10, 0x11, 0x00, 0x00, 0x00, 0x20, 0x44, 0x02, 0x00,
    0x00, 0x00, 0x10, 0xD8, 0xFF, 0xFF, 0x7D, 0x00, 0x00, 0x10, 0xFC, 0xFF,
    0xFE, 0xFF, 0xBF, 0x00, 0x00, 0xF9, 0xAF, 0x24, 0x52, 0xFC, 0x6F, 0x00,
    0xD1, 0xAE, 0x00, 0x00, 0x10, 0xFD, 0x0C, 0x00, 0x22, 0x01, 0x00, 0x00,
    0xA0, 0xDF, 0x01, 0x00, 0x00, 0x00, 0x00, 0x00, 0xF9, 0x1E, 0x00, 0x10,
    0xA7, 0xBB, 0xBB, 0xDB, 0xEF, 0x01, 0x40, 0xFD, 0xFF, 0xFF, 0xFF, 0xFF,
    0x1E, 0x20, 0xFE, 0x7E, 0x44, 0x44, 0xB4, 0xEF, 0x01, 0xF8, 0x5F, 0x00,
    0x00, 0x00, 0xF9, 0x1E, 0xB0, 0xDF, 0x00, 0x00, 0x00, 0x90, 0xEF, 0x01,
    0xFC, 0x0D, 0x00, 0x00, 0x00, 0xFB, 0x1E, 0xA0, 0xFF, 0x04, 0x00, 0x00,
    0xF5, 0xEF, 0x01, 0xF5, 0xEF, 0x36, 0x32, 0xF8, 0xFC, 0x1E, 0x00, 0xFA,
    0xFF, 0xFF, 0xFF, 0x99, 0xDF, 0x01, 0x00, 0xD7, 0xFF, 0xEF, 0x08, 0xF8,
    0x1E, 0x00, 0x00, 0x31, 0x34, 0x01, 0xB1, 0x7F, 0x00, 0x00, 0x00, 0x00,
    0x00, 0xA0, 0x9F, 0x00, 0x00, 0x00, 0x00, 0x00, 0x30, 0xFF, 0x03, 0x00,
    0x00, 0x00, 0x00, 0x00, 0xF4, 0x8F, 0x11, 0x00, 0x00, 0x00, 0x00, 0x00,
    0xFB, 0xFF, 0x8F, 0x00, 0x00, 0x00, 0x00, 0x00, 0xA6, 0xBB, 0x06, 0x00,
    0x00, 0x00, 0x00, 0x97, 0x19, 0x00, 0x00, 0x00, 0x00, 0x50, 0xFF, 0x07,
    0x00, 0x00, 0x00, 0x00, 0xE2, 0x9F, 0x00, 0x00, 0x00, 0x00, 0x10, 0xFD,
    0x1C, 0x00, 0x00, 0x00, 0x00, 0x30, 0x88, 0x02, 0x00, 0x00, 0x00, 0x00,
    0x00, 0x00, 0x00, 0x00, 0x00, 0x00, 0x00, 0x52, 0x77, 0x36, 0x00, 0x00,
    0x00, 0x80, 0xFE, 0xFF, 0xFF, 0x2B, 0x00, 0x00, 0xFA, 0xFF, 0xCC, 0xFE,
    0xDF, 0x02, 0x60, 0xFF, 0x3C, 0x00, 0x81, 0xFF, 0x0A, 0xC0, 0xEF, 0x01,
    0x00, 0x00, 0xFA, 0x2E, 0xE1, 0x9F, 0x00, 0x00, 0x00, 0xF5, 0x5F, 0xE2,
    0x8F, 0x00, 0x00, 0x00, 0x92, 0x39, 0xE2, 0x8F, 0x00, 0x00, 0x00, 0x00,
    0x00, 0xE2, 0x8F, 0x00, 0x00, 0x00, 0x00, 0x00, 0xE2, 0x8F, 0x00, 0x00,
    0x00, 0x00, 0x00, 0xE2, 0x8F, 0x00, 0x00, 0x00, 0x00, 0x00, 0xE2, 0x8F,
    0x00, 0x00, 0x00, 0x00, 0x00, 0xE2, 0x8F, 0x00, 0x00, 0x00, 0x00, 0x00,
    0xE2, 0x8F, 0x00, 0x00, 0x00, 0x00, 0x00, 0xE2, 0x8F, 0x00, 0x00, 0x00,
    0x00, 0x00, 0xE2, 0x8F, 0x00, 0x00, 0x00, 0x00, 0x00, 0xE2, 0x8F, 0x00,
    0x00, 0x00, 0xC3, 0x5C, 0xE1, 0xAF, 0x00, 0x00, 0x00, 0xF6, 0x5F, 0xB0,
    0xEF, 0x03, 0x00, 0x00, 0xFC, 0x1E, 0x40, 0xFF, 0x6E, 0x23, 0xB4, 0xFF,
    0x08, 0x00, 0xF7, 0xFF, 0xEF, 0xFF, 0xBF, 0x01, 0x00, 0x50, 0xEC, 0xFF,
    0xDF, 0x07, 0x00, 0x00, 0x00, 0x20, 0x44, 0x03, 0x00, 0x00, 0x00, 0x00,
    0x00, 0x00, 0xD9, 0x2C, 0x00, 0x00, 0x00, 0x00, 0x70, 0xFF, 0x05, 0x00,
    0x00, 0x00, 0x00, 0xF3, 0x8F, 0x00, 0x00, 0x00, 0x00, 0x20, 0xFE, 0x0B,
    0x00, 0x00, 0x00, 0x00, 0x20, 0x44, 0x01, 0x00, 0x00, 0x00, 0x00, 0x00,
    0x00, 0x00, 0x00, 0x00, 0x00, 0x00, 0x20, 0x44, 0x03, 0x00, 0x00, 0x00,
    0x50, 0xEC, 0xFF, 0xDF, 0x18, 0x00, 0x00, 0xF8, 0xFF, 0xEF, 0xFF, 0xCF,
    0x01, 0x50, 0xFF, 0x6D, 0x23, 0xB4, 0xFF, 0x0A, 0xC0, 0xEF, 0x02, 0x00,
    0x00, 0xFB, 0x2F, 0xE2, 0x9F, 0x00, 0x00, 0x00, 0xF5, 0x6F, 0xF3, 0x6F,
    0x00, 0x00, 0x00, 0x41, 0x24, 0xF3, 0x6F, 0x00, 0x00, 0x00, 0x00, 0x00,
    0xF3, 0x6F, 0x00, 0x00, 0x00, 0x00, 0x00, 0xF3, 0x6F, 0x00, 0x00, 0x00,
    0x00, 0x00, 0xF3, 0x6F, 0x00, 0x00, 0x00, 0x00, 0x00, 0xF3, 0x6F, 0x00,
    0x00, 0x00, 0x41, 0x24, 0xE2, 0x9F, 0x00, 0x00, 0x00, 0xF5, 0x6F, 0xC0,
    0xEF, 0x02, 0x00, 0x00, 0xFB, 0x2F, 0x50, 0xFF, 0x6D, 0x23, 0xB4, 0xFF,
    0x0A, 0x00, 0xF8, 0xFF, 0xEF, 0xFF, 0xCF, 0x01, 0x00, 0x50, 0xEC, 0xFF,
    0xDF, 0x18, 0x00, 0x00, 0x00, 0x20, 0x44, 0x03, 0x00, 0x00, 0x00, 0x00,
    0x40, 0x99, 0x06, 0x00, 0x00, 0x00, 0x00, 0xF4, 0xFF, 0x6F, 0x00, 0x00,
    0x00, 0x40, 0xFE, 0x9A, 0xFF, 0x06, 0x00, 0x00, 0xF5, 0xBF, 0x01, 0xF8,
    0x7F, 0x00, 0x00, 0x87, 0x17, 0x00, 0x60, 0x88, 0x01, 0x00, 0x00, 0x00,
    0x00, 0x00, 0x00, 0x00, 0x00, 0x00, 0x52, 0x77, 0x36, 0x00, 0x00, 0x00,
    0x80, 0xFE, 0xFF, 0xFF, 0x2B, 0x00, 0x00, 0xFA, 0xFF, 0xCC, 0xFE, 0xDF,
    0x02, 0x60, 0xFF, 0x3C, 0x00, 0x81, 0xFF, 0x0A, 0xC0, 0xEF, 0x01, 0x00,
    0x00, 0xFA, 0x2E, 0xE1, 0x9F, 0x00, 0x00, 0x00, 0xF5, 0x5F, 0xE2, 0x8F,
    0x00, 0x00, 0x00, 0x92, 0x39, 0xE2, 0x8F, 0x00, 0x00, 0x00, 0x00, 0x00,
    0xE2, 0x8F, 0x00, 0x00, 0x00, 0x00, 0x00, 0xE2, 0x8F, 0x00, 0x00, 0x00,
    0x00, 0x00, 0xE2, 0x8F, 0x00, 0x00, 0x00, 0x00, 0x00, 0xE2, 0x8F, 0x00,
    0x00, 0x00, 0x00, 0x00, 0xE2, 0x8F, 0x00, 0x00, 0x00, 0x00, 0x00, 0xE2,
    0x8F, 0x00, 0x00, 0x00, 0x00, 0x00, 0xE2, 0x8F, 0x00, 0x00, 0x00, 0x00,
    0x00, 0xE2, 0x8F, 0x00, 0x00, 0x00, 0x00, 0x00, 0xE2, 0x8F, 0x00, 0x00,
    0x00, 0xC3, 0x5C, 0xE1, 0xAF, 0x00, 0x00, 0x00, 0xF6, 0x5F, 0xB0, 0xEF,
    0x03, 0x00, 0x00, 0xFC, 0x1E, 0x40, 0xFF, 0x6E, 0x23, 0xB4, 0xFF, 0x08,
    0x00, 0xF7, 0xFF, 0xEF, 0xFF, 0xBF, 0x01, 0x00, 0x50, 0xEC, 0xFF, 0xDF,
    0x07, 0x00, 0x00, 0x00, 0x20, 0x44, 0x03, 0x00, 0x00, 0x00, 0x00, 0x60,
    0xDC, 0x0A, 0x00, 0x00, 0x00, 0x00, 0xF6, 0xFF, 0xAF, 0x00, 0x00, 0x00,
    0x60, 0xFF, 0x59, 0xFF, 0x0A, 0x00, 0x00, 0xF6, 0x9F, 0x00, 0xE4, 0xBF,
    0x01, 0x00, 0x44, 0x04, 0x00, 0x20, 0x44, 0x01, 0x00, 0x00, 0x00, 0x00,
    0x00, 0x00, 0x00, 0x00, 0x00, 0x20, 0x44, 0x13, 0x00, 0x00, 0x00, 0x50,
    0xEC, 0xFF, 0xDF, 0x18, 0x00, 0x00, 0xF8, 0xFF, 0xEF, 0xFF, 0xCF, 0x01,
    0x50, 0xFF, 0x6D, 0x23, 0xB4, 0xFF, 0x0A, 0xC0, 0xEF, 0x02, 0x00, 0x00,
    0xFB, 0x2F, 0xE2, 0x9F, 0x00, 0x00, 0x00, 0xF5, 0x6F, 0xF3, 0x6F, 0x00,
    0x00, 0x00, 0x41, 0x24, 0xF3, 0x6F, 0x00, 0x00, 0x00, 0x00, 0x00, 0xF3,
    0x6F, 0x00, 0x00, 0x00, 0x00, 0x00, 0xF3, 0x6F, 0x00, 0x00, 0x00, 0x00,
    0x00, 0xF3, 0x6F, 0x00, 0x00, 0x00, 0x00, 0x00, 0xF3, 0x6F, 0x00, 0x00,
    0x00, 0x41, 0x24, 0xE2, 0x9F, 0x00, 0x00, 0x00, 0xF5, 0x6F, 0xC0, 0xEF,
    0x02, 0x00, 0x00, 0xFB, 0x2F, 0x50, 0xFF, 0x6D, 0x23, 0xB4, 0xFF, 0x0A,
    0x00, 0xF8, 0xFF, 0xEF, 0xFF, 0xCF, 0x01, 0x00, 0x50, 0xEC, 0xFF, 0xDF,
    0x18, 0x00, 0x00, 0x00, 0x20, 0x44, 0x03, 0x00, 0x00, 0x00, 0x00, 0x10,
    0x76, 0x02, 0x00, 0x00, 0x00, 0x00, 0xB0, 0xFF, 0x1D, 0x00, 0x00, 0x00,
    0x00, 0xE1, 0xFF, 0x3F, 0x00, 0x00, 0x00, 0x00, 0x80, 0xFF, 0x0A, 0x00,
    0x00, 0x00, 0x00, 0x00, 0x43, 0x00, 0x00, 0x00, 0x00, 0x00, 0x00, 0x00,
    0x00, 0x00, 0x00, 0x00, 0x00, 0x52, 0x77, 0x36, 0x00, 0x00, 0x00, 0x80,
    0xFE, 0xFF, 0xFF, 0x2B, 0x00, 0x00, 0xFA, 0xFF, 0xCC, 0xFE, 0xDF, 0x02,
    0x60, 0xFF, 0x3C, 0x00, 0x81, 0xFF, 0x0A, 0xC0, 0xEF, 0x01, 0x00, 0x00,
    0xFA, 0x2E, 0xE1, 0x9F, 0x00, 0x00, 0x00, 0xF5, 0x5F, 0xE2, 0x8F, 0x00,
    0x00, 0x00, 0x92, 0x39, 0xE2, 0x8F, 0x00, 0x00, 0x00, 0x00, 0x00, 0xE2,
    0x8F, 0x00, 0x00, 0x00, 0x00, 0x00, 0xE2, 0x8F, 0x00, 0x00, 0x00, 0x00,
    0x00, 0xE2, 0x8F, 0x00, 0x00, 0x00, 0x00, 0x00, 0xE2, 0x8F, 0x00, 0x00,
    0x00, 0x00, 0x00, 0xE2, 0x8F, 0x00, 0x00, 0x00, 0x00, 0x00, 0xE2, 0x8F,
    0x00, 0x00, 0x00, 0x00, 0x00, 0xE2, 0x8F, 0x00, 0x00, 0x00, 0x00, 0x00,
    0xE2, 0x8F, 0x00, 0x00, 0x00, 0x00, 0x00, 0xE2, 0x8F, 0x00, 0x00, 0x00,
    0xC3, 0x5C, 0xE1, 0xAF, 0x00, 0x00, 0x00, 0xF6, 0x5F, 0xB0, 0xEF, 0x03,
    0x00, 0x00, 0xFC, 0x1E, 0x40, 0xFF, 0x6E, 0x23, 0xB4, 0xFF, 0x08, 0x00,
    0xF7, 0xFF, 0xEF, 0xFF, 0xBF, 0x01, 0x00, 0x50, 0xEC, 0xFF, 0xDF, 0x07,
    0x00, 0x00, 0x00, 0x20, 0x44, 0x03, 0x00, 0x00, 0x00, 0x00, 0x10, 0x76,
    0x02, 0x00, 0x00, 0x00, 0x00, 0x90, 0xFF, 0x2E, 0x00, 0x00, 0x00, 0x00,
    0xD0, 0xEF, 0x4F, 0x00, 0x00, 0x00, 0x00, 0x70, 0xFF, 0x1C, 0x00, 0x00,
    0x00, 0x00, 0x00, 0x43, 0x00, 0x00, 0x00, 0x00, 0x00, 0x00, 0x00, 0x00,
    0x00, 0x00, 0x00, 0x00, 0x20, 0x44, 0x03, 0x00, 0x00, 0x00, 0x50, 0xEC,
    0xFF, 0xDF, 0x18, 0x00, 0x00, 0xF8, 0xFF, 0xEF, 0xFF, 0xCF, 0x01, 0x50,
    0xFF, 0x6D, 0x23, 0xB4, 0xFF, 0x0A, 0xC0, 0xEF, 0x02, 0x00, 0x00, 0xFB,
    0x2F, 0xE2, 0x9F, 0x00, 0x00, 0x00, 0xF5, 0x6F, 0xF3, 0x6F, 0x00, 0x00,
    0x00, 0x41, 0x24, 0xF3, 0x6F, 0x00, 0x00, 0x00, 0x00, 0x00, 0xF3, 0x6F,
    0x00, 0x00, 0x00, 0x00, 0x00, 0xF3, 0x6F, 0x00, 0x00, 0x00, 0x00, 0x00,
    0xF3, 0x6F, 0x00, 0x00, 0x00, 0x00, 0x00, 0xF3, 0x6F, 0x00, 0x00, 0x00,
    0x41, 0x24, 0xE2, 0x9F, 0x00, 0x00, 0x00, 0xF5, 0x6F, 0xC0, 0xEF, 0x02,
    0x00, 0x00, 0xFB, 0x2F, 0x50, 0xFF, 0x6D, 0x23, 0xB4, 0xFF, 0x0A, 0x00,
    0xF8, 0xFF, 0xEF, 0xFF, 0xCF, 0x01, 0x00, 0x50, 0xEC, 0xFF, 0xDF, 0x18,
    0x00, 0x00, 0x00, 0x20, 0x44, 0x03, 0x00, 0x00, 0x00, 0xA7, 0x18, 0x00,
    0x80, 0x99, 0x01, 0x00, 0xE3, 0xCF, 0x01, 0xFA, 0x5F, 0x00, 0x00, 0x20,
    0xFD, 0xAB, 0xFF, 0x04, 0x00, 0x00, 0x00, 0xE3, 0xFF, 0x5F, 0x00, 0x00,
    0x00, 0x00, 0x30, 0x88, 0x05, 0x00, 0x00, 0x00, 0x00, 0x00, 0x00, 0x00,
    0x00, 0x00, 0x00, 0x00, 0x52, 0x77, 0x36, 0x00, 0x00, 0x00, 0x80, 0xFE,
    0xFF, 0xFF, 0x2B, 0x00, 0x00, 0xFA, 0xFF, 0xCC, 0xFE, 0xDF, 0x02, 0x60,
    0xFF, 0x3C, 0x00, 0x81, 0xFF, 0x0A, 0xC0, 0xEF, 0x01, 0x00, 0x00, 0xFA,
    0x2E, 0xE1, 0x9F, 0x00, 0x00, 0x00, 0xF5, 0x5F, 0xE2, 0x8F, 0x00, 0x00,
    0x00, 0x92, 0x39, 0xE2, 0x8F, 0x00, 0x00, 0x00, 0x00, 0x00, 0xE2, 0x8F,
    0x00, 0x00, 0x00, 0x00, 0x00, 0xE2, 0x8F, 0x00, 0x00, 0x00, 0x00, 0x00,
    0xE2, 0x8F, 0x00, 0x00, 0x00, 0x00, 0x00, 0xE2, 0x8F, 0x00, 0x00, 0x00,
    0x00, 0x00, 0xE2, 0x8F, 0x00, 0x00, 0x00, 0x00, 0x00, 0xE2, 0x8F, 0x00,
    0x00, 0x00, 0x00, 0x00, 0xE2, 0x8F, 0x00, 0x00, 0x00, 0x00, 0x00, 0xE2,
    0x8F, 0x00, 0x00, 0x00, 0x00, 0x00, 0xE2, 0x8F, 0x00, 0x00, 0x00, 0xC3,
    0x5C, 0xE1, 0xAF, 0x00, 0x00, 0x00, 0xF6, 0x5F, 0xB0, 0xEF, 0x03, 0x00,
    0x00, 0xFC, 0x1E, 0x40, 0xFF, 0x6E, 0x23, 0xB4, 0xFF, 0x08, 0x00, 0xF7,
    0xFF, 0xEF, 0xFF, 0xBF, 0x01, 0x00, 0x50, 0xEC, 0xFF, 0xDF, 0x07, 0x00,
    0x00, 0x00, 0x20, 0x44, 0x03, 0x00, 0x00, 0x00, 0x01, 0x00, 0x00, 0x00,
    0x00, 0x00, 0x00, 0xD7, 0x4C, 0x00, 0xB1, 0xBD, 0x01, 0x00, 0xB1, 0xEF,
    0x14, 0xFC, 0x3E, 0x00, 0x00, 0x00, 0xFA, 0xCE, 0xEF, 0x03, 0x00, 0x00,
    0x00, 0xA0, 0xFF, 0x3E, 0x00, 0x00, 0x00, 0x00, 0x00, 0x44, 0x02, 0x00,
    0x00, 0x00, 0x00, 0x00, 0x00, 0x00, 0x00, 0x00, 0x00, 0x00, 0x20, 0x44,
    0x03, 0x00, 0x00, 0x00, 0x50, 0xEC, 0xFF, 0xDF, 0x18, 0x00, 0x00, 0xF8,
    0xFF, 0xEF, 0xFF, 0xCF, 0x01, 0x50, 0xFF, 0x6D, 0x23, 0xB4, 0xFF, 0x0A,
    0xC0, 0xEF, 0x02, 0x00, 0x00, 0xFB, 0x2F, 0xE2, 0x9F, 0x00, 0x00, 0x00,
    0xF5, 0x6F, 0xF3, 0x6F, 0x00, 0x00, 0x00, 0x41, 0x24, 0xF3, 0x6F, 0x00,
    0x00, 0x00, 0x00, 0x00, 0xF3, 0x6F, 0x00, 0x00, 0x00, 0x00, 0x00, 0xF3,
    0x6F, 0x00, 0x00, 0x00, 0x00, 0x00, 0xF3, 0x6F, 0x00, 0x00, 0x00, 0x00,
    0x00, 0xF3, 0x6F, 0x00, 0x00, 0x00, 0x41, 0x24, 0xE2, 0x9F, 0x00, 0x00,
    0x00, 0xF5, 0x6F, 0xC0, 0xEF, 0x02, 0x00, 0x00, 0xFB, 0x2F, 0x50, 0xFF,
    0x6D, 0x23, 0xB4, 0xFF, 0x0A, 0x00, 0xF8, 0xFF, 0xEF, 0xFF, 0xCF, 0x01,
    0x00, 0x50, 0xEC, 0xFF, 0xDF, 0x18, 0x00, 0x00, 0x00, 0x20, 0x44, 0x03,
    0x00, 0x00, 0x10, 0x98, 0x08, 0x00, 0x81, 0x89, 0x00, 0x00, 0xF5, 0xAF,
    0x10, 0xFC, 0x4F, 0x00, 0x00, 0x40, 0xFE, 0xBA, 0xEF, 0x03, 0x00, 0x00,
    0x00, 0xE4, 0xFF, 0x3E, 0x00, 0x00, 0x00, 0x00, 0x40, 0x88, 0x03, 0x00,
    0x00, 0x00, 0x00, 0x00, 0x00, 0x00, 0x00, 0x00, 0x40, 0x44, 0x44, 0x34,
    0x01, 0x00, 0x00, 0xF2, 0xFF, 0xFF, 0xFF, 0xAE, 0x03, 0x00, 0xE2, 0xFF,
    0xEE, 0xFE, 0xFF, 0x5E, 0x00, 0xE2, 0x9F, 0x22, 0x32, 0xE8, 0xEF, 0x02,
    0xE2, 0x8F, 0x00, 0x00, 0x50, 0xFF, 0x09, 0xE2, 0x8F, 0x00, 0x00, 0x00,
    0xFB, 0x0D, 0xE2, 0x8F, 0x00, 0x00, 0x00, 0xF8, 0x2E, 0xE2, 0x8F, 0x00,
    0x00, 0x00, 0xF8, 0x2E, 0xE2, 0x8F, 0x00, 0x00, 0x00, 0xF8, 0x2E, 0xE2,
    0x8F, 0x00, 0x00, 0x00, 0xF8, 0x2E, 0xE2, 0x8F, 0x00, 0x00, 0x00, 0xF8,
    0x2E, 0xE2, 0x8F, 0x00, 0x00, 0x00, 0xF8, 0x2E, 0xE2, 0x8F, 0x00, 0x00,
    0x00, 0xF8, 0x2E, 0xE2, 0x8F, 0x00, 0x00, 0x00, 0xF8, 0x2E, 0xE2, 0x8F,
    0x00, 0x00, 0x00, 0xF8, 0x2E, 0xE2, 0x8F, 0x00, 0x00, 0x00, 0xF8, 0x2E,
    0xE2, 0x8F, 0x00, 0x00, 0x00, 0xF9, 0x1E, 0xE2, 0x8F, 0x00, 0x00, 0x00,
    0xFC, 0x0C, 0xE2, 0x7F, 0x00, 0x00, 0x80, 0xFF, 0x08, 0xE2, 0xAF, 0x55,
    0x65, 0xFB, 0xDF, 0x01, 0xF2, 0xFF, 0xFF, 0xFF, 0xFF, 0x2C, 0x00, 0xE2,
    0xEE, 0xEE, 0xDE, 0x6B, 0x00, 0x00, 0x10, 0x11, 0x11, 0x01, 0x00, 0x00,
    0x00, 0x00, 0x00, 0x00, 0x00, 0x41, 0x24, 0x30, 0x34, 0x00, 0x00, 0x00,
    0x00, 0xF4, 0x6F, 0xB0, 0xAF, 0x00, 0x00, 0x00, 0x00, 0xF3, 0x6F, 0xC0,
    0x8F, 0x00, 0x00, 0x00, 0x00, 0xF4, 0x6F, 0xD0, 0x6F, 0x00, 0x00, 0x00,
    0x00, 0xF4, 0x6F, 0xE0, 0x4F, 0x00, 0x20, 0x34, 0x01, 0xF4, 0x5F, 0xE1,
    0x2E, 0x10, 0xE9, 0xFF, 0x4D, 0xF3, 0x6F, 0x10, 0x01, 0xB0, 0xFF, 0xFF,
    0xFF, 0xE6, 0x6F, 0x00, 0x00, 0xF5, 0xDF, 0x25, 0xA3, 0xED, 0x6F, 0x00,
    0x00, 0xFA, 0x3F, 0x00, 0x00, 0xFB, 0x6F, 0x00, 0x00, 0xFC, 0x0C, 0x00,
    0x00, 0xF5, 0x6F, 0x00, 0x00, 0xFD, 0x0A, 0x00, 0x00, 0xF4, 0x6F, 0x00,
    0x00, 0xFD, 0x0A, 0x00, 0x00, 0xF4, 0x6F, 0x00, 0x00, 0xFD, 0x0A, 0x00,
    0x00, 0xF4, 0x6F, 0x00, 0x00, 0xFD, 0x0A, 0x00, 0x00, 0xF4, 0x6F, 0x00,
    0x00, 0xFD, 0x0A, 0x00, 0x00, 0xF4, 0x6F, 0x00, 0x00, 0xFD, 0x0A, 0x00,
    0x00, 0xF4, 0x6F, 0x00, 0x00, 0xFC, 0x0C, 0x00, 0x00, 0xF5, 0x6F, 0x00,
    0x00, 0xFA, 0x3F, 0x00, 0x00, 0xFB, 0x6F, 0x00, 0x00, 0xF5, 0xDF, 0x25,
    0x93, 0xEE, 0x6F, 0x00, 0x00, 0xB0, 0xFF, 0xEF, 0xFF, 0xF7, 0x6F, 0x00,
    0x00, 0x10, 0xE9, 0xFF, 0x5D, 0xE3, 0x5E, 0x00, 0x00, 0x00, 0x20, 0x34,
    0x01, 0x10, 0x01, 0x00, 0x00, 0x00, 0x40, 0x44, 0x44, 0x34, 0x01, 0x00,
    0x00, 0x00, 0xF2, 0xFF, 0xFF, 0xFF, 0xAE, 0x03, 0x00, 0x00, 0xE2, 0xFF,
    0xEE, 0xFE, 0xFF, 0x5E, 0x00, 0x00, 0xE2, 0x9F, 0x22, 0x32, 0xE8, 0xEF,
    0x02, 0x00, 0xE2, 0x8F, 0x00, 0x00, 0x50, 0xFF, 0x09, 0x00, 0xE2, 0x8F,
    0x00, 0x00, 0x00, 0xFB, 0x0D, 0x00, 0xE2, 0x8F, 0x00, 0x00, 0x00, 0xF8,
    0x2E, 0x00, 0xE2, 0x8F, 0x00, 0x00, 0x00, 0xF8, 0x2E, 0x00, 0xE2, 0x8F,
    0x00, 0x00, 0x00, 0xF8, 0x2E, 0x11, 0xE3, 0x8F, 0x11, 0x01, 0x00, 0xF8,
    0x2E, 0xE6, 0xFE, 0xEF, 0xEE, 0x09, 0x00, 0xF8, 0x2E, 0xF7, 0xFF, 0xFF,
    0xFF, 0x0B, 0x00, 0xF8, 0x2E, 0x52, 0xF6, 0xAF, 0x55, 0x03, 0x00, 0xF8,
    0x2E, 0x00, 0xE1, 0x7F, 0x00, 0x00, 0x00, 0xF8, 0x2E, 0x00, 0xE2, 0x8F,
    0x00, 0x00, 0x00, 0xF8, 0x2E, 0x00, 0xE2, 0x8F, 0x00, 0x00, 0x00, 0xF8,
    0x2E, 0x00, 0xE2, 0x8F, 0x00, 0x00, 0x00, 0xF9, 0x1E, 0x00, 0xE2, 0x8F,
    0x00, 0x00, 0x00, 0xFC, 0x0C, 0x00, 0xE2, 0x7F, 0x00, 0x00, 0x80, 0xFF,
    0x08, 0x00, 0xE2, 0xAF, 0x55, 0x65, 0xFB, 0xDF, 0x01, 0x00, 0xF2, 0xFF,
    0xFF, 0xFF, 0xFF, 0x2C, 0x00, 0x00, 0xE2, 0xEE, 0xEE, 0xDE, 0x6B, 0x00,
    0x00, 0x00, 0x10, 0x11, 0x11, 0x01, 0x00, 0x00, 0x00, 0x00, 0x00, 0x00,
    0x00, 0x00, 0x43, 0x03, 0x00, 0x00, 0x00, 0x00, 0x00, 0x00, 0xFB, 0x1E,
    0x00, 0x00, 0x00, 0x00, 0x00, 0x00, 0xFA, 0x0D, 0x00, 0x00, 0x00, 0x60,
    0xCC, 0xCC, 0xFE, 0xCF, 0x7C, 0x00, 0x00, 0x80, 0xFF, 0xFF, 0xFF, 0xFF,
    0xBF, 0x00, 0x00, 0x40, 0x78, 0x78, 0xFD, 0x7E, 0x57, 0x00, 0x00, 0x00,
    0x00, 0x00, 0xFA, 0x0D, 0x00, 0x00, 0x10, 0x86, 0x68, 0x01, 0xFA, 0x1D,
    0x00, 0x00, 0xD4, 0xFF, 0xFF, 0x2D, 0xF9, 0x0D, 0x00, 0x20, 0xFE, 0xEF,
    0xBB, 0xCF, 0xF9, 0x0D, 0x00, 0xA0, 0xFF, 0x19, 0x00, 0xC3, 0xFD, 0x0D,
    0x00, 0xD1, 0xDF, 0x00, 0x00, 0x20, 0xFF, 0x0D, 0x00, 0xE2, 0x8F, 0x00,
    0x00, 0x00, 0xFB, 0x0D, 0x00, 0xF3, 0x7F, 0x00, 0x00, 0x00, 0xFA, 0x0D,
    0x00, 0xF3, 0x7F, 0x00, 0x00, 0x00, 0xFA, 0x0D, 0x00, 0xF3, 0x7F, 0x00,
    0x00, 0x00, 0xFA, 0x0D, 0x00, 0xF3, 0x7F, 0x00, 0x00, 0x00, 0xFA, 0x0D,
    0x00, 0xE2, 0x9F, 0x00, 0x00, 0x00, 0xFC, 0x0D, 0x00, 0xD0, 0xEF, 0x02,
    0x00, 0x50, 0xFF, 0x0D, 0x00, 0x70, 0xFF, 0x5D, 0x22, 0xE6, 0xFD, 0x0D,
    0x00, 0x10, 0xFC, 0xFF, 0xFF, 0x9F, 0xFA, 0x0D, 0x00, 0x00, 0x91, 0xFE,
    0xEF, 0x09, 0xE9, 0x0C, 0x00, 0x00, 0x00, 0x42, 0x24, 0x00, 0x11, 0x01,
    0x00, 0x50, 0xCC, 0xCC, 0xCC, 0xCC, 0x0A, 0x00, 0xF7, 0xFF, 0xFF, 0xFF,
    0xEF, 0x00, 0x30, 0x77, 0x77, 0x77, 0x77, 0x06, 0x00, 0x00, 0x00, 0x00,
    0x00, 0x00, 0x00, 0x00, 0x00, 0x00, 0x00, 0x00, 0x00, 0x30, 0x44, 0x44,
    0x44, 0x44, 0x44, 0x14, 0xFD, 0xFF, 0xFF, 0xFF, 0xFF, 0xFF, 0xC5, 0xFF,
    0xEE, 0xEE, 0xEE, 0xEE, 0x5E, 0xFC, 0x2B, 0x22, 0x22, 0x22, 0x22, 0xC1,
    0xBF, 0x00, 0x00, 0x00, 0x00, 0x00, 0xFC, 0x0B, 0x00, 0x00, 0x00, 0x00,
    0xC0, 0xBF, 0x00, 0x00, 0x00, 0x00, 0x00, 0xFC, 0x0B, 0x00, 0x00, 0x00,
    0x00, 0xC0, 0xBF, 0x00, 0x00, 0x00, 0x00, 0x00, 0xFC, 0x4C, 0x44, 0x44,
    0x44, 0x14, 0xC0, 0xFF, 0xFF, 0xFF, 0xFF, 0xFF, 0x05, 0xFC, 0xEF, 0xEE,
    0xEE, 0xEE, 0x5E, 0xC0, 0xBF, 0x22, 0x22, 0x22, 0x22, 0x01, 0xFC, 0x0B,
    0x00, 0x00, 0x00, 0x00, 0xC0, 0xBF, 0x00, 0x00, 0x00, 0x00, 0x00, 0xFC,
    0x0B, 0x00, 0x00, 0x00, 0x00, 0xC0, 0xBF, 0x00, 0x00, 0x00, 0x00, 0x00,
    0xFC, 0x0B, 0x00, 0x00, 0x00, 0x00, 0xC0, 0xBF, 0x00, 0x00, 0x00, 0x00,
    0x00, 0xFC, 0x5C, 0x55, 0x55, 0x55, 0x55, 0xD2, 0xFF, 0xFF, 0xFF, 0xFF,
    0xFF, 0x5F, 0xEC, 0xEE, 0xEE, 0xEE, 0xEE, 0xEE, 0x15, 0x11, 0x11, 0x11,
    0x11, 0x11, 0x01, 0x00, 0xC8, 0xCC, 0xCC, 0xCC, 0x7C, 0x00, 0x00, 0xFC,
    0xFF, 0xFF, 0xFF, 0xAF, 0x00, 0x00, 0x75, 0x77, 0x77, 0x77, 0x47, 0x00,
    0x00, 0x00, 0x00, 0x00, 0x00, 0x00, 0x00, 0x00, 0x00, 0x00, 0x00, 0x00,
    0x00, 0x00, 0x00, 0x00, 0x20, 0x44, 0x02, 0x00, 0x00, 0x00, 0x60, 0xFC,
    0xFF, 0xCE, 0x05, 0x00, 0x00, 0xF9, 0xFF, 0xEE, 0xFF, 0x8F, 0x00, 0x60,
    0xFF, 0x4B, 0x11, 0xC4, 0xFF, 0x05, 0xD0, 0xCF, 0x00, 0x00, 0x10, 0xFD,
    0x0C, 0xF3, 0x6F, 0x10, 0x00, 0x01, 0xF8, 0x2E, 0xF4, 0x3F, 0x00, 0x00,
    0x00, 0xF5, 0x3F, 0xF5, 0x6F, 0x44, 0x44, 0x44, 0xF8, 0x3F, 0xF5, 0xFF,
    0xFF, 0xFF, 0xFF, 0xFF, 0x4F, 0xF5, 0xCF, 0xBB, 0xBB, 0xBB, 0xBB, 0x3B,
    0xF5, 0x3F, 0x00, 0x00, 0x00, 0x00, 0x00, 0xF4, 0x4F, 0x00, 0x00, 0x00,
    0x00, 0x00, 0xF3, 0x6F, 0x00, 0x00, 0x00, 0x21, 0x02, 0xD0, 0xDF, 0x01,
    0x00, 0x00, 0xFB, 0x1D, 0x60, 0xFF, 0x5C, 0x22, 0xB4, 0xFF, 0x09, 0x00,
    0xF9, 0xFF, 0xFF, 0xFF, 0xBF, 0x01, 0x00, 0x60, 0xFC, 0xFF, 0xCF, 0x07,
    0x00, 0x00, 0x00, 0x20, 0x44, 0x02, 0x00, 0x00, 0x30, 0x57, 0x00, 0x00,
    0x71, 0x06, 0x00, 0xF5, 0x0D, 0x00, 0x60, 0xCF, 0x00, 0x10, 0xFD, 0x29,
    0x51, 0xFD, 0x06, 0x00, 0x40, 0xFE, 0xFF, 0xFF, 0x09, 0x00, 0x00, 0x20,
    0xB7, 0x9B, 0x05, 0x00, 0x00, 0x00, 0x00, 0x00, 0x00, 0x00, 0x00, 0x43,
    0x44, 0x44, 0x44, 0x44, 0x44, 0xD1, 0xFF, 0xFF, 0xFF, 0xFF, 0xFF, 0x5F,
    0xFC, 0xEF, 0xEE, 0xEE, 0xEE, 0xEE, 0xC5, 0xBF, 0x22, 0x22, 0x22, 0x22,
    0x12, 0xFC, 0x0B, 0x00, 0x00, 0x00, 0x00, 0xC0, 0xBF, 0x00, 0x00, 0x00,
    0x00, 0x00, 0xFC, 0x0B, 0x00, 0x00, 0x00, 0x00, 0xC0, 0xBF, 0x00, 0x00,
    0x00, 0x00, 0x00, 0xFC, 0x0B, 0x00, 0x00, 0x00, 0x00, 0xC0, 0xCF, 0x44,
    0x44, 0x44, 0x44, 0x01, 0xFC, 0xFF, 0xFF, 0xFF, 0xFF, 0x5F, 0xC0, 0xFF,
    0xEE, 0xEE, 0xEE, 0xEE, 0x05, 0xFC, 0x2B, 0x22, 0x22, 0x22, 0x12, 0xC0,
    0xBF, 0x00, 0x00, 0x00, 0x00, 0x00, 0xFC, 0x0B, 0x00, 0x00, 0x00, 0x00,
    0xC0, 0xBF, 0x00, 0x00, 0x00, 0x00, 0x00, 0xFC, 0x0B, 0x00, 0x00, 0x00,
    0x00, 0xC0, 0xBF, 0x00, 0x00, 0x00, 0x00, 0x00, 0xFC, 0x0B, 0x00, 0x00,
    0x00, 0x00, 0xC0, 0xCF, 0x55, 0x55, 0x55, 0x55, 0x25, 0xFD, 0xFF, 0xFF,
    0xFF, 0xFF, 0xFF, 0xC5, 0xEE, 0xEE, 0xEE, 0xEE, 0xEE, 0x5E, 0x11, 0x11,
    0x11, 0x11, 0x11, 0x11, 0x00, 0x00, 0xB7, 0x04, 0x00, 0x50, 0x6B, 0x00,
    0x00, 0xF8, 0x0A, 0x00, 0xC0, 0x7F, 0x00, 0x00, 0xE2, 0x9F, 0x54, 0xFA,
    0x1D, 0x00, 0x00, 0x40, 0xFD, 0xFF, 0xCF, 0x03, 0x00, 0x00, 0x00, 0x51,
    0x77, 0x14, 0x00, 0x00, 0x00, 0x00, 0x00, 0x00, 0x00, 0x00, 0x00, 0x00,
    0x00, 0x20, 0x44, 0x02, 0x00, 0x00, 0x00, 0x60, 0xFC, 0xFF, 0xCE, 0x05,
    0x00, 0x00, 0xF9, 0xFF, 0xEE, 0xFF, 0x8F, 0x00, 0x60, 0xFF, 0x4B, 0x11,
    0xC4, 0xFF, 0x05, 0xD0, 0xCF, 0x00, 0x00, 0x10, 0xFD, 0x0C, 0xF3, 0x6F,
    0x10, 0x00, 0x01, 0xF8, 0x2E, 0xF4, 0x3F, 0x00, 0x00, 0x00, 0xF5, 0x3F,
    0xF5, 0x6F, 0x44, 0x44, 0x44, 0xF8, 0x3F, 0xF5, 0xFF, 0xFF, 0xFF, 0xFF,
    0xFF, 0x4F, 0xF5, 0xCF, 0xBB, 0xBB, 0xBB, 0xBB, 0x3B, 0xF5, 0x3F, 0x00,
    0x00, 0x00, 0x00, 0x00, 0xF4, 0x4F, 0x00, 0x00, 0x00, 0x00, 0x00, 0xF3,
    0x6F, 0x00, 0x00, 0x00, 0x21, 0x02, 0xD0, 0xDF, 0x01, 0x00, 0x00, 0xFB,
    0x1D, 0x60, 0xFF, 0x5C, 0x22, 0xB4, 0xFF, 0x09, 0x00, 0xF9, 0xFF, 0xFF,
    0xFF, 0xBF, 0x01, 0x00, 0x60, 0xFC, 0xFF, 0xCF, 0x07, 0x00, 0x00, 0x00,
    0x20, 0x44, 0x02, 0x00, 0x00, 0x00, 0x00, 0x60, 0x37, 0x00, 0x00, 0x00,
    0x00, 0x90, 0xFF, 0x2E, 0x00, 0x00, 0x00, 0x00, 0xFC, 0xFE, 0x04, 0x00,
    0x00, 0x00, 0x60, 0xFF, 0x1C, 0x00, 0x00, 0x00, 0x00, 0x30, 0x14, 0x00,
    0x00, 0x00, 0x00, 0x00, 0x00, 0x00, 0x00, 0x00, 0x43, 0x44, 0x44, 0x44,
    0x44, 0x44, 0xD1, 0xFF, 0xFF, 0xFF, 0xFF, 0xFF, 0x5F, 0xFC, 0xEF, 0xEE,
    0xEE, 0xEE, 0xEE, 0xC5, 0xBF, 0x22, 0x22, 0x22, 0x22, 0x12, 0xFC, 0x0B,
    0x00, 0x00, 0x00, 0x00, 0xC0, 0xBF, 0x00, 0x00, 0x00, 0x00, 0x00, 0xFC,
    0x0B, 0x00, 0x00, 0x00, 0x00, 0xC0, 0xBF, 0x00, 0x00, 0x00, 0x00, 0x00,
    0xFC, 0x0B, 0x00, 0x00, 0x00, 0x00, 0xC0, 0xCF, 0x44, 0x44, 0x44, 0x44,
    0x01, 0xFC, 0xFF, 0xFF, 0xFF, 0xFF, 0x5F, 0xC0, 0xFF, 0xEE, 0xEE, 0xEE,
    0xEE, 0x05, 0xFC, 0x2B, 0x22, 0x22, 0x22, 0x12, 0xC0, 0xBF, 0x00, 0x00,
    0x00, 0x00, 0x00, 0xFC, 0x0B, 0x00, 0x00, 0x00, 0x00, 0xC0, 0xBF, 0x00,
    0x00, 0x00, 0x00, 0x00, 0xFC, 0x0B, 0x00, 0x00, 0x00, 0x00, 0xC0, 0xBF,
    0x00, 0x00, 0x00, 0x00, 0x00, 0xFC, 0x0B, 0x00, 0x00, 0x00, 0x00, 0xC0,
    0xCF, 0x55, 0x55, 0x55, 0x55, 0x25, 0xFD, 0xFF, 0xFF, 0xFF, 0xFF, 0xFF,
    0xC5, 0xEE, 0xEE, 0xEE, 0xEE, 0xEE, 0x5E, 0x11, 0x11, 0x11, 0x11, 0x11,
    0x11, 0x00, 0x00, 0x00, 0x20, 0x67, 0x01, 0x00, 0x00, 0x00, 0x00, 0xC1,
    0xFF, 0x0B, 0x00, 0x00, 0x00, 0x00, 0xF2, 0xFF, 0x1F, 0x00, 0x00, 0x00,
    0x00, 0xA0, 0xFF, 0x09, 0x00, 0x00, 0x00, 0x00, 0x00, 0x33, 0x00, 0x00,
    0x00, 0x00, 0x00, 0x00, 0x00, 0x00, 0x00, 0x00, 0x00, 0x00, 0x20, 0x44,
    0x02, 0x00, 0x00, 0x00, 0x60, 0xFC, 0xFF, 0xCE, 0x05, 0x00, 0x00, 0xF9,
    0xFF, 0xEE, 0xFF, 0x8F, 0x00, 0x60, 0xFF, 0x4B, 0x11, 0xC4, 0xFF, 0x05,
    0xD0, 0xCF, 0x00, 0x00, 0x10, 0xFD, 0x0C, 0xF3, 0x6F, 0x10, 0x00, 0x01,
    0xF8, 0x2E, 0xF4, 0x3F, 0x00, 0x00, 0x00, 0xF5, 0x3F, 0xF5, 0x6F, 0x44,
    0x44, 0x44, 0xF8, 0x3F, 0xF5, 0xFF, 0xFF, 0xFF, 0xFF, 0xFF, 0x4F, 0xF5,
    0xCF, 0xBB, 0xBB, 0xBB, 0xBB, 0x3B, 0xF5, 0x3F, 0x00, 0x00, 0x00, 0x00,
    0x00, 0xF4, 0x4F, 0x00, 0x00, 0x00, 0x00, 0x00, 0xF3, 0x6F, 0x00, 0x00,
    0x00, 0x21, 0x02, 0xD0, 0xDF, 0x01, 0x00, 0x00, 0xFB, 0x1D, 0x60, 0xFF,
    0x5C, 0x22, 0xB4, 0xFF, 0x09, 0x00, 0xF9, 0xFF, 0xFF, 0xFF, 0xBF, 0x01,
    0x00, 0x60, 0xFC, 0xFF, 0xCF, 0x07, 0x00, 0x00, 0x00, 0x20, 0x44, 0x02,
    0x00, 0x00, 0x43, 0x44, 0x44, 0x44, 0x44, 0x44, 0xD1, 0xFF, 0xFF, 0xFF,
    0xFF, 0xFF, 0x5F, 0xFC, 0xEF, 0xEE, 0xEE, 0xEE, 0xEE, 0xC5, 0xBF, 0x22,
    0x22, 0x22, 0x22, 0x12, 0xFC, 0x0B, 0x00, 0x00, 0x00, 0x00, 0xC0, 0xBF,
    0x00, 0x00, 0x00, 0x00, 0x00, 0xFC, 0x0B, 0x00, 0x00, 0x00, 0x00, 0xC0,
    0xBF, 0x00, 0x00, 0x00, 0x00, 0x00, 0xFC, 0x0B, 0x00, 0x00, 0x00, 0x00,
    0xC0, 0xCF, 0x44, 0x44, 0x44, 0x44, 0x01, 0xFC, 0xFF, 0xFF, 0xFF, 0xFF,
    0x5F, 0xC0, 0xFF, 0xEE, 0xEE, 0xEE, 0xEE, 0x05, 0xFC, 0x2B, 0x22, 0x22,
    0x22, 0x12, 0xC0, 0xBF, 0x00, 0x00, 0x00, 0x00, 0x00, 0xFC, 0x0B, 0x00,
    0x00, 0x00, 0x00, 0xC0, 0xBF, 0x00, 0x00, 0x00, 0x00, 0x00, 0xFC, 0x0B,
    0x00, 0x00, 0x00, 0x00, 0xC0, 0xBF, 0x00, 0x00, 0x00, 0x00, 0x00, 0xFC,
    0x0B, 0x00, 0x00, 0x00, 0x00, 0xC0, 0xCF, 0x55, 0x55, 0x55, 0x55, 0x25,
    0xFD, 0xFF, 0xFF, 0xFF, 0xFF, 0xFF, 0xC5, 0xEE, 0xEE, 0xEE, 0xEE, 0xFF,
    0x5E, 0x11, 0x11, 0x11, 0x21, 0xFC, 0x17, 0x00, 0x00, 0x00, 0x00, 0xFA,
    0x09, 0x00, 0x00, 0x00, 0x00, 0xF3, 0x2F, 0x00, 0x00, 0x00, 0x00, 0x50,
    0xFF, 0x06, 0x00, 0x00, 0x00, 0x00, 0xD1, 0xFF, 0xBC, 0x06, 0x00, 0x00,
    0x00, 0xA2, 0xED, 0x7F, 0x00, 0x00, 0x00, 0x00, 0x10, 0x11, 0x00, 0x00,
    0x00, 0x20, 0x44, 0x02, 0x00, 0x00, 0x00, 0x60, 0xFC, 0xFF, 0xCE, 0x05,
    0x00, 0x00, 0xF9, 0xFF, 0xFF, 0xFF, 0x7F, 0x00, 0x50, 0xFF, 0x5C, 0x22,
    0xD5, 0xFF, 0x04, 0xC0, 0xDF, 0x01, 0x00, 0x20, 0xFE, 0x0B, 0xE2, 0x8F,
    0x10, 0x00, 0x01, 0xF9, 0x1E, 0xF3, 0x5F, 0x00, 0x00, 0x00, 0xF7, 0x2E,
    0xF3, 0x8F, 0x44, 0x44, 0x44, 0xF9, 0x2E, 0xF3, 0xFF, 0xFF, 0xFF, 0xFF,
    0xFF, 0x2F, 0xF3, 0xCF, 0xBB, 0xBB, 0xBB, 0xBB, 0x2B, 0xF3, 0x5F, 0x00,
    0x00, 0x00, 0x00, 0x00, 0xF3, 0x6F, 0x00, 0x00, 0x00, 0x00, 0x00, 0xE2,
    0x8F, 0x00, 0x00, 0x00, 0x21, 0x02, 0xC0, 0xDF, 0x01, 0x00, 0x00, 0xFC,
    0x0D, 0x50, 0xFF, 0x5C, 0x22, 0xB4, 0xFF, 0x07, 0x00, 0xF9, 0xFF, 0xFF,
    0xFF, 0xAF, 0x00, 0x00, 0x60, 0xFC, 0xFF, 0xEF, 0x06, 0x00, 0x00, 0x00,
    0x20, 0xE6, 0x4E, 0x00, 0x00, 0x00, 0x00, 0x00, 0xFC, 0x05, 0x00, 0x00,
    0x00, 0x00, 0x60, 0xEF, 0x00, 0x00, 0x00, 0x00, 0x00, 0x60, 0xFF, 0x16,
    0x01, 0x00, 0x00, 0x00, 0x10, 0xFD, 0xFF, 0x5F, 0x00, 0x00, 0x00, 0x00,
    0x71, 0xBA, 0x4B, 0x00, 0x60, 0x9A, 0x02, 0x00, 0x97, 0x29, 0x00, 0xD2,
    0xDF, 0x02, 0xF8, 0x7F, 0x00, 0x00, 0xC1, 0xCF, 0xF9, 0x6F, 0x00, 0x00,
    0x00, 0xC1, 0xFF, 0x7F, 0x00, 0x00, 0x00, 0x00, 0x72, 0x57, 0x00, 0x00,
    0x00, 0x00, 0x00, 0x00, 0x00, 0x00, 0x00, 0x43, 0x44, 0x44, 0x44, 0x44,
    0x44, 0xD1, 0xFF, 0xFF, 0xFF, 0xFF, 0xFF, 0x5F, 0xFC, 0xEF, 0xEE, 0xEE,
    0xEE, 0xEE, 0xC5, 0xBF, 0x22, 0x22, 0x22, 0x22, 0x12, 0xFC, 0x0B, 0x00,
    0x00, 0x00, 0x00, 0xC0, 0xBF, 0x00, 0x00, 0x00, 0x00, 0x00, 0xFC, 0x0B,
    0x00, 0x00, 0x00, 0x00, 0xC0, 0xBF, 0x00, 0x00, 0x00, 0x00, 0x00, 0xFC,
    0x0B, 0x00, 0x00, 0x00, 0x00, 0xC0, 0xCF, 0x44, 0x44, 0x44, 0x44, 0x01,
    0xFC, 0xFF, 0xFF, 0xFF, 0xFF, 0x5F, 0xC0, 0xFF, 0xEE, 0xEE, 0xEE, 0xEE,
    0x05, 0xFC, 0x2B, 0x22, 0x22, 0x22, 0x12, 0xC0, 0xBF, 0x00, 0x00, 0x00,
    0x00, 0x00, 0xFC, 0x0B, 0x00, 0x00, 0x00, 0x00, 0xC0, 0xBF, 0x00, 0x00,
    0x00, 0x00, 0x00, 0xFC, 0x0B, 0x00, 0x00, 0x00, 0x00, 0xC0, 0xBF, 0x00,
    0x00, 0x00, 0x00, 0x00, 0xFC, 0x0B, 0x00, 0x00, 0x00, 0x00, 0xC0, 0xCF,
    0x55, 0x55, 0x55, 0x55, 0x25, 0xFD, 0xFF, 0xFF, 0xFF, 0xFF, 0xFF, 0xC5,
    0xEE, 0xEE, 0xEE, 0xEE, 0xEE, 0x5E, 0x11, 0x11, 0x11, 0x11, 0x11, 0x11,
    0x00, 0x00, 0x01, 0x00, 0x00, 0x00, 0x10, 0x00, 0x10, 0xDA, 0x2B, 0x00,
    0xC3, 0x9D, 0x00, 0x00, 0xD2, 0xDF, 0x31, 0xFE, 0x1C, 0x00, 0x00, 0x20,
    0xFD, 0xDD, 0xCF, 0x01, 0x00, 0x00, 0x00, 0xD2, 0xFF, 0x1C, 0x00, 0x00,
    0x00, 0x00, 0x10, 0x44, 0x01, 0x00, 0x00, 0x00, 0x00, 0x00, 0x00, 0x00,
    0x00, 0x00, 0x00, 0x00, 0x20, 0x44, 0x02, 0x00, 0x00, 0x00, 0x60, 0xFC,
    0xFF, 0xCE, 0x05, 0x00, 0x00, 0xF9, 0xFF, 0xEE, 0xFF, 0x8F, 0x00, 0x60,
    0xFF, 0x4B, 0x11, 0xC4, 0xFF, 0x05, 0xD0, 0xCF, 0x00, 0x00, 0x10, 0xFD,
    0x0C, 0xF3, 0x6F, 0x10, 0x00, 0x01, 0xF8, 0x2E, 0xF4, 0x3F, 0x00, 0x00,
    0x00, 0xF5, 0x3F, 0xF5, 0x6F, 0x44, 0x44, 0x44, 0xF8, 0x3F, 0xF5, 0xFF,
    0xFF, 0xFF, 0xFF, 0xFF, 0x4F, 0xF5, 0xCF, 0xBB, 0xBB, 0xBB, 0xBB, 0x3B,
    0xF5, 0x3F, 0x00, 0x00, 0x00, 0x00, 0x00, 0xF4, 0x4F, 0x00, 0x00, 0x00,
    0x00, 0x00, 0xF3, 0x6F, 0x00, 0x00, 0x00, 0x21, 0x02, 0xD0, 0xDF, 0x01,
    0x00, 0x00, 0xFB, 0x1D, 0x60, 0xFF, 0x5C, 0x22, 0xB4, 0xFF, 0x09, 0x00,
    0xF9, 0xFF, 0xFF, 0xFF, 0xBF, 0x01, 0x00, 0x60, 0xFC, 0xFF, 0xCF, 0x07,
    0x00, 0x00, 0x00, 0x20, 0x44, 0x02, 0x00, 0x00, 0x00, 0x00, 0x50, 0x99,
    0x04, 0x00, 0x00, 0x00, 0x00, 0xF6, 0xFF, 0x4F, 0x00, 0x00, 0x00, 0x50,
    0xFF, 0xA9, 0xEF, 0x04, 0x00, 0x00, 0xF6, 0x9F, 0x00, 0xFA, 0x5F, 0x00,
    0x10, 0x87, 0x06, 0x00, 0x70, 0x78, 0x00, 0x00, 0x00, 0x00, 0x00, 0x00,
    0x00, 0x00, 0x00, 0x00, 0x52, 0x77, 0x36, 0x00, 0x00, 0x00, 0x91, 0xFE,
    0xFF, 0xFF, 0x1A, 0x00, 0x10, 0xFC, 0xFF, 0xCC, 0xFE, 0xCF, 0x01, 0x80,
    0xFF, 0x2A, 0x00, 0x92, 0xFF, 0x09, 0xD0, 0xDF, 0x00, 0x00, 0x00, 0xFC,
    0x1E, 0xF2, 0x8F, 0x00, 0x00, 0x00, 0xF7, 0x4F, 0xF3, 0x6F, 0x00, 0x00,
    0x00, 0x93, 0x29, 0xF3, 0x6F, 0x00, 0x00, 0x00, 0x00, 0x00, 0xF3, 0x6F,
    0x00, 0x00, 0x00, 0x00, 0x00, 0xF3, 0x6F, 0x00, 0x00, 0x00, 0x00, 0x00,
    0xF3, 0x6F, 0x00, 0x21, 0x22, 0x22, 0x02, 0xF3, 0x6F, 0x00, 0xE9, 0xEE,
    0xEE, 0x4F, 0xF3, 0x6F, 0x00, 0xFA, 0xFF, 0xFF, 0x4F, 0xF3, 0x6F, 0x00,
    0x42, 0x44, 0xF8, 0x4F, 0xF3, 0x6F, 0x00, 0x00, 0x00, 0xF5, 0x4F, 0xF3,
    0x6F, 0x00, 0x00, 0x00, 0xF5, 0x4F, 0xF3, 0x6F, 0x00, 0x00, 0x00, 0xF5,
    0x4F, 0xE2, 0x9F, 0x00, 0x00, 0x00, 0xF8, 0x3F, 0xC0, 0xEF, 0x02, 0x00,
    0x10, 0xFD, 0x1D, 0x60, 0xFF, 0x6D, 0x22, 0xC5, 0xFF, 0x07, 0x00, 0xF9,
    0xFF, 0xFF, 0xFF, 0xAF, 0x00, 0x00, 0x60, 0xEC, 0xFF, 0xCF, 0x06, 0x00,
    0x00, 0x00, 0x20, 0x44, 0x02, 0x00, 0x00, 0x00, 0x00, 0x90, 0xCD, 0x06,
    0x00, 0x00, 0x00, 0x00, 0xFA, 0xFF, 0x6F, 0x00, 0x00, 0x00, 0xA0, 0xFF,
    0x85, 0xFF, 0x06, 0x00, 0x10, 0xFA, 0x5F, 0x00, 0xF8, 0x7F, 0x00, 0x10,
    0x44, 0x03, 0x00, 0x30, 0x44, 0x00, 0x00, 0x00, 0x00, 0x00, 0x00, 0x00,
    0x00, 0x00, 0x00, 0x32, 0x24, 0x00, 0x11, 0x01, 0x00, 0x91, 0xFE, 0xEF,
    0x1A, 0xE8, 0x1C, 0x10, 0xFC, 0xFF, 0xFF, 0xAF, 0xF9, 0x1E, 0x80, 0xFF,
    0x5C, 0x22, 0xE6, 0xFD, 0x1D, 0xD0, 0xDF, 0x01, 0x00, 0x40, 0xFF, 0x1D,
    0xF2, 0x8F, 0x00, 0x00, 0x00, 0xFC, 0x1D, 0xF3, 0x6F, 0x00, 0x00, 0x00,
    0xFA, 0x1D, 0xF3, 0x6F, 0x00, 0x00, 0x00, 0xF9, 0x1D, 0xF3, 0x6F, 0x00,
    0x00, 0x00, 0xF9, 0x1D, 0xF3, 0x6F, 0x00, 0x00, 0x00, 0xF9, 0x1D, 0xF3,
    0x6F, 0x00, 0x00, 0x00, 0xFA, 0x1D, 0xE2, 0x9F, 0x00, 0x00, 0x00, 0xFD,
    0x1D, 0xC0, 0xEF, 0x03, 0x00, 0x70, 0xFF, 0x1D, 0x60, 0xFF, 0x8E, 0x65,
    0xFA, 0xFC, 0x1D, 0x00, 0xFA, 0xFF, 0xFF, 0x8F, 0xF9, 0x1D, 0x00, 0x60,
    0xDB, 0xCE, 0x07, 0xFA, 0x1D, 0x00, 0x00, 0x10, 0x01, 0x00, 0xFA, 0x1D,
    0x00, 0x00, 0x00, 0x00, 0x01, 0xFA, 0x0D, 0x00, 0x00, 0x00, 0x00, 0x10,
    0xFE, 0x0C, 0x00, 0x20, 0x22, 0x22, 0xC4, 0xFF, 0x06, 0x00, 0xE2, 0xEE,
    0xEE, 0xFF, 0xBF, 0x00, 0x00, 0xF2, 0xFF, 0xFF, 0xDF, 0x08, 0x00, 0x00,
    0x40, 0x44, 0x44, 0x13, 0x00, 0x00, 0x00, 0x75, 0x03, 0x00, 0x30, 0x47,
    0x00, 0x00, 0xF9, 0x09, 0x00, 0xA0, 0x8F, 0x00, 0x00, 0xF3, 0x6E, 0x21,
    0xF7, 0x2F, 0x00, 0x00, 0x70, 0xFF, 0xFF, 0xFF, 0x06, 0x00, 0x00, 0x00,
    0x94, 0xBB, 0x38, 0x00, 0x00, 0x00, 0x00, 0x00, 0x00, 0x00, 0x00, 0x00,
    0x00, 0x00, 0x62, 0x77, 0x26, 0x00, 0x00, 0x00, 0x91, 0xFE, 0xFF, 0xFF,
    0x1A, 0x00, 0x10, 0xFC, 0xFF, 0xCC, 0xFE, 0xCF, 0x01, 0x80, 0xFF, 0x2A,
    0x00, 0x92, 0xFF, 0x09, 0xD0, 0xDF, 0x00, 0x00, 0x00, 0xFC, 0x1E, 0xF2,
    0x8F, 0x00, 0x00, 0x00, 0xF7, 0x4F, 0xF3, 0x6F, 0x00, 0x00, 0x00, 0x93,
    0x29, 0xF3, 0x6F, 0x00, 0x00, 0x00, 0x00, 0x00, 0xF3, 0x6F, 0x00, 0x00,
    0x00, 0x00, 0x00, 0xF3, 0x6F, 0x00, 0x00, 0x00, 0x00, 0x00, 0xF3, 0x6F,
    0x00, 0x21, 0x22, 0x22, 0x02, 0xF3, 0x6F, 0x00, 0xE9, 0xEE, 0xEE, 0x4F,
    0xF3, 0x6F, 0x00, 0xFA, 0xFF, 0xFF, 0x4F, 0xF3, 0x6F, 0x00, 0x42, 0x44,
    0xF8, 0x4F, 0xF3, 0x6F, 0x00, 0x00, 0x00, 0xF5, 0x4F, 0xF3, 0x6F, 0x00,
    0x00, 0x00, 0xF5, 0x4F, 0xF3, 0x6F, 0x00, 0x00, 0x00, 0xF5, 0x4F, 0xE2,
    0x9F, 0x00, 0x00, 0x00, 0xF8, 0x3F, 0xC0, 0xEF, 0x02, 0x00, 0x10, 0xFD,
    0x1D, 0x60, 0xFF, 0x6D, 0x22, 0xC5, 0xFF, 0x07, 0x00, 0xF9, 0xFF, 0xFF,
    0xFF, 0xAF, 0x00, 0x00, 0x60, 0xEC, 0xFF, 0xCF, 0x06, 0x00, 0x00, 0x00,
    0x20, 0x44, 0x02, 0x00, 0x00, 0x00, 0xB8, 0x03, 0x00, 0x60, 0x5B, 0x00,
    0x00, 0xFA, 0x09, 0x00, 0xD0, 0x5F, 0x00, 0x00, 0xF3, 0x9F, 0x54, 0xFB,
    0x1C, 0x00, 0x00, 0x50, 0xFE, 0xFF, 0xCF, 0x02, 0x00, 0x00, 0x00, 0x51,
    0x77, 0x04, 0x00, 0x00, 0x00, 0x00, 0x00, 0x00, 0x00, 0x00, 0x00, 0x00,
    0x00, 0x42, 0x24, 0x00, 0x11, 0x01, 0x00, 0x91, 0xFE, 0xEF, 0x1A, 0xE8,
    0x1C, 0x10, 0xFC, 0xFF, 0xFF, 0xAF, 0xF9, 0x1E, 0x80, 0xFF, 0x5C, 0x22,
    0xE6, 0xFD, 0x1D, 0xD0, 0xDF, 0x01, 0x00, 0x40, 0xFF, 0x1D, 0xF2, 0x8F,
    0x00, 0x00, 0x00, 0xFC, 0x1D, 0xF3, 0x6F, 0x00, 0x00, 0x00, 0xFA, 0x1D,
    0xF3, 0x6F, 0x00, 0x00, 0x00, 0xF9, 0x1D, 0xF3, 0x6F, 0x00, 0x00, 0x00,
    0xF9, 0x1D, 0xF3, 0x6F, 0x00, 0x00, 0x00, 0xF9, 0x1D, 0xF3, 0x6F, 0x00,
    0x00, 0x00, 0xFA, 0x1D, 0xE2, 0x9F, 0x00, 0x00, 0x00, 0xFD, 0x1D, 0xC0,
    0xEF, 0x03, 0x00, 0x70, 0xFF, 0x1D, 0x60, 0xFF, 0x8E, 0x65, 0xFA, 0xFC,
    0x1D, 0x00, 0xFA, 0xFF, 0xFF, 0x8F, 0xF9, 0x1D, 0x00, 0x60, 0xDB, 0xCE,
    0x07, 0xFA, 0x1D, 0x00, 0x00, 0x10, 0x01, 0x00, 0xFA, 0x1D, 0x00, 0x00,
    0x00, 0x00, 0x01, 0xFA, 0x0D, 0x00, 0x00, 0x00, 0x00, 0x10, 0xFE, 0x0C,
    0x00, 0x20, 0x22, 0x22, 0xC4, 0xFF, 0x06, 0x00, 0xE2, 0xEE, 0xEE, 0xFF,
    0xBF, 0x00, 0x00, 0xF2, 0xFF, 0xFF, 0xDF, 0x08, 0x00, 0x00, 0x40, 0x44,
    0x44, 0x13, 0x00, 0x00, 0x00, 0x00, 0x10, 0x67, 0x01, 0x00, 0x00, 0x00,
    0x00, 0xC1, 0xFF, 0x0B, 0x00, 0x00, 0x00, 0x00, 0xF2, 0xFF, 0x1F, 0x00,
    0x00, 0x00, 0x00, 0xA0, 0xFF, 0x09, 0x00, 0x00, 0x00, 0x00, 0x00, 0x34,
    0x00, 0x00, 0x00, 0x00, 0x00, 0x00, 0x00, 0x00, 0x00, 0x00, 0x00, 0x00,
    0x52, 0x77, 0x26, 0x00, 0x00, 0x00, 0x91, 0xFE, 0xFF, 0xFF, 0x1A, 0x00,
    0x10, 0xFC, 0xFF, 0xCC, 0xFE, 0xCF, 0x01, 0x80, 0xFF, 0x2A, 0x00, 0x92,
    0xFF, 0x09, 0xD0, 0xDF, 0x00, 0x00, 0x00, 0xFC, 0x1E, 0xF2, 0x8F, 0x00,
    0x00, 0x00, 0xF7, 0x4F, 0xF3, 0x6F, 0x00, 0x00, 0x00, 0x93, 0x29, 0xF3,
    0x6F, 0x00, 0x00, 0x00, 0x00, 0x00, 0xF3, 0x6F, 0x00, 0x00, 0x00, 0x00,
    0x00, 0xF3, 0x6F, 0x00, 0x00, 0x00, 0x00, 0x00, 0xF3, 0x6F, 0x00, 0x21,
    0x22, 0x22, 0x02, 0xF3, 0x6F, 0x00, 0xE9, 0xEE, 0xEE, 0x4F, 0xF3, 0x6F,
    0x00, 0xFA, 0xFF, 0xFF, 0x4F, 0xF3, 0x6F, 0x00, 0x42, 0x44, 0xF8, 0x4F,
    0xF3, 0x6F, 0x00, 0x00, 0x00, 0xF5, 0x4F, 0xF3, 0x6F, 0x00, 0x00, 0x00,
    0xF5, 0x4F, 0xF3, 0x6F, 0x00, 0x00, 0x00, 0xF5, 0x4F, 0xE2, 0x9F, 0x00,
    0x00, 0x00, 0xF8, 0x3F, 0xC0, 0xEF, 0x02, 0x00, 0x10, 0xFD, 0x1D, 0x60,
    0xFF, 0x6D, 0x22, 0xC5, 0xFF, 0x07, 0x00, 0xF9, 0xFF, 0xFF, 0xFF, 0xAF,
    0x00, 0x00, 0x60, 0xEC, 0xFF, 0xCF, 0x06, 0x00, 0x00, 0x00, 0x20, 0x44,
    0x02, 0x00, 0x00, 0x00, 0x00, 0x20, 0x67, 0x01, 0x00, 0x00, 0x00, 0x00,
    0xD1, 0xFF, 0x0A, 0x00, 0x00, 0x00, 0x00, 0xF3, 0xFF, 0x0E, 0x00, 0x00,
    0x00, 0x00, 0xB1, 0xFF, 0x08, 0x00, 0x00, 0x00, 0x00, 0x00, 0x34, 0x00,
    0x00, 0x00, 0x00, 0x00, 0x00, 0x00, 0x00, 0x00, 0x00, 0x00, 0x00, 0x41,
    0x24, 0x00, 0x11, 0x01, 0x00, 0x91, 0xFE, 0xEF, 0x1A, 0xE8, 0x1C, 0x10,
    0xFC, 0xFF, 0xFF, 0xAF, 0xF9, 0x1E, 0x80, 0xFF, 0x5C, 0x22, 0xE6, 0xFD,
    0x1D, 0xD0, 0xDF, 0x01, 0x00, 0x40, 0xFF, 0x1D, 0xF2, 0x8F, 0x00, 0x00,
    0x00, 0xFC, 0x1D, 0xF3, 0x6F, 0x00, 0x00, 0x00, 0xFA, 0x1D, 0xF3, 0x6F,
    0x00, 0x00, 0x00, 0xF9, 0x1D, 0xF3, 0x6F, 0x00, 0x00, 0x00, 0xF9, 0x1D,
    0xF3, 0x6F, 0x00, 0x00, 0x00, 0xF9, 0x1D, 0xF3, 0x6F, 0x00, 0x00, 0x00,
    0xFA, 0x1D, 0xE2, 0x9F, 0x00, 0x00, 0x00, 0xFD, 0x1D, 0xC0, 0xEF, 0x03,
    0x00, 0x70, 0xFF, 0x1D, 0x60, 0xFF, 0x8E, 0x65, 0xFA, 0xFC, 0x1D, 0x00,
    0xFA, 0xFF, 0xFF, 0x8F, 0xF9, 0x1D, 0x00, 0x60, 0xDB, 0xCE, 0x07, 0xFA,
    0x1D, 0x00, 0x00, 0x10, 0x01, 0x00, 0xFA, 0x1D, 0x00, 0x00, 0x00, 0x00,
    0x01, 0xFA, 0x0D, 0x00, 0x00, 0x00, 0x00, 0x10, 0xFE, 0x0C, 0x00, 0x20,
    0x22, 0x22, 0xC4, 0xFF, 0x06, 0x00, 0xE2, 0xEE, 0xEE, 0xFF, 0xBF, 0x00,
    0x00, 0xF2, 0xFF, 0xFF, 0xDF, 0x08, 0x00, 0x00, 0x40, 0x44, 0x44, 0x13,
    0x00, 0x00, 0x00, 0x00, 0x52, 0x77, 0x26, 0x00, 0x00, 0x00, 0x91, 0xFE,
    0xFF, 0xFF, 0x1A, 0x00, 0x10, 0xFC, 0xFF, 0xCC, 0xFE, 0xCF, 0x01, 0x80,
    0xFF, 0x2A, 0x00, 0x92, 0xFF, 0x09, 0xD0, 0xDF, 0x00, 0x00, 0x00, 0xFC,
    0x1E, 0xF2, 0x8F, 0x00, 0x00, 0x00, 0xF7, 0x4F, 0xF3, 0x6F, 0x00, 0x00,
    0x00, 0x93, 0x29, 0xF3, 0x6F, 0x00, 0x00, 0x00, 0x00, 0x00, 0xF3, 0x6F,
    0x00, 0x00, 0x00, 0x00, 0x00, 0xF3, 0x6F, 0x00, 0x00, 0x00, 0x00, 0x00,
    0xF3, 0x6F, 0x00, 0x21, 0x22, 0x22, 0x02, 0xF3, 0x6F, 0x00, 0xE9, 0xEE,
    0xEE, 0x4F, 0xF3, 0x6F, 0x00, 0xFA, 0xFF, 0xFF, 0x4F, 0xF3, 0x6F, 0x00,
    0x42, 0x44, 0xF8, 0x4F, 0xF3, 0x6F, 0x00, 0x00, 0x00, 0xF5, 0x4F, 0xF3,
    0x6F, 0x00, 0x00, 0x00, 0xF5, 0x4F, 0xF3, 0x6F, 0x00, 0x00, 0x00, 0xF5,
    0x4F, 0xE2, 0x9F, 0x00, 0x00, 0x00, 0xF8, 0x3F, 0xC0, 0xEF, 0x02, 0x00,
    0x10, 0xFD, 0x1D, 0x60, 0xFF, 0x6D, 0x22, 0xC5, 0xFF, 0x07, 0x00, 0xF9,
    0xFF, 0xFF, 0xFF, 0xAF, 0x00, 0x00, 0x60, 0xEC, 0xFF, 0xCF, 0x06, 0x00,
    0x00, 0x00, 0x20, 0x44, 0x03, 0x00, 0x00, 0x00, 0x00, 0x00, 0x00, 0x00,
    0x00, 0x00, 0x00, 0x00, 0x00, 0x42, 0x24, 0x00, 0x00, 0x00, 0x00, 0x00,
    0xFC, 0x3F, 0x00, 0x00, 0x00, 0x00, 0x80, 0xFF, 0x06, 0x00, 0x00, 0x00,
    0x00, 0xF3, 0xAF, 0x00, 0x00, 0x00, 0x00, 0x00, 0xFB, 0x1D, 0x00, 0x00,
    0x00, 0x00, 0x00, 0x00, 0x10, 0x99, 0x01, 0x00, 0x00, 0x00, 0x00, 0x90,
    0xDF, 0x00, 0x00, 0x00, 0x00, 0x00, 0xF3, 0x7F, 0x00, 0x00, 0x00, 0x00,
    0x00, 0xFA, 0x3F, 0x00, 0x00, 0x00, 0x00, 0x40, 0xFF, 0x0C, 0x00, 0x00,
    0x00, 0x00, 0xC0, 0xFF, 0x07, 0x00, 0x00, 0x00, 0x00, 0xF6, 0xFF, 0x02,
    0x00, 0x00, 0x00, 0x00, 0x43, 0x34, 0x00, 0x00, 0x00, 0x00, 0x00, 0x00,
    0x00, 0x00, 0x00, 0x00, 0x00, 0x00, 0x42, 0x24, 0x00, 0x11, 0x01, 0x00,
    0x91, 0xFE, 0xEF, 0x1A, 0xE8, 0x1C, 0x10, 0xFC, 0xFF, 0xFF, 0xAF, 0xF9,
    0x1E, 0x80, 0xFF, 0x5C, 0x22, 0xE6, 0xFD, 0x1D, 0xD0, 0xDF, 0x01, 0x00,
    0x40, 0xFF, 0x1D, 0xF2, 0x8F, 0x00, 0x00, 0x00, 0xFC, 0x1D, 0xF3, 0x6F,
    0x00, 0x00, 0x00, 0xFA, 0x1D, 0xF3, 0x6F, 0x00, 0x00, 0x00, 0xF9, 0x1D,
    0xF3, 0x6F, 0x00, 0x00, 0x00, 0xF9, 0x1D, 0xF3, 0x6F, 0x00, 0x00, 0x00,
    0xF9, 0x1D, 0xF3, 0x6F, 0x00, 0x00, 0x00, 0xFA, 0x1D, 0xE2, 0x9F, 0x00,
    0x00, 0x00, 0xFD, 0x1D, 0xC0, 0xEF, 0x03, 0x00, 0x70, 0xFF, 0x1D, 0x60,
    0xFF, 0x8E, 0x65, 0xFA, 0xFC, 0x1D, 0x00, 0xFA, 0xFF, 0xFF, 0x8F, 0xF9,
    0x1D, 0x00, 0x60, 0xDB, 0xCE, 0x07, 0xFA, 0x1D, 0x00, 0x00, 0x10, 0x01,
    0x00, 0xFA, 0x1D, 0x00, 0x00, 0x00, 0x00, 0x01, 0xFA, 0x0D, 0x00, 0x00,
    0x00, 0x00, 0x10, 0xFE, 0x0C, 0x00, 0x20, 0x22, 0x22, 0xC4, 0xFF, 0x06,
    0x00, 0xE2, 0xEE, 0xEE, 0xFF, 0xBF, 0x00, 0x00, 0xF2, 0xFF, 0xFF, 0xDF,
    0x08, 0x00, 0x00, 0x40, 0x44, 0x44, 0x13, 0x00, 0x00, 0x00, 0x00, 0x50,
    0x99, 0x04, 0x00, 0x00, 0x00, 0x00, 0xF6, 0xFF, 0x4F, 0x00, 0x00, 0x00,
    0x50, 0xFF, 0xA9, 0xEF, 0x04, 0x00, 0x00, 0xF6, 0x9F, 0x00, 0xFA, 0x5F,
    0x00, 0x10, 0x88, 0x06, 0x00, 0x70, 0x78, 0x01, 0x00, 0x00, 0x00, 0x00,
    0x00, 0x00, 0x00, 0x40, 0x24, 0x00, 0x00, 0x00, 0x43, 0x03, 0xF2, 0x9F,
    0x00, 0x00, 0x00, 0xFA, 0x1E, 0xE2, 0x8F, 0x00, 0x00, 0x00, 0xFA, 0x1D,
    0xE2, 0x8F, 0x00, 0x00, 0x00, 0xFA, 0x1D, 0xE2, 0x8F, 0x00, 0x00, 0x00,
    0xFA, 0x1D, 0xE2, 0x8F, 0x00, 0x00, 0x00, 0xFA, 0x1D, 0xE2, 0x8F, 0x00,
    0x00, 0x00, 0xFA, 0x1D, 0xE2, 0x8F, 0x00, 0x00, 0x00, 0xFA, 0x1D, 0xE2,
    0x8F, 0x00, 0x00, 0x00, 0xFA, 0x1D, 0xE2, 0x9F, 0x22, 0x22, 0x22, 0xFA,
    0x1D, 0xE2, 0xFF, 0xEE, 0xEE, 0xEE, 0xFF, 0x1D, 0xE2, 0xFF, 0xFF, 0xFF,
    0xFF, 0xFF, 0x1D, 0xE2, 0xAF, 0x44, 0x44, 0x44, 0xFB, 0x1D, 0xE2, 0x8F,
    0x00, 0x00, 0x00, 0xF9, 0x1D, 0xE2, 0x8F, 0x00, 0x00, 0x00, 0xFA, 0x1D,
    0xE2, 0x8F, 0x00, 0x00, 0x00, 0xFA, 0x1D, 0xE2, 0x8F, 0x00, 0x00, 0x00,
    0xFA, 0x1D, 0xE2, 0x8F, 0x00, 0x00, 0x00, 0xFA, 0x1D, 0xE2, 0x8F, 0x00,
    0x00, 0x00, 0xFA, 0x1D, 0xE2, 0x8F, 0x00, 0x00, 0x00, 0xFA, 0x1D, 0xE2,
    0x8F, 0x00, 0x00, 0x00, 0xFA, 0x1E, 0xD1, 0x8E, 0x00, 0x00, 0x00, 0xE9,
    0x1C, 0x10, 0x11, 0x00, 0x00, 0x00, 0x11, 0x01, 0x00, 0x00, 0x32, 0x01,
    0x00, 0x00, 0x00, 0x00, 0x00, 0x00, 0xF9, 0xDF, 0x02, 0x00, 0x00, 0x00,
    0x00, 0x00, 0xF9, 0xEF, 0xDF, 0x02, 0x00, 0x00, 0x00, 0x00, 0xF8, 0x6F,
    0xD2, 0xDF, 0x02, 0x00, 0x00, 0x00, 0xE8, 0x6E, 0x00, 0xC2, 0xCE, 0x02,
    0x00, 0x00, 0x20, 0x11, 0x00, 0x00, 0x10, 0x11, 0x00, 0x00, 0x00, 0x00,
    0x00, 0x00, 0x00, 0x00, 0x00, 0x00, 0x00, 0x00, 0x00, 0x41, 0x24, 0x00,
    0x00, 0x00, 0x00, 0x00, 0x00, 0x20, 0xFF, 0x08, 0x00, 0x00, 0x00, 0x00,
    0x00, 0x00, 0xE2, 0x8F, 0x00, 0x00, 0x00, 0x00, 0x00, 0x00, 0x20, 0xFE,
    0x08, 0x00, 0x00, 0x00, 0x00, 0x00, 0x00, 0xE2, 0x8F, 0x00, 0x00, 0x00,
    0x00, 0x00, 0x00, 0x20, 0xFE, 0x08, 0x20, 0x34, 0x01, 0x00, 0x00, 0x00,
    0xE2, 0x7F, 0xA1, 0xFF, 0xEF, 0x19, 0x00, 0x00, 0x20, 0xFE, 0xB8, 0xFF,
    0xFF, 0xFF, 0x1C, 0x00, 0x00, 0xF2, 0xCF, 0x6E, 0x22, 0xD6, 0xFF, 0x07,
    0x00, 0x20, 0xFF, 0x3F, 0x00, 0x00, 0xE3, 0xCF, 0x00, 0x00, 0xE2, 0xBF,
    0x00, 0x00, 0x00, 0xFB, 0x1E, 0x00, 0x20, 0xFE, 0x08, 0x00, 0x00, 0x90,
    0xEF, 0x01, 0x00, 0xE2, 0x8F, 0x00, 0x00, 0x00, 0xF8, 0x1E, 0x00, 0x20,
    0xFE, 0x08, 0x00, 0x00, 0x80, 0xEF, 0x01, 0x00, 0xE2, 0x8F, 0x00, 0x00,
    0x00, 0xF8, 0x1E, 0x00, 0x20, 0xFE, 0x08, 0x00, 0x00, 0x80, 0xEF, 0x01,
    0x00, 0xE2, 0x8F, 0x00, 0x00, 0x00, 0xF8, 0x1E, 0x00, 0x20, 0xFE, 0x08,
    0x00, 0x00, 0x80, 0xEF, 0x01, 0x00, 0xE2, 0x8F, 0x00, 0x00, 0x00, 0xF8,
    0x1E, 0x00, 0x20, 0xFE, 0x08, 0x00, 0x00, 0x80, 0xEF, 0x01, 0x00, 0xF2,
    0x8F, 0x00, 0x00, 0x00, 0xF9, 0x1E, 0x00, 0x20, 0xED, 0x07, 0x00, 0x00,
    0x80, 0xDE, 0x01, 0x00, 0x10, 0x11, 0x00, 0x00, 0x00, 0x11, 0x01, 0x00,
    0x72, 0x26, 0x00, 0x52, 0x03, 0x30, 0xFE, 0xEF, 0x05, 0xF4, 0x09, 0x90,
    0x8F, 0xE5, 0x8F, 0xFB, 0x06, 0xA0, 0x2F, 0x30, 0xFC, 0xBF, 0x01, 0x20,
    0x12, 0x00, 0x31, 0x03, 0x00, 0x00, 0x00, 0x00, 0x00, 0x00, 0x00, 0x43,
    0x44, 0x44, 0x44, 0x44, 0x24, 0xFB, 0xFF, 0xFF, 0xFF, 0xFF, 0xAF, 0xEA,
    0xEE, 0xFF, 0xEF, 0xEE, 0x9E, 0x21, 0x22, 0xF7, 0x6F, 0x22, 0x12, 0x00,
    0x00, 0xF6, 0x4F, 0x00, 0x00, 0x00, 0x00, 0xF6, 0x4F, 0x00, 0x00, 0x00,
    0x00, 0xF6, 0x4F, 0x00, 0x00, 0x00, 0x00, 0xF6, 0x4F, 0x00, 0x00, 0x00,
    0x00, 0xF6, 0x4F, 0x00, 0x00, 0x00, 0x00, 0xF6, 0x4F, 0x00, 0x00, 0x00,
    0x00, 0xF6, 0x4F, 0x00, 0x00, 0x00, 0x00, 0xF6, 0x4F, 0x00, 0x00, 0x00,
    0x00, 0xF6, 0x4F, 0x00, 0x00, 0x00, 0x00, 0xF6, 0x4F, 0x00, 0x00, 0x00,
    0x00, 0xF6, 0x4F, 0x00, 0x00, 0x00, 0x00, 0xF6, 0x4F, 0x00, 0x00, 0x00,
    0x00, 0xF6, 0x4F, 0x00, 0x00, 0x00, 0x00, 0xF6, 0x4F, 0x00, 0x00, 0x00,
    0x00, 0xF5, 0x4F, 0x00, 0x00, 0x53, 0x55, 0xF9, 0x8F, 0x55, 0x35, 0xFB,
    0xFF, 0xFF, 0xFF, 0xFF, 0xAF, 0xEA, 0xEE, 0xEE, 0xEE, 0xEE, 0x8E, 0x11,
    0x11, 0x11, 0x11, 0x11, 0x11, 0x00, 0x00, 0x75, 0x04, 0x00, 0x54, 0x00,
    0x00, 0x00, 0xFA, 0xFF, 0x09, 0xE0, 0x1F, 0x00, 0x00, 0xF3, 0x4D, 0xFA,
    0x8B, 0xDF, 0x00, 0x00, 0x40, 0x9F, 0x00, 0xF9, 0xEF, 0x05, 0x00, 0x00,
    0x21, 0x01, 0x00, 0x42, 0x01, 0x00, 0x00, 0x00, 0x00, 0x00, 0x00, 0x00,
    0x00, 0x00, 0x10, 0x11, 0x11, 0x11, 0x01, 0x00, 0x00, 0x00, 0xEA, 0xEE,
    0xEE, 0xDE, 0x01, 0x00, 0x00, 0xB0, 0xFF, 0xFF, 0xFF, 0x1E, 0x00, 0x00,
    0x00, 0x53, 0x55, 0xB5, 0xEF, 0x01, 0x00, 0x00, 0x00, 0x00, 0x00, 0xF9,
    0x1E, 0x00, 0x00, 0x00, 0x00, 0x00, 0x90, 0xEF, 0x01, 0x00, 0x00, 0x00,
    0x00, 0x00, 0xF9, 0x1E, 0x00, 0x00, 0x00, 0x00, 0x00, 0x90, 0xEF, 0x01,
    0x00, 0x00, 0x00, 0x00, 0x00, 0xF9, 0x1E, 0x00, 0x00, 0x00, 0x00, 0x00,
    0x90, 0xEF, 0x01, 0x00, 0x00, 0x00, 0x00, 0x00, 0xF9, 0x1E, 0x00, 0x00,
    0x00, 0x00, 0x00, 0x90, 0xEF, 0x01, 0x00, 0x00, 0x00, 0x00, 0x00, 0xF9,
    0x1E, 0x00, 0x00, 0x00, 0x00, 0x00, 0x90, 0xEF, 0x00, 0x00, 0x00, 0x51,
    0x55, 0x55, 0xFB, 0x5E, 0x55, 0x55, 0x52, 0xFF, 0xFF, 0xFF, 0xFF, 0xFF,
    0xFF, 0x6F, 0xE4, 0xEE, 0xEE, 0xEE, 0xEE, 0xEE, 0xEE, 0x05, 0x11, 0x11,
    0x11, 0x11, 0x11, 0x11, 0x01, 0x80, 0xCC, 0xCC, 0xCC, 0xCC, 0x07, 0xC0,
    0xFF, 0xFF, 0xFF, 0xFF, 0x0A, 0x50, 0x77, 0x77, 0x77, 0x77, 0x04, 0x00,
    0x00, 0x00, 0x00, 0x00, 0x00, 0x00, 0x00, 0x00, 0x00, 0x00, 0x00, 0x43,
    0x44, 0x44, 0x44, 0x44, 0x24, 0xFB, 0xFF, 0xFF, 0xFF, 0xFF, 0xAF, 0xEA,
    0xEE, 0xFF, 0xEF, 0xEE, 0x9E, 0x21, 0x22, 0xF7, 0x6F, 0x22, 0x12, 0x00,
    0x00, 0xF6, 0x4F, 0x00, 0x00, 0x00, 0x00, 0xF6, 0x4F, 0x00, 0x00, 0x00,
    0x00, 0xF6, 0x4F, 0x00, 0x00, 0x00, 0x00, 0xF6, 0x4F, 0x00, 0x00, 0x00,
    0x00, 0xF6, 0x4F, 0x00, 0x00, 0x00, 0x00, 0xF6, 0x4F, 0x00, 0x00, 0x00,
    0x00, 0xF6, 0x4F, 0x00, 0x00, 0x00, 0x00, 0xF6, 0x4F, 0x00, 0x00, 0x00,
    0x00, 0xF6, 0x4F, 0x00, 0x00, 0x00, 0x00, 0xF6, 0x4F, 0x00, 0x00, 0x00,
    0x00, 0xF6, 0x4F, 0x00, 0x00, 0x00, 0x00, 0xF6, 0x4F, 0x00, 0x00, 0x00,
    0x00, 0xF6, 0x4F, 0x00, 0x00, 0x00, 0x00, 0xF6, 0x4F, 0x00, 0x00, 0x00,
    0x00, 0xF5, 0x4F, 0x00, 0x00, 0x53, 0x55, 0xF9, 0x8F, 0x55, 0x35, 0xFB,
    0xFF, 0xFF, 0xFF, 0xFF, 0xAF, 0xEA, 0xEE, 0xEE, 0xEE, 0xEE, 0x8E, 0x11,
    0x11, 0x11, 0x11, 0x11, 0x11, 0x00, 0xC3, 0xCC, 0xCC, 0xCC, 0xBC, 0x01,
    0x00, 0x40, 0xFF, 0xFF, 0xFF, 0xFF, 0x1F, 0x00, 0x00, 0x72, 0x77, 0x77,
    0x77, 0x77, 0x01, 0x00, 0x00, 0x00, 0x00, 0x00, 0x00, 0x00, 0x00, 0x00,
    0x00, 0x00, 0x00, 0x00, 0x00, 0x00, 0x00, 0x11, 0x11, 0x11, 0x11, 0x00,
    0x00, 0x00, 0xA0, 0xEE, 0xEE, 0xEE, 0x1D, 0x00, 0x00, 0x00, 0xFB, 0xFF,
    0xFF, 0xEF, 0x01, 0x00, 0x00, 0x30, 0x55, 0x55, 0xFB, 0x1E, 0x00, 0x00,
    0x00, 0x00, 0x00, 0x90, 0xEF, 0x01, 0x00, 0x00, 0x00, 0x00, 0x00, 0xF9,
    0x1E, 0x00, 0x00, 0x00, 0x00, 0x00, 0x90, 0xEF, 0x01, 0x00, 0x00, 0x00,
    0x00, 0x00, 0xF9, 0x1E, 0x00, 0x00, 0x00, 0x00, 0x00, 0x90, 0xEF, 0x01,
    0x00, 0x00, 0x00, 0x00, 0x00, 0xF9, 0x1E, 0x00, 0x00, 0x00, 0x00, 0x00,
    0x90, 0xEF, 0x01, 0x00, 0x00, 0x00, 0x00, 0x00, 0xF9, 0x1E, 0x00, 0x00,
    0x00, 0x00, 0x00, 0x90, 0xEF, 0x01, 0x00, 0x00, 0x00, 0x00, 0x00, 0xF9,
    0x0E, 0x00, 0x00, 0x10, 0x55, 0x55, 0xB5, 0xEF, 0x55, 0x55, 0x25, 0xF5,
    0xFF, 0xFF, 0xFF, 0xFF, 0xFF, 0xFF, 0x46, 0xEE, 0xEE, 0xEE, 0xEE, 0xEE,
    0xEE, 0x5E, 0x10, 0x11, 0x11, 0x11, 0x11, 0x11, 0x11, 0x00, 0x50, 0x37,
    0x00, 0x00, 0x73, 0x04, 0x90, 0x9F, 0x00, 0x00, 0xFA, 0x08, 0x30, 0xEF,
    0x16, 0x72, 0xFF, 0x02, 0x00, 0xF7, 0xFF, 0xFF, 0x6F, 0x00, 0x00, 0x40,
    0xB9, 0x8B, 0x03, 0x00, 0x00, 0x00, 0x00, 0x00, 0x00, 0x00, 0x43, 0x44,
    0x44, 0x44, 0x44, 0x24, 0xFB, 0xFF, 0xFF, 0xFF, 0xFF, 0xAF, 0xEA, 0xEE,
    0xFF, 0xEF, 0xEE, 0x9E, 0x21, 0x22, 0xF7, 0x6F, 0x22, 0x12, 0x00, 0x00,
    0xF6, 0x4F, 0x00, 0x00, 0x00, 0x00, 0xF6, 0x4F, 0x00, 0x00, 0x00, 0x00,
    0xF6, 0x4F, 0x00, 0x00, 0x00, 0x00, 0xF6, 0x4F, 0x00, 0x00, 0x00, 0x00,
    0xF6, 0x4F, 0x00, 0x00, 0x00, 0x00, 0xF6, 0x4F, 0x00, 0x00, 0x00, 0x00,
    0xF6, 0x4F, 0x00, 0x00, 0x00, 0x00, 0xF6, 0x4F, 0x00, 0x00, 0x00, 0x00,
    0xF6, 0x4F, 0x00, 0x00, 0x00, 0x00, 0xF6, 0x4F, 0x00, 0x00, 0x00, 0x00,
    0xF6, 0x4F, 0x00, 0x00, 0x00, 0x00, 0xF6, 0x4F, 0x00, 0x00, 0x00, 0x00,
    0xF6, 0x4F, 0x00, 0x00, 0x00, 0x00, 0xF6, 0x4F, 0x00, 0x00, 0x00, 0x00,
    0xF5, 0x4F, 0x00, 0x00, 0x53, 0x55, 0xF9, 0x8F, 0x55, 0x35, 0xFB, 0xFF,
    0xFF, 0xFF, 0xFF, 0xAF, 0xEA, 0xEE, 0xEE, 0xEE, 0xEE, 0x8E, 0x11, 0x11,
    0x11, 0x11, 0x11, 0x11, 0x00, 0xB3, 0x09, 0x00, 0x10, 0xBB, 0x01, 0x00,
    0x20, 0xFF, 0x02, 0x00, 0xF5, 0x0D, 0x00, 0x00, 0x90, 0xDF, 0x46, 0xE7,
    0x6F, 0x00, 0x00, 0x00, 0xA1, 0xFF, 0xFF, 0x8F, 0x00, 0x00, 0x00, 0x00,
    0x30, 0x76, 0x26, 0x00, 0x00, 0x00, 0x00, 0x00, 0x00, 0x00, 0x00, 0x00,
    0x00, 0x10, 0x11, 0x11, 0x11, 0x01, 0x00, 0x00, 0x00, 0xEA, 0xEE, 0xEE,
    0xDE, 0x01, 0x00, 0x00, 0xB0, 0xFF, 0xFF, 0xFF, 0x1E, 0x00, 0x00, 0x00,
    0x53, 0x55, 0xB5, 0xEF, 0x01, 0x00, 0x00, 0x00, 0x00, 0x00, 0xF9, 0x1E,
    0x00, 0x00, 0x00, 0x00, 0x00, 0x90, 0xEF, 0x01, 0x00, 0x00, 0x00, 0x00,
    0x00, 0xF9, 0x1E, 0x00, 0x00, 0x00, 0x00, 0x00, 0x90, 0xEF, 0x01, 0x00,
    0x00, 0x00, 0x00, 0x00, 0xF9, 0x1E, 0x00, 0x00, 0x00, 0x00, 0x00, 0x90,
    0xEF, 0x01, 0x00, 0x00, 0x00, 0x00, 0x00, 0xF9, 0x1E, 0x00, 0x00, 0x00,
    0x00, 0x00, 0x90, 0xEF, 0x01, 0x00, 0x00, 0x00, 0x00, 0x00, 0xF9, 0x1E,
    0x00, 0x00, 0x00, 0x00, 0x00, 0x90, 0xEF, 0x00, 0x00, 0x00, 0x51, 0x55,
    0x55, 0xFB, 0x5E, 0x55, 0x55, 0x52, 0xFF, 0xFF, 0xFF, 0xFF, 0xFF, 0xFF,
    0x6F, 0xE4, 0xEE, 0xEE, 0xEE, 0xEE, 0xEE, 0xEE, 0x05, 0x11, 0x11, 0x11,
    0x11, 0x11, 0x11, 0x01, 0x43, 0x44, 0x44, 0x44, 0x44, 0x24, 0xFB, 0xFF,
    0xFF, 0xFF, 0xFF, 0xAF, 0xEA, 0xEE, 0xFF, 0xEF, 0xEE, 0x9E, 0x21, 0x22,
    0xF7, 0x6F, 0x22, 0x12, 0x00, 0x00, 0xF6, 0x4F, 0x00, 0x00, 0x00, 0x00,
    0xF6, 0x4F, 0x00, 0x00, 0x00, 0x00, 0xF6, 0x4F, 0x00, 0x00, 0x00, 0x00,
    0xF6, 0x4F, 0x00, 0x00, 0x00, 0x00, 0xF6, 0x4F, 0x00, 0x00, 0x00, 0x00,
    0xF6, 0x4F, 0x00, 0x00, 0x00, 0x00, 0xF6, 0x4F, 0x00, 0x00, 0x00, 0x00,
    0xF6, 0x4F, 0x00, 0x00, 0x00, 0x00, 0xF6, 0x4F, 0x00, 0x00, 0x00, 0x00,
    0xF6, 0x4F, 0x00, 0x00, 0x00, 0x00, 0xF6, 0x4F, 0x00, 0x00, 0x00, 0x00,
    0xF6, 0x4F, 0x00, 0x00, 0x00, 0x00, 0xF6, 0x4F, 0x00, 0x00, 0x00, 0x00,
    0xF6, 0x4F, 0x00, 0x00, 0x00, 0x00, 0xF5, 0x4F, 0x00, 0x00, 0x53, 0x55,
    0xF9, 0x8F, 0x55, 0x35, 0xFB, 0xFF, 0xFF, 0xFF, 0xFF, 0xAF, 0xEA, 0xEE,
    0xFE, 0xEF, 0xEE, 0x8E, 0x11, 0x21, 0xFC, 0x16, 0x11, 0x11, 0x00, 0xB0,
    0x8F, 0x00, 0x00, 0x00, 0x00, 0xF4, 0x2F, 0x00, 0x00, 0x00, 0x00, 0xF6,
    0x5F, 0x00, 0x00, 0x00, 0x00, 0xE2, 0xFF, 0xBC, 0x05, 0x00, 0x00, 0x30,
    0xDA, 0xFE, 0x06, 0x00, 0x00, 0x00, 0x10, 0x11, 0x00, 0x00, 0x00, 0x00,
    0x00, 0x75, 0x04, 0x00, 0x00, 0x00, 0x00, 0x00, 0xF7, 0xFF, 0x04, 0x00,
    0x00, 0x00, 0x00, 0xA0, 0xEF, 0x7F, 0x00, 0x00, 0x00, 0x00, 0x00, 0xE5,
    0xDF, 0x02, 0x00, 0x00, 0x00, 0x00, 0x00, 0x42, 0x01, 0x00, 0x00, 0x00,
    0x00, 0x00, 0x00, 0x00, 0x00, 0x00, 0x00, 0x10, 0x11, 0x11, 0x11, 0x01,
    0x00, 0x00, 0x00, 0xEA, 0xEE, 0xEE, 0xDE, 0x01, 0x00, 0x00, 0xB0, 0xFF,
    0xFF, 0xFF, 0x1E, 0x00, 0x00, 0x00, 0x53, 0x55, 0xB5, 0xEF, 0x01, 0x00,
    0x00, 0x00, 0x00, 0x00, 0xF9, 0x1E, 0x00, 0x00, 0x00, 0x00, 0x00, 0x90,
    0xEF, 0x01, 0x00, 0x00, 0x00, 0x00, 0x00, 0xF9, 0x1E, 0x00, 0x00, 0x00,
    0x00, 0x00, 0x90, 0xEF, 0x01, 0x00, 0x00, 0x00, 0x00, 0x00, 0xF9, 0x1E,
    0x00, 0x00, 0x00, 0x00, 0x00, 0x90, 0xEF, 0x01, 0x00, 0x00, 0x00, 0x00,
    0x00, 0xF9, 0x1E, 0x00, 0x00, 0x00, 0x00, 0x00, 0x90, 0xEF, 0x01, 0x00,
    0x00, 0x00, 0x00, 0x00, 0xF9, 0x1E, 0x00, 0x00, 0x00, 0x00, 0x00, 0x90,
    0xEF, 0x00, 0x00, 0x00, 0x51, 0x55, 0x55, 0xFB, 0x5E, 0x55, 0x55, 0x52,
    0xFF, 0xFF, 0xFF, 0xFF, 0xFF, 0xFF, 0x6F, 0xE4, 0xEE, 0xDE, 0xFF, 0xEE,
    0xEE, 0xEE, 0x05, 0x11, 0x11, 0xF8, 0x2B, 0x11, 0x11, 0x01, 0x00, 0x00,
    0xF5, 0x1D, 0x00, 0x00, 0x00, 0x00, 0x00, 0xC0, 0x8F, 0x00, 0x00, 0x00,
    0x00, 0x00, 0x00, 0xFD, 0x0B, 0x00, 0x00, 0x00, 0x00, 0x00, 0x80, 0xFF,
    0xBD, 0x09, 0x00, 0x00, 0x00, 0x00, 0x70, 0xEC, 0xCF, 0x00, 0x00, 0x00,
    0x00, 0x00, 0x00, 0x11, 0x01, 0x00, 0x00, 0x00, 0x00, 0x71, 0x16, 0x00,
    0x00, 0x00, 0x10, 0xFC, 0xBF, 0x00, 0x00, 0x00, 0x20, 0xFF, 0xFF, 0x01,
    0x00, 0x00, 0x00, 0xFA, 0x9F, 0x00, 0x00, 0x00, 0x00, 0x30, 0x03, 0x00,
    0x00, 0x00, 0x00, 0x00, 0x00, 0x00, 0x00, 0x43, 0x44, 0x44, 0x44, 0x44,
    0x24, 0xFB, 0xFF, 0xFF, 0xFF, 0xFF, 0xAF, 0xEA, 0xEE, 0xFF, 0xEF, 0xEE,
    0x9E, 0x21, 0x22, 0xF7, 0x6F, 0x22, 0x12, 0x00, 0x00, 0xF6, 0x4F, 0x00,
    0x00, 0x00, 0x00, 0xF6, 0x4F, 0x00, 0x00, 0x00, 0x00, 0xF6, 0x4F, 0x00,
    0x00, 0x00, 0x00, 0xF6, 0x4F, 0x00, 0x00, 0x00, 0x00, 0xF6, 0x4F, 0x00,
    0x00, 0x00, 0x00, 0xF6, 0x4F, 0x00, 0x00, 0x00, 0x00, 0xF6, 0x4F, 0x00,
    0x00, 0x00, 0x00, 0xF6, 0x4F, 0x00, 0x00, 0x00, 0x00, 0xF6, 0x4F, 0x00,
    0x00, 0x00, 0x00, 0xF6, 0x4F, 0x00, 0x00, 0x00, 0x00, 0xF6, 0x4F, 0x00,
    0x00, 0x00, 0x00, 0xF6, 0x4F, 0x00, 0x00, 0x00, 0x00, 0xF6, 0x4F, 0x00,
    0x00, 0x00, 0x00, 0xF6, 0x4F, 0x00, 0x00, 0x00, 0x00, 0xF5, 0x4F, 0x00,
    0x00, 0x53, 0x55, 0xF9, 0x8F, 0x55, 0x35, 0xFB, 0xFF, 0xFF, 0xFF, 0xFF,
    0xAF, 0xEA, 0xEE, 0xEE, 0xEE, 0xEE, 0x8E, 0x11, 0x11, 0x11, 0x11, 0x11,
    0x11, 0x10, 0x11, 0x11, 0x11, 0x01, 0x00, 0x00, 0x00, 0xEA, 0xEE, 0xEE,
    0xDE, 0x01, 0x00, 0x00, 0xB0, 0xFF, 0xFF, 0xFF, 0x1E, 0x00, 0x00, 0x00,
    0x53, 0x55, 0xB5, 0xEF, 0x01, 0x00, 0x00, 0x00, 0x00, 0x00, 0xF9, 0x1E,
    0x00, 0x00, 0x00, 0x00, 0x00, 0x90, 0xEF, 0x01, 0x00, 0x00, 0x00, 0x00,
    0x00, 0xF9, 0x1E, 0x00, 0x00, 0x00, 0x00, 0x00, 0x90, 0xEF, 0x01, 0x00,
    0x00, 0x00, 0x00, 0x00, 0xF9, 0x1E, 0x00, 0x00, 0x00, 0x00, 0x00, 0x90,
    0xEF, 0x01, 0x00, 0x00, 0x00, 0x00, 0x00, 0xF9, 0x1E, 0x00, 0x00, 0x00,
    0x00, 0x00, 0x90, 0xEF, 0x01, 0x00, 0x00, 0x00, 0x00, 0x00, 0xF9, 0x1E,
    0x00, 0x00, 0x00, 0x00, 0x00, 0x90, 0xEF, 0x00, 0x00, 0x00, 0x51, 0x55,
    0x55, 0xFB, 0x5E, 0x55, 0x55, 0x52, 0xFF, 0xFF, 0xFF, 0xFF, 0xFF, 0xFF,
    0x6F, 0xE4, 0xEE, 0xEE, 0xEE, 0xEE, 0xEE, 0xEE, 0x05, 0x11, 0x11, 0x11,
    0x11, 0x11, 0x11, 0x01, 0x00, 0x00, 0x00, 0x00, 0x00, 0x92, 0x79, 0x00,
    0x00, 0x00, 0x00, 0x00, 0x00, 0x20, 0xFD, 0xFF, 0x09, 0x00, 0x00, 0x00,
    0x00, 0x00, 0xD2, 0xCF, 0xF8, 0x8F, 0x00, 0x00, 0x00, 0x00, 0x30, 0xFE,
    0x2D, 0x60, 0xFF, 0x19, 0x00, 0x00, 0x00, 0x50, 0x78, 0x02, 0x01, 0x74,
    0x28, 0x00, 0x00, 0x00, 0x00, 0x00, 0x00, 0x00, 0x00, 0x00, 0x00, 0x00,
    0x00, 0x00, 0x00, 0x40, 0x24, 0x00, 0x00, 0x00, 0x00, 0x00, 0x00, 0x00,
    0xE1, 0x9F, 0x00, 0x00, 0x00, 0x00, 0x00, 0x00, 0x00, 0xE1, 0x9F, 0x00,
    0x00, 0x00, 0x00, 0x00, 0x00, 0x00, 0xE1, 0x9F, 0x00, 0x00, 0x00, 0x00,
    0x00, 0x00, 0x00, 0xE1, 0x9F, 0x00, 0x00, 0x00, 0x00, 0x00, 0x00, 0x00,
    0xE1, 0x9F, 0x00, 0x00, 0x00, 0x00, 0x00, 0x00, 0x00, 0xE1, 0x9F, 0x00,
    0x00, 0x00, 0x00, 0x00, 0x00, 0x00, 0xE1, 0x9F, 0x00, 0x00, 0x00, 0x00,
    0x00, 0x00, 0x00, 0xE1, 0x9F, 0x00, 0x00, 0x00, 0x00, 0x00, 0x00, 0x00,
    0xE1, 0x9F, 0x00, 0x00, 0x00, 0x00, 0x00, 0x00, 0x00, 0xE1, 0x9F, 0x00,
    0x00, 0x00, 0x00, 0x00, 0x00, 0x00, 0xE1, 0x9F, 0x00, 0x00, 0x00, 0x00,
    0x00, 0x00, 0x00, 0xE1, 0x9F, 0x00, 0x00, 0x00, 0x00, 0x00, 0x00, 0x00,
    0xE1, 0x9F, 0x00, 0x00, 0x00, 0x00, 0x00, 0x00, 0x00, 0xE1, 0x9F, 0x00,
    0x00, 0x31, 0x03, 0x00, 0x00, 0x00, 0xE1, 0x9F, 0x00, 0x00, 0xF6, 0x3F,
    0x00, 0x00, 0x00, 0xE1, 0x9F, 0x00, 0x00, 0xF4, 0x6F, 0x00, 0x00, 0x00,
    0xF4, 0x7F, 0x00, 0x00, 0xE1, 0xDF, 0x01, 0x00, 0x00, 0xFB, 0x3F, 0x00,
    0x00, 0x80, 0xFF, 0x5C, 0x22, 0xB4, 0xFF, 0x0A, 0x00, 0x00, 0x00, 0xFA,
    0xFF, 0xEF, 0xFF, 0xCF, 0x01, 0x00, 0x00, 0x00, 0x60, 0xEC, 0xFF, 0xDF,
    0x07, 0x00, 0x00, 0x00, 0x00, 0x00, 0x20, 0x44, 0x02, 0x00, 0x00, 0x00,
    0x00, 0x00, 0x00, 0x00, 0x50, 0xDC, 0x1A, 0x00, 0x00, 0x00, 0x00, 0x50,
    0xFF, 0xFF, 0x1B, 0x00, 0x00, 0x00, 0x50, 0xFF, 0x4A, 0xFE, 0x0B, 0x00,
    0x00, 0x50, 0xFF, 0x0A, 0x30, 0xFE, 0x1C, 0x00, 0x00, 0x44, 0x04, 0x00,
    0x20, 0x44, 0x01, 0x00, 0x00, 0x00, 0x00, 0x00, 0x00, 0x00, 0x10, 0x11,
    0x11, 0x11, 0x11, 0x01, 0x00, 0x40, 0xEE, 0xEE, 0xEE, 0xEE, 0xCE, 0x00,
    0x00, 0xF5, 0xFF, 0xFF, 0xFF, 0xFF, 0x0D, 0x00, 0x10, 0x55, 0x55, 0x55,
    0xC5, 0xCF, 0x00, 0x00, 0x00, 0x00, 0x00, 0x00, 0xFB, 0x0C, 0x00, 0x00,
    0x00, 0x00, 0x00, 0xB0, 0xCF, 0x00, 0x00, 0x00, 0x00, 0x00, 0x00, 0xFB,
    0x0C, 0x00, 0x00, 0x00, 0x00, 0x00, 0xB0, 0xCF, 0x00, 0x00, 0x00, 0x00,
    0x00, 0x00, 0xFB, 0x0C, 0x00, 0x00, 0x00, 0x00, 0x00, 0xB0, 0xCF, 0x00,
    0x00, 0x00, 0x00, 0x00, 0x00, 0xFB, 0x0C, 0x00, 0x00, 0x00, 0x00, 0x00,
    0xB0, 0xCF, 0x00, 0x00, 0x00, 0x00, 0x00, 0x00, 0xFB, 0x0C, 0x00, 0x00,
    0x00, 0x00, 0x00, 0xB0, 0xCF, 0x00, 0x00, 0x00, 0x00, 0x00, 0x00, 0xFB,
    0x0C, 0x00, 0x00, 0x00, 0x00, 0x00, 0xB0, 0xCF, 0x00, 0x00, 0x00, 0x00,
    0x00, 0x00, 0xFB, 0x0C, 0x00, 0x00, 0x00, 0x00, 0x00, 0xD0, 0xBF, 0x00,
    0x00, 0x00, 0x00, 0x00, 0x70, 0xFF, 0x07, 0x00, 0x00, 0x22, 0x22, 0x83,
    0xFF, 0x1E, 0x00, 0x00, 0xE2, 0xEE, 0xFE, 0xFF, 0x4E, 0x00, 0x00, 0x30,
    0xFF, 0xFF, 0xEF, 0x2A, 0x00, 0x00, 0x00, 0x41, 0x44, 0x34, 0x01, 0x00,
    0x00, 0x00, 0x00, 0x40, 0x24, 0x00, 0x00, 0x00, 0x30, 0x44, 0x21, 0xFF,
    0x08, 0x00, 0x00, 0x10, 0xFE, 0x1D, 0xE2, 0x8F, 0x00, 0x00, 0x00, 0xF8,
    0x4F, 0x20, 0xFE, 0x08, 0x00, 0x00, 0xE2, 0xCF, 0x00, 0xE2, 0x8F, 0x00,
    0x00, 0x80, 0xFF, 0x04, 0x20, 0xFE, 0x08, 0x00, 0x20, 0xFE, 0x0B, 0x00,
    0xE2, 0x8F, 0x00, 0x00, 0xF9, 0x4F, 0x00, 0x20, 0xFE, 0x08, 0x00, 0xE2,
    0xBF, 0x00, 0x00, 0xE2, 0x8F, 0x00, 0x90, 0xFF, 0x04, 0x00, 0x20, 0xFE,
    0x29, 0x42, 0xFF, 0x0B, 0x00, 0x00, 0xF2, 0xFF, 0xEE, 0xFF, 0x3F, 0x00,
    0x00, 0x20, 0xFF, 0xFF, 0xFF, 0xFF, 0x03, 0x00, 0x00, 0xE2, 0xAF, 0x44,
    0xF7, 0xAF, 0x00, 0x00, 0x20, 0xFE, 0x08, 0x00, 0xFC, 0x3F, 0x00, 0x00,
    0xE2, 0x8F, 0x10, 0x40, 0xFF, 0x0A, 0x00, 0x20, 0xFE, 0x08, 0x00, 0xC0,
    0xFF, 0x03, 0x00, 0xE2, 0x8F, 0x00, 0x00, 0xF4, 0xBF, 0x00, 0x20, 0xFE,
    0x08, 0x00, 0x00, 0xFB, 0x3F, 0x00, 0xE2, 0x8F, 0x00, 0x00, 0x40, 0xFF,
    0x0B, 0x20, 0xFE, 0x08, 0x00, 0x00, 0xB0, 0xFF, 0x03, 0xF2, 0x8F, 0x00,
    0x00, 0x00, 0xF4, 0xBF, 0x20, 0xED, 0x07, 0x00, 0x00, 0x00, 0xEA, 0x3E,
    0x10, 0x11, 0x00, 0x00, 0x00, 0x00, 0x11, 0x01, 0x00, 0x00, 0x00, 0x00,
    0x00, 0x00, 0x00, 0x00, 0x00, 0x00, 0x42, 0x24, 0x00, 0x00, 0x00, 0x00,
    0x00, 0xD1, 0xEF, 0x02, 0x00, 0x00, 0x00, 0x00, 0x90, 0xFF, 0x05, 0x00,
    0x00, 0x00, 0x00, 0x40, 0xFF, 0x09, 0x00, 0x00, 0x00, 0x00, 0x10, 0xFD,
    0x1C, 0x00, 0x00, 0x00, 0x00, 0x30, 0x34, 0x00, 0x00, 0x00, 0x00, 0x00,
    0x10, 0xFE, 0x0A, 0x00, 0x00, 0x00, 0x00, 0x00, 0xD1, 0xAF, 0x00, 0x00,
    0x00, 0x00, 0x00, 0x10, 0xFD, 0x0A, 0x00, 0x00, 0x00, 0x00, 0x00, 0xD1,
    0xAF, 0x00, 0x00, 0x00, 0x00, 0x00, 0x10, 0xFD, 0x0A, 0x00, 0x00, 0x00,
    0x11, 0x01, 0xD1, 0xAF, 0x00, 0x00, 0x00, 0xD3, 0xBE, 0x10, 0xFD, 0x0A,
    0x00, 0x00, 0xC0, 0xFF, 0x03, 0xD1, 0xAF, 0x00, 0x00, 0x70, 0xFF, 0x08,
    0x10, 0xFD, 0x0A, 0x00, 0x30, 0xFF, 0x0C, 0x00, 0xD1, 0xAF, 0x00, 0x00,
    0xFC, 0x3F, 0x00, 0x10, 0xFD, 0x0A, 0x00, 0xF7, 0x8F, 0x00, 0x00, 0xD1,
    0xCF, 0x55, 0xF6, 0xCF, 0x00, 0x00, 0x10, 0xFD, 0xFF, 0xFF, 0xFF, 0x03,
    0x00, 0x00, 0xD1, 0xFF, 0xEE, 0xFE, 0x8F, 0x00, 0x00, 0x10, 0xFD, 0x1A,
    0x21, 0xFD, 0x3F, 0x00, 0x00, 0xD1, 0xAF, 0x00, 0x40, 0xFF, 0x0C, 0x00,
    0x10, 0xFD, 0x0A, 0x00, 0x90, 0xFF, 0x08, 0x00, 0xD1, 0xAF, 0x00, 0x00,
    0xD1, 0xFF, 0x03, 0x10, 0xFD, 0x0A, 0x00, 0x00, 0xF4, 0xCF, 0x00, 0xD1,
    0xAF, 0x00, 0x00, 0x00, 0xF9, 0x7F, 0x10, 0xEC, 0x09, 0x00, 0x00, 0x10,
    0xEC, 0x2E, 0x10, 0x11, 0x00, 0x00, 0x00, 0x00, 0x11, 0x01, 0x00, 0x00,
    0x00, 0x00, 0x00, 0x00, 0x00, 0x00, 0x00, 0x00, 0x42, 0x24, 0x00, 0x00,
    0x00, 0x00, 0x00, 0xD1, 0xEF, 0x02, 0x00, 0x00, 0x00, 0x00, 0x90, 0xFF,
    0x05, 0x00, 0x00, 0x00, 0x00, 0x40, 0xFF, 0x09, 0x00, 0x00, 0x00, 0x00,
    0x10, 0xFD, 0x1C, 0x00, 0x00, 0x00, 0x00, 0x00, 0x50, 0xA9, 0x03, 0x00,
    0x00, 0x00, 0x00, 0xE3, 0xBF, 0x00, 0x00, 0x00, 0x00, 0x00, 0xFC, 0x0C,
    0x00, 0x00, 0x00, 0x00, 0xA0, 0xEF, 0x02, 0x00, 0x00, 0x00, 0x00, 0x81,
    0x48, 0x00, 0x00, 0x00, 0x00, 0x00, 0x00, 0x00, 0x00, 0x00, 0x00, 0x00,
    0x00, 0x40, 0x34, 0x00, 0x00, 0x00, 0x00, 0x00, 0xE1, 0xAF, 0x00, 0x00,
    0x00, 0x00, 0x00, 0xD1, 0x9F, 0x00, 0x00, 0x00, 0x00, 0x00, 0xE1, 0x9F,
    0x00, 0x00, 0x00, 0x00, 0x00, 0xE1, 0x9F, 0x00, 0x00, 0x00, 0x00, 0x00,
    0xE1, 0x9F, 0x00, 0x00, 0x00, 0x00, 0x00, 0xE1, 0x9F, 0x00, 0x00, 0x00,
    0x00, 0x00, 0xE1, 0x9F, 0x00, 0x00, 0x00, 0x00, 0x00, 0xE1, 0x9F, 0x00,
    0x00, 0x00, 0x00, 0x00, 0xE1, 0x9F, 0x00, 0x00, 0x00, 0x00, 0x00, 0xE1,
    0x9F, 0x00, 0x00, 0x00, 0x00, 0x00, 0xE1, 0x9F, 0x00, 0x00, 0x00, 0x00,
    0x00, 0xE1, 0x9F, 0x00, 0x00, 0x00, 0x00, 0x00, 0xE1, 0x9F, 0x00, 0x00,
    0x00, 0x00, 0x00, 0xE1, 0x9F, 0x00, 0x00, 0x00, 0x00, 0x00, 0xE1, 0x9F,
    0x00, 0x00, 0x00, 0x00, 0x00, 0xE1, 0x9F, 0x00, 0x00, 0x00, 0x00, 0x00,
    0xE1, 0x9F, 0x00, 0x00, 0x00, 0x00, 0x00, 0xE1, 0x9F, 0x00, 0x00, 0x00,
    0x00, 0x00, 0xE1, 0xBF, 0x55, 0x55, 0x55, 0x55, 0x15, 0xE1, 0xFF, 0xFF,
    0xFF, 0xFF, 0xFF, 0x4F, 0xD1, 0xEE, 0xEE, 0xEE, 0xEE, 0xEE, 0x3E, 0x10,
    0x11, 0x11, 0x11, 0x11, 0x11, 0x01, 0x00, 0x00, 0x00, 0x60, 0x99, 0x02,
    0x00, 0x00, 0x00, 0x00, 0x00, 0xF4, 0x9F, 0x00, 0x00, 0x00, 0x00, 0x00,
    0x10, 0xFD, 0x0B, 0x00, 0x00, 0x00, 0x00, 0x00, 0xC1, 0xDF, 0x01, 0x00,
    0x00, 0x00, 0x00, 0x00, 0x82, 0x38, 0x00, 0x00, 0x00, 0x00, 0x00, 0x00,
    0x00, 0x00, 0x00, 0x00, 0x00, 0x00, 0x43, 0x44, 0x44, 0x44, 0x01, 0x00,
    0x00, 0x00, 0xFD, 0xFF, 0xFF, 0xFF, 0x04, 0x00, 0x00, 0x00, 0xEC, 0xEE,
    0xFE, 0xFF, 0x04, 0x00, 0x00, 0x00, 0x22, 0x22, 0x72, 0xFF, 0x04, 0x00,
    0x00, 0x00, 0x00, 0x00, 0x50, 0xFF, 0x04, 0x00, 0x00, 0x00, 0x00, 0x00,
    0x60, 0xFF, 0x04, 0x00, 0x00, 0x00, 0x00, 0x00, 0x60, 0xFF, 0x04, 0x00,
    0x00, 0x00, 0x00, 0x00, 0x60, 0xFF, 0x04, 0x00, 0x00, 0x00, 0x00, 0x00,
    0x60, 0xFF, 0x04, 0x00, 0x00, 0x00, 0x00, 0x00, 0x60, 0xFF, 0x04, 0x00,
    0x00, 0x00, 0x00, 0x00, 0x60, 0xFF, 0x04, 0x00, 0x00, 0x00, 0x00, 0x00,
    0x60, 0xFF, 0x04, 0x00, 0x00, 0x00, 0x00, 0x00, 0x60, 0xFF, 0x04, 0x00,
    0x00, 0x00, 0x00, 0x00, 0x60, 0xFF, 0x04, 0x00, 0x00, 0x00, 0x00, 0x00,
    0x60, 0xFF, 0x04, 0x00, 0x00, 0x00, 0x00, 0x00, 0x60, 0xFF, 0x04, 0x00,
    0x00, 0x00, 0x00, 0x00, 0x60, 0xFF, 0x04, 0x00, 0x00, 0x00, 0x00, 0x00,
    0x60, 0xFF, 0x04, 0x00, 0x00, 0x00, 0x00, 0x00, 0x40, 0xFF, 0x07, 0x00,
    0x00, 0x00, 0x00, 0x00, 0x10, 0xFE, 0x7E, 0x55, 0x55, 0x15, 0x00, 0x00,
    0x00, 0xF5, 0xFF, 0xFF, 0xFF, 0x4F, 0x00, 0x00, 0x00, 0x40, 0xDB, 0xEE,
    0xEE, 0x3E, 0x00, 0x00, 0x00, 0x00, 0x10, 0x11, 0x11, 0x01, 0x30, 0x24,
    0x00, 0x00, 0x00, 0x00, 0x00, 0xE1, 0xAF, 0x00, 0x00, 0x00, 0x00, 0x00,
    0xD1, 0x9F, 0x00, 0x00, 0x00, 0x00, 0x00, 0xE1, 0x9F, 0x00, 0x00, 0x00,
    0x00, 0x00, 0xE1, 0x9F, 0x00, 0x00, 0x00, 0x00, 0x00, 0xE1, 0x9F, 0x00,
    0x00, 0x00, 0x00, 0x00, 0xE1, 0x9F, 0x00, 0x00, 0x00, 0x00, 0x00, 0xE1,
    0x9F, 0x00, 0x00, 0x00, 0x00, 0x00, 0xE1, 0x9F, 0x00, 0x00, 0x00, 0x00,
    0x00, 0xE1, 0x9F, 0x00, 0x00, 0x00, 0x00, 0x00, 0xE1, 0x9F, 0x00, 0x00,
    0x00, 0x00, 0x00, 0xE1, 0x9F, 0x00, 0x00, 0x00, 0x00, 0x00, 0xE1, 0x9F,
    0x00, 0x00, 0x00, 0x00, 0x00, 0xE1, 0x9F, 0x00, 0x00, 0x00, 0x00, 0x00,
    0xE1, 0x9F, 0x00, 0x00, 0x00, 0x00, 0x00, 0xE1, 0x9F, 0x00, 0x00, 0x00,
    0x00, 0x00, 0xE1, 0x9F, 0x00, 0x00, 0x00, 0x00, 0x00, 0xE1, 0x9F, 0x00,
    0x00, 0x00, 0x00, 0x00, 0xE1, 0x9F, 0x00, 0x00, 0x00, 0x00, 0x00, 0xE1,
    0xBF, 0x55, 0x55, 0x55, 0x55, 0x15, 0xE1, 0xFF, 0xFF, 0xFF, 0xFF, 0xFF,
    0x4F, 0xD1, 0xEE, 0xEE, 0xEE, 0xEE, 0xEE, 0x3E, 0x10, 0x11, 0x11, 0x11,
    0x11, 0x11, 0x01, 0x00, 0x00, 0x00, 0x00, 0x00, 0x00, 0x00, 0x00, 0x00,
    0x00, 0x41, 0x34, 0x00, 0x00, 0x00, 0x00, 0x00, 0xFC, 0x4F, 0x00, 0x00,
    0x00, 0x00, 0x70, 0xFF, 0x07, 0x00, 0x00, 0x00, 0x00, 0xE2, 0xBF, 0x00,
    0x00, 0x00, 0x00, 0x00, 0xFB, 0x2E, 0x00, 0x00, 0x00, 0x43, 0x44, 0x44,
    0x44, 0x01, 0x00, 0x00, 0x00, 0xFD, 0xFF, 0xFF, 0xFF, 0x04, 0x00, 0x00,
    0x00, 0xEC, 0xEE, 0xFE, 0xFF, 0x04, 0x00, 0x00, 0x00, 0x22, 0x22, 0x72,
    0xFF, 0x04, 0x00, 0x00, 0x00, 0x00, 0x00, 0x50, 0xFF, 0x04, 0x00, 0x00,
    0x00, 0x00, 0x00, 0x60, 0xFF, 0x04, 0x00, 0x00, 0x00, 0x00, 0x00, 0x60,
    0xFF, 0x04, 0x00, 0x00, 0x00, 0x00, 0x00, 0x60, 0xFF, 0x04, 0x00, 0x00,
    0x00, 0x00, 0x00, 0x60, 0xFF, 0x04, 0x00, 0x00, 0x00, 0x00, 0x00, 0x60,
    0xFF, 0x04, 0x00, 0x00, 0x00, 0x00, 0x00, 0x60, 0xFF, 0x04, 0x00, 0x00,
    0x00, 0x00, 0x00, 0x60, 0xFF, 0x04, 0x00, 0x00, 0x00, 0x00, 0x00, 0x60,
    0xFF, 0x04, 0x00, 0x00, 0x00, 0x00, 0x00, 0x60, 0xFF, 0x04, 0x00, 0x00,
    0x00, 0x00, 0x00, 0x60, 0xFF, 0x04, 0x00, 0x00, 0x00, 0x00, 0x00, 0x60,
    0xFF, 0x04, 0x00, 0x00, 0x00, 0x00, 0x00, 0x60, 0xFF, 0x04, 0x00, 0x00,
    0x00, 0x00, 0x00, 0x60, 0xFF, 0x04, 0x00, 0x00, 0x00, 0x00, 0x00, 0x40,
    0xFF, 0x07, 0x00, 0x00, 0x00, 0x00, 0x00, 0x10, 0xFE, 0x7E, 0x55, 0x55,
    0x15, 0x00, 0x00, 0x00, 0xF5, 0xFF, 0xFF, 0xFF, 0x4F, 0x00, 0x00, 0x00,
    0x40, 0xDB, 0xEE, 0xEE, 0x3E, 0x00, 0x00, 0x00, 0x00, 0x10, 0x11, 0x11,
    0x01, 0x00, 0x00, 0x00, 0x00, 0x00, 0x00, 0x00, 0x00, 0x00, 0x00, 0x00,
    0x00, 0x44, 0x04, 0x00, 0x00, 0x00, 0x00, 0x00, 0x60, 0xFF, 0x0A, 0x00,
    0x00, 0x00, 0x00, 0x00, 0xE2, 0xCF, 0x00, 0x00, 0x00, 0x00, 0x00, 0x00,
    0xFA, 0x3E, 0x00, 0x00, 0x00, 0x00, 0x00, 0x50, 0xFF, 0x07, 0x00, 0x00,
    0x00, 0x30, 0x24, 0x00, 0x10, 0x44, 0x01, 0x00, 0xE1, 0xAF, 0x00, 0x60,
    0xFF, 0x01, 0x00, 0xD1, 0x9F, 0x00, 0x70, 0xCF, 0x00, 0x00, 0xE1, 0x9F,
    0x00, 0x80, 0xBF, 0x00, 0x00, 0xE1, 0x9F, 0x00, 0x90, 0x9F, 0x00, 0x00,
    0xE1, 0x9F, 0x00, 0xA0, 0x7E, 0x00, 0x00, 0xE1, 0x9F, 0x00, 0x10, 0x01,
    0x00, 0x00, 0xE1, 0x9F, 0x00, 0x00, 0x00, 0x00, 0x00, 0xE1, 0x9F, 0x00,
    0x00, 0x00, 0x00, 0x00, 0xE1, 0x9F, 0x00, 0x00, 0x00, 0x00, 0x00, 0xE1,
    0x9F, 0x00, 0x00, 0x00, 0x00, 0x00, 0xE1, 0x9F, 0x00, 0x00, 0x00, 0x00,
    0x00, 0xE1, 0x9F, 0x00, 0x00, 0x00, 0x00, 0x00, 0xE1, 0x9F, 0x00, 0x00,
    0x00, 0x00, 0x00, 0xE1, 0x9F, 0x00, 0x00, 0x00, 0x00, 0x00, 0xE1, 0x9F,
    0x00, 0x00, 0x00, 0x00, 0x00, 0xE1, 0x9F, 0x00, 0x00, 0x00, 0x00, 0x00,
    0xE1, 0x9F, 0x00, 0x00, 0x00, 0x00, 0x00, 0xE1, 0x9F, 0x00, 0x00, 0x00,
    0x00, 0x00, 0xE1, 0xBF, 0x55, 0x55, 0x55, 0x55, 0x15, 0xE1, 0xFF, 0xFF,
    0xFF, 0xFF, 0xFF, 0x4F, 0xD1, 0xEE, 0xEE, 0xEE, 0xEE, 0xEE, 0x3E, 0x10,
    0x11, 0x11, 0x11, 0x11, 0x11, 0x01, 0x43, 0x44, 0x44, 0x44, 0x01, 0x20,
    0x44, 0x00, 0xFD, 0xFF, 0xFF, 0xFF, 0x04, 0x70, 0xDF, 0x00, 0xEC, 0xEE,
    0xFE, 0xFF, 0x04, 0x80, 0xBF, 0x00, 0x22, 0x22, 0x72, 0xFF, 0x04, 0x90,
    0x9F, 0x00, 0x00, 0x00, 0x50, 0xFF, 0x04, 0xB0, 0x8F, 0x00, 0x00, 0x00,
    0x60, 0xFF, 0x04, 0xB0, 0x5E, 0x00, 0x00, 0x00, 0x60, 0xFF, 0x04, 0x10,
    0x01, 0x00, 0x00, 0x00, 0x60, 0xFF, 0x04, 0x00, 0x00, 0x00, 0x00, 0x00,
    0x60, 0xFF, 0x04, 0x00, 0x00, 0x00, 0x00, 0x00, 0x60, 0xFF, 0x04, 0x00,
    0x00, 0x00, 0x00, 0x00, 0x60, 0xFF, 0x04, 0x00, 0x00, 0x00, 0x00, 0x00,
    0x60, 0xFF, 0x04, 0x00, 0x00, 0x00, 0x00, 0x00, 0x60, 0xFF, 0x04, 0x00,
    0x00, 0x00, 0x00, 0x00, 0x60, 0xFF, 0x04, 0x00, 0x00, 0x00, 0x00, 0x00,
    0x60, 0xFF, 0x04, 0x00, 0x00, 0x00, 0x00, 0x00, 0x60, 0xFF, 0x04, 0x00,
    0x00, 0x00, 0x00, 0x00, 0x60, 0xFF, 0x04, 0x00, 0x00, 0x00, 0x00, 0x00,
    0x60, 0xFF, 0x04, 0x00, 0x00, 0x00, 0x00, 0x00, 0x40, 0xFF, 0x07, 0x00,
    0x00, 0x00, 0x00, 0x00, 0x10, 0xFE, 0x7E, 0x55, 0x55, 0x15, 0x00, 0x00,
    0x00, 0xF5, 0xFF, 0xFF, 0xFF, 0x4F, 0x00, 0x00, 0x00, 0x40, 0xDB, 0xEE,
    0xEE, 0x3E, 0x00, 0x00, 0x00, 0x00, 0x10, 0x11, 0x11, 0x01, 0x00, 0x00,
    0x43, 0x02, 0x00, 0x00, 0x00, 0x00, 0x00, 0x00, 0xE1, 0xAF, 0x00, 0x00,
    0x00, 0x00, 0x00, 0x00, 0x10, 0xFD, 0x09, 0x00, 0x00, 0x00, 0x00, 0x00,
    0x00, 0xE1, 0x9F, 0x00, 0x00, 0x00, 0x00, 0x00, 0x00, 0x10, 0xFE, 0x09,
    0x00, 0x00, 0x00, 0x00, 0x00, 0x00, 0xE1, 0x9F, 0x00, 0x00, 0x01, 0x00,
    0x00, 0x00, 0x10, 0xFE, 0x09, 0x00, 0x88, 0x00, 0x00, 0x00, 0x00, 0xE1,
    0x9F, 0x30, 0xFB, 0x09, 0x00, 0x00, 0x00, 0x10, 0xFE, 0x69, 0xFF, 0x3C,
    0x00, 0x00, 0x00, 0x00, 0xE1, 0xEF, 0xFF, 0x08, 0x00, 0x00, 0x00, 0x00,
    0x10, 0xFE, 0xCF, 0x04, 0x00, 0x00, 0x00, 0x00, 0x20, 0xFA, 0xBF, 0x01,
    0x00, 0x00, 0x00, 0x00, 0x60, 0xFE, 0xFF, 0x09, 0x00, 0x00, 0x00, 0x00,
    0x30, 0xFF, 0xE9, 0x9F, 0x00, 0x00, 0x00, 0x00, 0x00, 0xD3, 0x04, 0xFE,
    0x09, 0x00, 0x00, 0x00, 0x00, 0x10, 0x01, 0xE1, 0x9F, 0x00, 0x00, 0x00,
    0x00, 0x00, 0x00, 0x10, 0xFE, 0x09, 0x00, 0x00, 0x00, 0x00, 0x00, 0x00,
    0xE1, 0x9F, 0x00, 0x00, 0x00, 0x00, 0x00, 0x00, 0x10, 0xFE, 0x09, 0x00,
    0x00, 0x00, 0x00, 0x00, 0x00, 0xE1, 0xBF, 0x55, 0x55, 0x55, 0x55, 0x15,
    0x00, 0x10, 0xFE, 0xFF, 0xFF, 0xFF, 0xFF, 0xFF, 0x04, 0x00, 0xD1, 0xEE,
    0xEE, 0xEE, 0xEE, 0xEE, 0x3E, 0x00, 0x00, 0x11, 0x11, 0x11, 0x11, 0x11,
    0x11, 0x00, 0x43, 0x44, 0x44, 0x44, 0x01, 0x00, 0x00, 0x00, 0xFD, 0xFF,
    0xFF, 0xFF, 0x04, 0x00, 0x00, 0x00, 0xEC, 0xEE, 0xFE, 0xFF, 0x04, 0x00,
    0x00, 0x00, 0x22, 0x22, 0x72, 0xFF, 0x04, 0x00, 0x00, 0x00, 0x00, 0x00,
    0x50, 0xFF, 0x04, 0x00, 0x00, 0x00, 0x00, 0x00, 0x60, 0xFF, 0x04, 0x00,
    0x00, 0x00, 0x00, 0x00, 0x60, 0xFF, 0x04, 0x50, 0x0B, 0x00, 0x00, 0x00,
    0x60, 0xFF, 0x03, 0xF9, 0x0E, 0x00, 0x00, 0x00, 0x60, 0xFF, 0xC7, 0xEF,
    0x06, 0x00, 0x00, 0x00, 0x50, 0xFF, 0xFF, 0x2A, 0x00, 0x00, 0x00, 0x00,
    0x70, 0xFF, 0x6E, 0x00, 0x00, 0x00, 0x00, 0x00, 0xE8, 0xFF, 0x05, 0x00,
    0x00, 0x00, 0x00, 0xC3, 0xFF, 0xFF, 0x03, 0x00, 0x00, 0x00, 0x00, 0xFD,
    0x8A, 0xFF, 0x04, 0x00, 0x00, 0x00, 0x00, 0x8C, 0x50, 0xFF, 0x04, 0x00,
    0x00, 0x00, 0x00, 0x02, 0x60, 0xFF, 0x04, 0x00, 0x00, 0x00, 0x00, 0x00,
    0x60, 0xFF, 0x04, 0x00, 0x00, 0x00, 0x00, 0x00, 0x60, 0xFF, 0x04, 0x00,
    0x00, 0x00, 0x00, 0x00, 0x40, 0xFF, 0x07, 0x00, 0x00, 0x00, 0x00, 0x00,
    0x10, 0xFE, 0x7E, 0x55, 0x55, 0x15, 0x00, 0x00, 0x00, 0xF5, 0xFF, 0xFF,
    0xFF, 0x4F, 0x00, 0x00, 0x00, 0x40, 0xDB, 0xEE, 0xEE, 0x3E, 0x00, 0x00,
    0x00, 0x00, 0x10, 0x11, 0x11, 0x01, 0x00, 0x00, 0x00, 0x00, 0x98, 0x08,
    0x00, 0x00, 0x00, 0x00, 0x70, 0xFF, 0x05, 0x00, 0x00, 0x00, 0x00, 0xF4,
    0x7F, 0x00, 0x00, 0x00, 0x00, 0x20, 0xFE, 0x0A, 0x00, 0x00, 0x00, 0x00,
    0x40, 0x78, 0x01, 0x00, 0x00, 0x00, 0x00, 0x00, 0x00, 0x00, 0x00, 0x00,
    0x41, 0x44, 0x01, 0x00, 0x00, 0x42, 0x04, 0xF3, 0xFF, 0x09, 0x00, 0x00,
    0xF8, 0x1F, 0xF3, 0xFF, 0x1E, 0x00, 0x00, 0xF7, 0x1E, 0xF3, 0xFF, 0x5F,
    0x00, 0x00, 0xF7, 0x1E, 0xF3, 0xDE, 0xAF, 0x00, 0x00, 0xF7, 0x1E, 0xF3,
    0x8F, 0xEF, 0x01, 0x00, 0xF7, 0x1E, 0xF3, 0x5F, 0xFC, 0x06, 0x00, 0xF7,
    0x1E, 0xF3, 0x4F, 0xF8, 0x0B, 0x00, 0xF7, 0x1E, 0xF3, 0x5F, 0xF3, 0x2E,
    0x00, 0xF7, 0x1E, 0xF3, 0x6F, 0xD0, 0x7F, 0x00, 0xF7, 0x1E, 0xF3, 0x6F,
    0x80, 0xCF, 0x00, 0xF7, 0x1E, 0xF3, 0x6F, 0x30, 0xFF, 0x03, 0xF7, 0x1E,
    0xF3, 0x6F, 0x00, 0xFC, 0x08, 0xF7, 0x1E, 0xF3, 0x6F, 0x00, 0xF7, 0x0D,
    0xF7, 0x1E, 0xF3, 0x6F, 0x00, 0xF2, 0x2F, 0xF6, 0x1E, 0xF3, 0x6F, 0x00,
    0xB0, 0x8F, 0xF5, 0x1E, 0xF3, 0x6F, 0x00, 0x60, 0xCF, 0xF6, 0x1E, 0xF3,
    0x6F, 0x00, 0x10, 0xFE, 0xF9, 0x1E, 0xF3, 0x6F, 0x00, 0x00, 0xFA, 0xFD,
    0x1E, 0xF3, 0x6F, 0x00, 0x00, 0xF5, 0xFF, 0x1E, 0xF3, 0x6F, 0x00, 0x00,
    0xE1, 0xFF, 0x1F, 0xE2, 0x5E, 0x00, 0x00, 0x90, 0xEE, 0x1D, 0x10, 0x01,
    0x00, 0x00, 0x00, 0x11, 0x01, 0x00, 0x00, 0x00, 0x00, 0xDA, 0x1B, 0x00,
    0x00, 0x00, 0x00, 0x80, 0xFF, 0x04, 0x00, 0x00, 0x00, 0x00, 0xF4, 0x7F,
    0x00, 0x00, 0x00, 0x00, 0x20, 0xFE, 0x0A, 0x00, 0x00, 0x00, 0x00, 0x20,
    0x44, 0x01, 0x00, 0x00, 0x00, 0x00, 0x00, 0x00, 0x00, 0x00, 0x00, 0x10,
    0x11, 0x00, 0x42, 0x13, 0x00, 0x00, 0xD2, 0x7E, 0xA1, 0xFF, 0xEF, 0x19,
    0x00, 0xF2, 0x8F, 0xFB, 0xFF, 0xFF, 0xCF, 0x01, 0xE2, 0xCF, 0x6E, 0x22,
    0xD6, 0xFF, 0x07, 0xF2, 0xFF, 0x03, 0x00, 0x30, 0xFE, 0x0C, 0xE2, 0xBF,
    0x00, 0x00, 0x00, 0xFB, 0x1E, 0xE2, 0x8F, 0x00, 0x00, 0x00, 0xF9, 0x1E,
    0xE2, 0x8F, 0x00, 0x00, 0x00, 0xF8, 0x1E, 0xE2, 0x8F, 0x00, 0x00, 0x00,
    0xF8, 0x1E, 0xE2, 0x8F, 0x00, 0x00, 0x00, 0xF8, 0x1E, 0xE2, 0x8F, 0x00,
    0x00, 0x00, 0xF8, 0x1E, 0xE2, 0x8F, 0x00, 0x00, 0x00, 0xF8, 0x1E, 0xE2,
    0x8F, 0x00, 0x00, 0x00, 0xF8, 0x1E, 0xE2, 0x8F, 0x00, 0x00, 0x00, 0xF8,
    0x1E, 0xE2, 0x8F, 0x00, 0x00, 0x00, 0xF8, 0x1E, 0xF2, 0x8F, 0x00, 0x00,
    0x00, 0xF9, 0x1E, 0xD2, 0x7E, 0x00, 0x00, 0x00, 0xE8, 0x1D, 0x10, 0x11,
    0x00, 0x00, 0x00, 0x11, 0x01, 0x41, 0x44, 0x01, 0x00, 0x00, 0x42, 0x04,
    0xF3, 0xFF, 0x09, 0x00, 0x00, 0xF8, 0x1F, 0xF3, 0xFF, 0x1E, 0x00, 0x00,
    0xF7, 0x1E, 0xF3, 0xFF, 0x5F, 0x00, 0x00, 0xF7, 0x1E, 0xF3, 0xDE, 0xAF,
    0x00, 0x00, 0xF7, 0x1E, 0xF3, 0x8F, 0xEF, 0x01, 0x00, 0xF7, 0x1E, 0xF3,
    0x5F, 0xFC, 0x06, 0x00, 0xF7, 0x1E, 0xF3, 0x4F, 0xF8, 0x0B, 0x00, 0xF7,
    0x1E, 0xF3, 0x5F, 0xF3, 0x2E, 0x00, 0xF7, 0x1E, 0xF3, 0x6F, 0xD0, 0x7F,
    0x00, 0xF7, 0x1E, 0xF3, 0x6F, 0x80, 0xCF, 0x00, 0xF7, 0x1E, 0xF3, 0x6F,
    0x30, 0xFF, 0x03, 0xF7, 0x1E, 0xF3, 0x6F, 0x00, 0xFC, 0x08, 0xF7, 0x1E,
    0xF3, 0x6F, 0x00, 0xF7, 0x0D, 0xF7, 0x1E, 0xF3, 0x6F, 0x00, 0xF2, 0x2F,
    0xF6, 0x1E, 0xF3, 0x6F, 0x00, 0xB0, 0x8F, 0xF5, 0x1E, 0xF3, 0x6F, 0x00,
    0x60, 0xCF, 0xF6, 0x1E, 0xF3, 0x6F, 0x00, 0x10, 0xFE, 0xF9, 0x1E, 0xF3,
    0x6F, 0x00, 0x00, 0xFA, 0xFD, 0x1E, 0xF3, 0x6F, 0x00, 0x00, 0xF5, 0xFF,
    0x1E, 0xF3, 0x6F, 0x00, 0x00, 0xE1, 0xFF, 0x1F, 0xE2, 0x5E, 0x00, 0x00,
    0x90, 0xEE, 0x1D, 0x10, 0x01, 0x00, 0x00, 0x00, 0x11, 0x01, 0x00, 0x00,
    0x00, 0x00, 0x00, 0x00, 0x00, 0x00, 0x00, 0x00, 0x42, 0x24, 0x00, 0x00,
    0x00, 0x00, 0x10, 0xFD, 0x2E, 0x00, 0x00, 0x00, 0x00, 0x90, 0xFF, 0x05,
    0x00, 0x00, 0x00, 0x00, 0xF4, 0x9F, 0x00, 0x00, 0x00, 0x00, 0x10, 0xFD,
    0x1C, 0x00, 0x00, 0x00, 0x10, 0x11, 0x00, 0x42, 0x13, 0x00, 0x00, 0xD2,
    0x7E, 0xA1, 0xFF, 0xEF, 0x19, 0x00, 0xF2, 0x8F, 0xFB, 0xFF, 0xFF, 0xCF,
    0x01, 0xE2, 0xCF, 0x6E, 0x22, 0xD6, 0xFF, 0x07, 0xF2, 0xFF, 0x03, 0x00,
    0x30, 0xFE, 0x0C, 0xE2, 0xBF, 0x00, 0x00, 0x00, 0xFB, 0x1E, 0xE2, 0x8F,
    0x00, 0x00, 0x00, 0xF9, 0x1E, 0xE2, 0x8F, 0x00, 0x00, 0x00, 0xF8, 0x1E,
    0xE2, 0x8F, 0x00, 0x00, 0x00, 0xF8, 0x1E, 0xE2, 0x8F, 0x00, 0x00, 0x00,
    0xF8, 0x1E, 0xE2, 0x8F, 0x00, 0x00, 0x00, 0xF8, 0x1E, 0xE2, 0x8F, 0x00,
    0x00, 0x00, 0xF8, 0x1E, 0xE2, 0x8F, 0x00, 0x00, 0x00, 0xF8, 0x1E, 0xE2,
    0x8F, 0x00, 0x00, 0x00, 0xF8, 0x1E, 0xE2, 0x8F, 0x00, 0x00, 0x00, 0xF8,
    0x1E, 0xF2, 0x8F, 0x00, 0x00, 0x00, 0xF9, 0x1E, 0xD2, 0x7E, 0x00, 0x00,
    0x00, 0xE8, 0x1D, 0x10, 0x11, 0x00, 0x00, 0x00, 0x11, 0x01, 0x00, 0x00,
    0x00, 0x00, 0x00, 0x00, 0x00, 0x00, 0x00, 0x00, 0x42, 0x24, 0x00, 0x00,
    0x00, 0x00, 0x10, 0xFD, 0x2E, 0x00, 0x00, 0x00, 0x00, 0x90, 0xFF, 0x05,
    0x00, 0x00, 0x00, 0x00, 0xF4, 0x9F, 0x00, 0x00, 0x00, 0x00, 0x10, 0xFD,
    0x1C, 0x00, 0x00, 0x00, 0x10, 0x98, 0x08, 0x00, 0x81, 0x89, 0x00, 0x00,
    0xF5, 0xAF, 0x10, 0xFC, 0x4F, 0x00, 0x00, 0x40, 0xFE, 0xBA, 0xEF, 0x03,
    0x00, 0x00, 0x00, 0xE4, 0xFF, 0x3E, 0x00, 0x00, 0x00, 0x00, 0x40, 0x77,
    0x03, 0x00, 0x00, 0x00, 0x00, 0x00, 0x00, 0x00, 0x00, 0x00, 0x41, 0x44,
    0x01, 0x00, 0x00, 0x42, 0x04, 0xF3, 0xFF, 0x09, 0x00, 0x00, 0xF8, 0x1F,
    0xF3, 0xFF, 0x1E, 0x00, 0x00, 0xF7, 0x1E, 0xF3, 0xFF, 0x5F, 0x00, 0x00,
    0xF7, 0x1E, 0xF3, 0xDE, 0xAF, 0x00, 0x00, 0xF7, 0x1E, 0xF3, 0x8F, 0xEF,
    0x01, 0x00, 0xF7, 0x1E, 0xF3, 0x5F, 0xFC, 0x06, 0x00, 0xF7, 0x1E, 0xF3,
    0x4F, 0xF8, 0x0B, 0x00, 0xF7, 0x1E, 0xF3, 0x5F, 0xF3, 0x2E, 0x00, 0xF7,
    0x1E, 0xF3, 0x6F, 0xD0, 0x7F, 0x00, 0xF7, 0x1E, 0xF3, 0x6F, 0x80, 0xCF,
    0x00, 0xF7, 0x1E, 0xF3, 0x6F, 0x30, 0xFF, 0x03, 0xF7, 0x1E, 0xF3, 0x6F,
    0x00, 0xFC, 0x08, 0xF7, 0x1E, 0xF3, 0x6F, 0x00, 0xF7, 0x0D, 0xF7, 0x1E,
    0xF3, 0x6F, 0x00, 0xF2, 0x2F, 0xF6, 0x1E, 0xF3, 0x6F, 0x00, 0xB0, 0x8F,
    0xF5, 0x1E, 0xF3, 0x6F, 0x00, 0x60, 0xCF, 0xF6, 0x1E, 0xF3, 0x6F, 0x00,
    0x10, 0xFE, 0xF9, 0x1E, 0xF3, 0x6F, 0x00, 0x00, 0xFA, 0xFD, 0x1E, 0xF3,
    0x6F, 0x00, 0x00, 0xF5, 0xFF, 0x1E, 0xF3, 0x6F, 0x00, 0x00, 0xE1, 0xFF,
    0x1F, 0xE2, 0x5E, 0x00, 0x00, 0x90, 0xEE, 0x1D, 0x10, 0x01, 0x00, 0x00,
    0x00, 0x11, 0x01, 0x00, 0x01, 0x00, 0x00, 0x00, 0x10, 0x00, 0x00, 0xD8,
    0x3C, 0x00, 0xB2, 0xAD, 0x01, 0x00, 0xC1, 0xEF, 0x13, 0xFD, 0x2E, 0x00,
    0x00, 0x10, 0xFB, 0xDD, 0xDF, 0x02, 0x00, 0x00, 0x00, 0xB1, 0xFF, 0x2D,
    0x00, 0x00, 0x00, 0x00, 0x10, 0x44, 0x02, 0x00, 0x00, 0x00, 0x00, 0x00,
    0x00, 0x00, 0x00, 0x00, 0x10, 0x11, 0x00, 0x42, 0x13, 0x00, 0x00, 0xD2,
    0x7E, 0xA1, 0xFF, 0xEF, 0x19, 0x00, 0xF2, 0x8F, 0xFB, 0xFF, 0xFF, 0xCF,
    0x01, 0xE2, 0xCF, 0x6E, 0x22, 0xD6, 0xFF, 0x07, 0xF2, 0xFF, 0x03, 0x00,
    0x30, 0xFE, 0x0C, 0xE2, 0xBF, 0x00, 0x00, 0x00, 0xFB, 0x1E, 0xE2, 0x8F,
    0x00, 0x00, 0x00, 0xF9, 0x1E, 0xE2, 0x8F, 0x00, 0x00, 0x00, 0xF8, 0x1E,
    0xE2, 0x8F, 0x00, 0x00, 0x00, 0xF8, 0x1E, 0xE2, 0x8F, 0x00, 0x00, 0x00,
    0xF8, 0x1E, 0xE2, 0x8F, 0x00, 0x00, 0x00, 0xF8, 0x1E, 0xE2, 0x8F, 0x00,
    0x00, 0x00, 0xF8, 0x1E, 0xE2, 0x8F, 0x00, 0x00, 0x00, 0xF8, 0x1E, 0xE2,
    0x8F, 0x00, 0x00, 0x00, 0xF8, 0x1E, 0xE2, 0x8F, 0x00, 0x00, 0x00, 0xF8,
    0x1E, 0xF2, 0x8F, 0x00, 0x00, 0x00, 0xF9, 0x1E, 0xD2, 0x7E, 0x00, 0x00,
    0x00, 0xE8, 0x1D, 0x10, 0x11, 0x00, 0x00, 0x00, 0x11, 0x01, 0x00, 0xC8,
    0xCC, 0xCC, 0xCC, 0x7C, 0x00, 0x00, 0xFC, 0xFF, 0xFF, 0xFF, 0xAF, 0x00,
    0x00, 0x75, 0x77, 0x77, 0x77, 0x47, 0x00, 0x00, 0x00, 0x00, 0x00, 0x00,
    0x00, 0x00, 0x00, 0x00, 0x00, 0x00, 0x00, 0x00, 0x00, 0x00, 0x00, 0x52,
    0x77, 0x25, 0x00, 0x00, 0x00, 0x91, 0xFE, 0xFF, 0xEF, 0x09, 0x00, 0x10,
    0xFC, 0xEF, 0xCC, 0xFF, 0xBF, 0x00, 0x70, 0xFF, 0x2A, 0x00, 0xB2, 0xFF,
    0x06, 0xD0, 0xCF, 0x00, 0x00, 0x10, 0xFD, 0x0C, 0xF2, 0x8F, 0x00, 0x00,
    0x00, 0xF9, 0x1E, 0xF3, 0x6F, 0x00, 0x00, 0x00, 0xF8, 0x2E, 0xF3, 0x6F,
    0x00, 0x00, 0x00, 0xF8, 0x2E, 0xF3, 0x6F, 0x00, 0x00, 0x00, 0xF8, 0x2E,
    0xF3, 0x6F, 0x00, 0x00, 0x00, 0xF8, 0x2E, 0xF3, 0x6F, 0x00, 0x00, 0x00,
    0xF8, 0x2E, 0xF3, 0x6F, 0x00, 0x00, 0x00, 0xF8, 0x2E, 0xF3, 0x6F, 0x00,
    0x00, 0x00, 0xF8, 0x2E, 0xF3, 0x6F, 0x00, 0x00, 0x00, 0xF8, 0x2E, 0xF3,
    0x6F, 0x00, 0x00, 0x00, 0xF8, 0x2E, 0xF3, 0x6F, 0x00, 0x00, 0x00, 0xF8,
    0x2E, 0xF3, 0x6F, 0x00, 0x00, 0x00, 0xF8, 0x2E, 0xE2, 0x9F, 0x00, 0x00,
    0x00, 0xFA, 0x1D, 0xC0, 0xEF, 0x02, 0x00, 0x20, 0xFE, 0x0B, 0x50, 0xFF,
    0x5C, 0x22, 0xD6, 0xFF, 0x04, 0x00, 0xF9, 0xFF, 0xFF, 0xFF, 0x8F, 0x00,
    0x00, 0x60, 0xFC, 0xFF, 0xCE, 0x05, 0x00, 0x00, 0x00, 0x20, 0x44, 0x02,
    0x00, 0x00, 0x00, 0xC8, 0xCC, 0xCC, 0xCC, 0x7C, 0x00, 0x00, 0xFC, 0xFF,
    0xFF, 0xFF, 0xAF, 0x00, 0x00, 0x75, 0x77, 0x77, 0x77, 0x47, 0x00, 0x00,
    0x00, 0x00, 0x00, 0x00, 0x00, 0x00, 0x00, 0x00, 0x00, 0x00, 0x00, 0x00,
    0x00, 0x00, 0x00, 0x20, 0x44, 0x02, 0x00, 0x00, 0x00, 0x60, 0xFC, 0xFF,
    0xCE, 0x06, 0x00, 0x00, 0xFA, 0xFF, 0xFF, 0xFF, 0x8F, 0x00, 0x70, 0xFF,
    0x5C, 0x22, 0xD5, 0xFF, 0x05, 0xD0, 0xDF, 0x01, 0x00, 0x20, 0xFE, 0x0C,
    0xF3, 0x7F, 0x00, 0x00, 0x00, 0xF8, 0x2E, 0xF4, 0x5F, 0x00, 0x00, 0x00,
    0xF6, 0x3F, 0xF5, 0x5F, 0x00, 0x00, 0x00, 0xF6, 0x3F, 0xF5, 0x5F, 0x00,
    0x00, 0x00, 0xF6, 0x3F, 0xF5, 0x5F, 0x00, 0x00, 0x00, 0xF6, 0x3F, 0xF5,
    0x5F, 0x00, 0x00, 0x00, 0xF6, 0x3F, 0xF4, 0x5F, 0x00, 0x00, 0x00, 0xF6,
    0x3F, 0xF3, 0x7F, 0x00, 0x00, 0x00, 0xF8, 0x2E, 0xD0, 0xDF, 0x01, 0x00,
    0x20, 0xFE, 0x0C, 0x60, 0xFF, 0x5C, 0x22, 0xD5, 0xFF, 0x05, 0x00, 0xF9,
    0xFF, 0xFF, 0xFF, 0x8F, 0x00, 0x00, 0x60, 0xFC, 0xFF, 0xCE, 0x05, 0x00,
    0x00, 0x00, 0x20, 0x44, 0x02, 0x00, 0x00, 0x00, 0x75, 0x03, 0x00, 0x30,
    0x47, 0x00, 0x00, 0xF9, 0x09, 0x00, 0xA0, 0x8F, 0x00, 0x00, 0xF3, 0x6E,
    0x21, 0xF7, 0x2F, 0x00, 0x00, 0x70, 0xFF, 0xFF, 0xFF, 0x06, 0x00, 0x00,
    0x00, 0x94, 0xBB, 0x38, 0x00, 0x00, 0x00, 0x00, 0x00, 0x00, 0x00, 0x00,
    0x00, 0x00, 0x00, 0x62, 0x77, 0x25, 0x00, 0x00, 0x00, 0x91, 0xFE, 0xFF,
    0xEF, 0x09, 0x00, 0x10, 0xFC, 0xEF, 0xCC, 0xFF, 0xBF, 0x00, 0x70, 0xFF,
    0x2A, 0x00, 0xB2, 0xFF, 0x06, 0xD0, 0xCF, 0x00, 0x00, 0x10, 0xFD, 0x0C,
    0xF2, 0x8F, 0x00, 0x00, 0x00, 0xF9, 0x1E, 0xF3, 0x6F, 0x00, 0x00, 0x00,
    0xF8, 0x2E, 0xF3, 0x6F, 0x00, 0x00, 0x00, 0xF8, 0x2E, 0xF3, 0x6F, 0x00,
    0x00, 0x00, 0xF8, 0x2E, 0xF3, 0x6F, 0x00, 0x00, 0x00, 0xF8, 0x2E, 0xF3,
    0x6F, 0x00, 0x00, 0x00, 0xF8, 0x2E, 0xF3, 0x6F, 0x00, 0x00, 0x00, 0xF8,
    0x2E, 0xF3, 0x6F, 0x00, 0x00, 0x00, 0xF8, 0x2E, 0xF3, 0x6F, 0x00, 0x00,
    0x00, 0xF8, 0x2E, 0xF3, 0x6F, 0x00, 0x00, 0x00, 0xF8, 0x2E, 0xF3, 0x6F,
    0x00, 0x00, 0x00, 0xF8, 0x2E, 0xF3, 0x6F, 0x00, 0x00, 0x00, 0xF8, 0x2E,
    0xE2, 0x9F, 0x00, 0x00, 0x00, 0xFA, 0x1D, 0xC0, 0xEF, 0x02, 0x00, 0x20,
    0xFE, 0x0B, 0x50, 0xFF, 0x5C, 0x22, 0xD6, 0xFF, 0x04, 0x00, 0xF9, 0xFF,
    0xFF, 0xFF, 0x8F, 0x00, 0x00, 0x60, 0xFC, 0xFF, 0xCE, 0x05, 0x00, 0x00,
    0x00, 0x20, 0x44, 0x02, 0x00, 0x00, 0x00, 0xB7, 0x04, 0x00, 0x50, 0x6B,
    0x00, 0x00, 0xF8, 0x0A, 0x00, 0xC0, 0x7F, 0x00, 0x00, 0xE2, 0x9F, 0x54,
    0xFA, 0x1D, 0x00, 0x00, 0x40, 0xFD, 0xFF, 0xCF, 0x03, 0x00, 0x00, 0x00,
    0x51, 0x77, 0x14, 0x00, 0x00, 0x00, 0x00, 0x00, 0x00, 0x00, 0x00, 0x00,
    0x00, 0x00, 0x30, 0x44, 0x02, 0x00, 0x00, 0x00, 0x60, 0xFC, 0xFF, 0xCE,
    0x06, 0x00, 0x00, 0xFA, 0xFF, 0xFF, 0xFF, 0x8F, 0x00, 0x70, 0xFF, 0x5C,
    0x22, 0xD5, 0xFF, 0x05, 0xD0, 0xDF, 0x01, 0x00, 0x20, 0xFE, 0x0C, 0xF3,
    0x7F, 0x00, 0x00, 0x00, 0xF8, 0x2E, 0xF4, 0x5F, 0x00, 0x00, 0x00, 0xF6,
    0x3F, 0xF5, 0x5F, 0x00, 0x00, 0x00, 0xF6, 0x3F, 0xF5, 0x5F, 0x00, 0x00,
    0x00, 0xF6, 0x3F, 0xF5, 0x5F, 0x00, 0x00, 0x00, 0xF6, 0x3F, 0xF5, 0x5F,
    0x00, 0x00, 0x00, 0xF6, 0x3F, 0xF4, 0x5F, 0x00, 0x00, 0x00, 0xF6, 0x3F,
    0xF3, 0x7F, 0x00, 0x00, 0x00, 0xF8, 0x2E, 0xD0, 0xDF, 0x01, 0x00, 0x20,
    0xFE, 0x0C, 0x60, 0xFF, 0x5C, 0x22, 0xD5, 0xFF, 0x05, 0x00, 0xF9, 0xFF,
    0xFF, 0xFF, 0x8F, 0x00, 0x00, 0x60, 0xFC, 0xFF, 0xCE, 0x05, 0x00, 0x00,
    0x00, 0x20, 0x44, 0x02, 0x00, 0x00, 0x00, 0x00, 0x40, 0x87, 0x01, 0x72,
    0x38, 0x00, 0x00, 0xE2, 0x9F, 0x10, 0xFD, 0x1C, 0x00, 0x00, 0xFC, 0x0A,
    0xA0, 0xCF, 0x01, 0x00, 0xB1, 0xCF, 0x01, 0xF9, 0x2E, 0x00, 0x00, 0x82,
    0x27, 0x10, 0x88, 0x03, 0x00, 0x00, 0x00, 0x00, 0x00, 0x00, 0x00, 0x00,
    0x00, 0x00, 0x62, 0x77, 0x25, 0x00, 0x00, 0x00, 0x91, 0xFE, 0xFF, 0xEF,
    0x09, 0x00, 0x10, 0xFC, 0xEF, 0xCC, 0xFF, 0xBF, 0x00, 0x70, 0xFF, 0x2A,
    0x00, 0xB2, 0xFF, 0x06, 0xD0, 0xCF, 0x00, 0x00, 0x10, 0xFD, 0x0C, 0xF2,
    0x8F, 0x00, 0x00, 0x00, 0xF9, 0x1E, 0xF3, 0x6F, 0x00, 0x00, 0x00, 0xF8,
    0x2E, 0xF3, 0x6F, 0x00, 0x00, 0x00, 0xF8, 0x2E, 0xF3, 0x6F, 0x00, 0x00,
    0x00, 0xF8, 0x2E, 0xF3, 0x6F, 0x00, 0x00, 0x00, 0xF8, 0x2E, 0xF3, 0x6F,
    0x00, 0x00, 0x00, 0xF8, 0x2E, 0xF3, 0x6F, 0x00, 0x00, 0x00, 0xF8, 0x2E,
    0xF3, 0x6F, 0x00, 0x00, 0x00, 0xF8, 0x2E, 0xF3, 0x6F, 0x00, 0x00, 0x00,
    0xF8, 0x2E, 0xF3, 0x6F, 0x00, 0x00, 0x00, 0xF8, 0x2E, 0xF3, 0x6F, 0x00,
    0x00, 0x00, 0xF8, 0x2E, 0xF3, 0x6F, 0x00, 0x00, 0x00, 0xF8, 0x2E, 0xE2,
    0x9F, 0x00, 0x00, 0x00, 0xFA, 0x1D, 0xC0, 0xEF, 0x02, 0x00, 0x20, 0xFE,
    0x0B, 0x50, 0xFF, 0x5C, 0x22, 0xD6, 0xFF, 0x04, 0x00, 0xF9, 0xFF, 0xFF,
    0xFF, 0x8F, 0x00, 0x00, 0x60, 0xFC, 0xFF, 0xCE, 0x05, 0x00, 0x00, 0x00,
    0x20, 0x44, 0x02, 0x00, 0x00, 0x00, 0x00, 0x70, 0xBB, 0x02, 0xB5, 0x3B,
    0x00, 0x00, 0xF5, 0x6F, 0x30, 0xFE, 0x08, 0x00, 0x20, 0xFE, 0x07, 0xC1,
    0xAF, 0x00, 0x00, 0xD1, 0xAF, 0x10, 0xFB, 0x1C, 0x00, 0x00, 0x41, 0x04,
    0x10, 0x44, 0x01, 0x00, 0x00, 0x00, 0x00, 0x00, 0x00, 0x00, 0x00, 0x00,
    0x00, 0x20, 0x44, 0x02, 0x00, 0x00, 0x00, 0x60, 0xFC, 0xFF, 0xCE, 0x06,
    0x00, 0x00, 0xFA, 0xFF, 0xFF, 0xFF, 0x8F, 0x00, 0x70, 0xFF, 0x5C, 0x22,
    0xD5, 0xFF, 0x05, 0xD0, 0xDF, 0x01, 0x00, 0x20, 0xFE, 0x0C, 0xF3, 0x7F,
    0x00, 0x00, 0x00, 0xF8, 0x2E, 0xF4, 0x5F, 0x00, 0x00, 0x00, 0xF6, 0x3F,
    0xF5, 0x5F, 0x00, 0x00, 0x00, 0xF6, 0x3F, 0xF5, 0x5F, 0x00, 0x00, 0x00,
    0xF6, 0x3F, 0xF5, 0x5F, 0x00, 0x00, 0x00, 0xF6, 0x3F, 0xF5, 0x5F, 0x00,
    0x00, 0x00, 0xF6, 0x3F, 0xF4, 0x5F, 0x00, 0x00, 0x00, 0xF6, 0x3F, 0xF3,
    0x7F, 0x00, 0x00, 0x00, 0xF8, 0x2E, 0xD0, 0xDF, 0x01, 0x00, 0x20, 0xFE,
    0x0C, 0x60, 0xFF, 0x5C, 0x22, 0xD5, 0xFF, 0x05, 0x00, 0xF9, 0xFF, 0xFF,
    0xFF, 0x8F, 0x00, 0x00, 0x60, 0xFC, 0xFF, 0xCE, 0x05, 0x00, 0x00, 0x00,
    0x20, 0x44, 0x02, 0x00, 0x00, 0x00, 0x40, 0x77, 0x02, 0x43, 0x44, 0x44,
    0x34, 0x00, 0xB1, 0xFF, 0xFF, 0xB4, 0xFF, 0xFF, 0xFF, 0x0E, 0xB0, 0xFF,
    0xCE, 0xEE, 0xFC, 0xEF, 0xEE, 0xDE, 0x30, 0xFF, 0x2C, 0x10, 0xFA, 0xCF,
    0x22, 0x22, 0x02, 0xF7, 0x4F, 0x00, 0x10, 0xFE, 0x0B, 0x00, 0x00, 0x90,
    0xEF, 0x01, 0x00, 0xB0, 0xCF, 0x00, 0x00, 0x00, 0xF9, 0x1E, 0x00, 0x00,
    0xFB, 0x0B, 0x00, 0x00, 0x90, 0xEF, 0x01, 0x00, 0xB0, 0xBF, 0x00, 0x00,
    0x00, 0xF9, 0x1E, 0x00, 0x00, 0xFB, 0x0B, 0x00, 0x00, 0x90, 0xEF, 0x01,
    0x00, 0xB0, 0xCF, 0x22, 0x22, 0x00, 0xF9, 0x1E, 0x00, 0x00, 0xFB, 0xEF,
    0xEE, 0x3E, 0x90, 0xEF, 0x01, 0x00, 0xB0, 0xFF, 0xFF, 0xFF, 0x03, 0xF9,
    0x1E, 0x00, 0x00, 0xFB, 0x4C, 0x44, 0x14, 0x90, 0xEF, 0x01, 0x00, 0xB0,
    0xBF, 0x00, 0x00, 0x00, 0xF9, 0x1E, 0x00, 0x00, 0xFB, 0x0C, 0x00, 0x00,
    0x90, 0xEF, 0x01, 0x00, 0xB0, 0xBF, 0x00, 0x00, 0x00, 0xF9, 0x1E, 0x00,
    0x00, 0xFB, 0x0B, 0x00, 0x00, 0x80, 0xEF, 0x02, 0x00, 0xC0, 0xCF, 0x00,
    0x00, 0x00, 0xF6, 0x6F, 0x00, 0x20, 0xFF, 0x0B, 0x00, 0x00, 0x20, 0xFF,
    0x5E, 0x42, 0xFC, 0xDF, 0x55, 0x55, 0x04, 0x80, 0xFF, 0xEF, 0xCF, 0xFB,
    0xFF, 0xFF, 0xEF, 0x01, 0x80, 0xFE, 0xCF, 0xA2, 0xEE, 0xEE, 0xEE, 0x0C,
    0x00, 0x10, 0x34, 0x00, 0x11, 0x11, 0x11, 0x11, 0x00, 0x00, 0x30, 0x34,
    0x00, 0x00, 0x43, 0x02, 0x00, 0x30, 0xFC, 0xFF, 0x1B, 0xC2, 0xFF, 0xBF,
    0x02, 0xD1, 0xFF, 0xFF, 0xAF, 0xFB, 0xFF, 0xFF, 0x1C, 0xF7, 0x8F, 0x42,
    0xFD, 0xDF, 0x23, 0xFA, 0x5F, 0xFA, 0x0D, 0x00, 0xF7, 0x5F, 0x00, 0xE1,
    0x9F, 0xFB, 0x0B, 0x00, 0xF4, 0x3F, 0x00, 0xC0, 0x9F, 0xFB, 0x0B, 0x00,
    0xF5, 0x3F, 0x00, 0xC0, 0x9F, 0xFB, 0x0B, 0x00, 0xF5, 0x6F, 0x44, 0xC4,
    0x9F, 0xFB, 0x0B, 0x00, 0xF5, 0xFF, 0xFF, 0xFF, 0xAF, 0xFB, 0x0B, 0x00,
    0xF5, 0xCF, 0xBB, 0xBB, 0x7B, 0xFB, 0x0B, 0x00, 0xF5, 0x3F, 0x00, 0x00,
    0x00, 0xFB, 0x0B, 0x00, 0xF5, 0x3F, 0x00, 0x00, 0x00, 0xFB, 0x0B, 0x00,
    0xF4, 0x3F, 0x00, 0x00, 0x00, 0xFA, 0x0D, 0x00, 0xF7, 0x5F, 0x00, 0xA0,
    0x5B, 0xF7, 0x8F, 0x42, 0xFD, 0xCF, 0x23, 0xF9, 0x4F, 0xD1, 0xFF, 0xFF,
    0xAF, 0xFB, 0xFF, 0xFF, 0x0A, 0x30, 0xFC, 0xFF, 0x1B, 0xC2, 0xFF, 0xAF,
    0x01, 0x00, 0x30, 0x34, 0x00, 0x00, 0x43, 0x02, 0x00, 0x00, 0x00, 0x00,
    0x00, 0x98, 0x08, 0x00, 0x00, 0x00, 0x00, 0x70, 0xFF, 0x05, 0x00, 0x00,
    0x00, 0x00, 0xF4, 0x7F, 0x00, 0x00, 0x00, 0x00, 0x20, 0xFE, 0x0A, 0x00,
    0x00, 0x00, 0x00, 0x40, 0x78, 0x01, 0x00, 0x00, 0x00, 0x00, 0x00, 0x00,
    0x00, 0x00, 0x00, 0x40, 0x44, 0x44, 0x44, 0x13, 0x00, 0x00, 0xF2, 0xFF,
    0xFF, 0xFF, 0xDF, 0x19, 0x00, 0xE2, 0xFF, 0xEE, 0xEE, 0xFF, 0xDF, 0x02,
    0xE2, 0x9F, 0x22, 0x22, 0x93, 0xFF, 0x0C, 0xE2, 0x8F, 0x00, 0x00, 0x00,
    0xF9, 0x5F, 0xE2, 0x8F, 0x00, 0x00, 0x00, 0xF2, 0x9F, 0xE2, 0x8F, 0x00,
    0x00, 0x00, 0xD1, 0xBF, 0xE2, 0x8F, 0x00, 0x00, 0x00, 0xE1, 0xBF, 0xE2,
    0x8F, 0x00, 0x00, 0x00, 0xF4, 0x9F, 0xE2, 0x7F, 0x00, 0x00, 0x10, 0xFC,
    0x4F, 0xE2, 0xAF, 0x55, 0x55, 0xD7, 0xFF, 0x0A, 0xE2, 0xFF, 0xFF, 0xFF,
    0xFF, 0xBF, 0x01, 0xE2, 0xEF, 0xEE, 0xFE, 0xEF, 0x06, 0x00, 0xE2, 0x8F,
    0x11, 0xB1, 0xEF, 0x01, 0x00, 0xE2, 0x8F, 0x00, 0x40, 0xFF, 0x09, 0x00,
    0xE2, 0x8F, 0x00, 0x00, 0xFC, 0x1E, 0x00, 0xE2, 0x8F, 0x00, 0x00, 0xF5,
    0x7F, 0x00, 0xE2, 0x8F, 0x00, 0x00, 0xD0, 0xDF, 0x01, 0xE2, 0x8F, 0x00,
    0x00, 0x60, 0xFF, 0x06, 0xE2, 0x8F, 0x00, 0x00, 0x10, 0xFE, 0x0D, 0xE2,
    0x8F, 0x00, 0x00, 0x00, 0xF8, 0x6F, 0xD1, 0x7E, 0x00, 0x00, 0x00, 0xD2,
    0xBE, 0x10, 0x11, 0x00, 0x00, 0x00, 0x10, 0x11, 0x00, 0x00, 0x00, 0x00,
    0x00, 0x01, 0x00, 0x00, 0x00, 0x00, 0xC5, 0x5D, 0x00, 0x00, 0x00, 0x00,
    0xE2, 0xAF, 0x00, 0x00, 0x00, 0x00, 0xC0, 0xCF, 0x01, 0x00, 0x00, 0x00,
    0x90, 0xEF, 0x02, 0x00, 0x00, 0x00, 0x00, 0x44, 0x02, 0x00, 0x00, 0x00,
    0x00, 0x00, 0x00, 0x00, 0x00, 0x00, 0x11, 0x00, 0x31, 0x34, 0x00, 0x00,
    0xE7, 0x1E, 0xD4, 0xFF, 0xDF, 0x06, 0x80, 0xEF, 0xF6, 0xEF, 0xFF, 0xFF,
    0x07, 0xF7, 0xDE, 0x3A, 0x32, 0xE7, 0xFF, 0x82, 0xFF, 0x0B, 0x00, 0x00,
    0xF7, 0x6F, 0xF8, 0x4F, 0x00, 0x00, 0x20, 0xFE, 0x88, 0xFF, 0x02, 0x00,
    0x00, 0xE1, 0x9F, 0xF8, 0x2E, 0x00, 0x00, 0x10, 0xDC, 0x88, 0xEF, 0x02,
    0x00, 0x00, 0x00, 0x00, 0xF8, 0x2E, 0x00, 0x00, 0x00, 0x00, 0x80, 0xEF,
    0x02, 0x00, 0x00, 0x00, 0x00, 0xF8, 0x2E, 0x00, 0x00, 0x00, 0x00, 0x80,
    0xEF, 0x02, 0x00, 0x00, 0x00, 0x00, 0xF8, 0x2E, 0x00, 0x00, 0x00, 0x00,
    0x70, 0xEF, 0x02, 0x00, 0x00, 0x00, 0x00, 0xF8, 0x2F, 0x00, 0x00, 0x00,
    0x00, 0x70, 0xEE, 0x02, 0x00, 0x00, 0x00, 0x00, 0x10, 0x01, 0x00, 0x00,
    0x00, 0x00, 0x00, 0x40, 0x44, 0x44, 0x44, 0x13, 0x00, 0x00, 0xF2, 0xFF,
    0xFF, 0xFF, 0xDF, 0x19, 0x00, 0xE2, 0xFF, 0xEE, 0xEE, 0xFF, 0xDF, 0x02,
    0xE2, 0x9F, 0x22, 0x22, 0x93, 0xFF, 0x0C, 0xE2, 0x8F, 0x00, 0x00, 0x00,
    0xF9, 0x5F, 0xE2, 0x8F, 0x00, 0x00, 0x00, 0xF2, 0x9F, 0xE2, 0x8F, 0x00,
    0x00, 0x00, 0xD1, 0xBF, 0xE2, 0x8F, 0x00, 0x00, 0x00, 0xE1, 0xBF, 0xE2,
    0x8F, 0x00, 0x00, 0x00, 0xF4, 0x9F, 0xE2, 0x7F, 0x00, 0x00, 0x10, 0xFC,
    0x4F, 0xE2, 0xAF, 0x55, 0x55, 0xD7, 0xFF, 0x0A, 0xE2, 0xFF, 0xFF, 0xFF,
    0xFF, 0xBF, 0x01, 0xE2, 0xEF, 0xEE, 0xFE, 0xEF, 0x06, 0x00, 0xE2, 0x8F,
    0x11, 0xB1, 0xEF, 0x01, 0x00, 0xE2, 0x8F, 0x00, 0x40, 0xFF, 0x09, 0x00,
    0xE2, 0x8F, 0x00, 0x00, 0xFC, 0x1E, 0x00, 0xE2, 0x8F, 0x00, 0x00, 0xF5,
    0x7F, 0x00, 0xE2, 0x8F, 0x00, 0x00, 0xD0, 0xDF, 0x01, 0xE2, 0x8F, 0x00,
    0x00, 0x60, 0xFF, 0x06, 0xE2, 0x8F, 0x00, 0x00, 0x10, 0xFE, 0x0D, 0xE2,
    0x8F, 0x00, 0x00, 0x00, 0xF8, 0x6F, 0xD1, 0x7E, 0x00, 0x00, 0x00, 0xD2,
    0xBE, 0x10, 0x11, 0x00, 0x00, 0x00, 0x10, 0x11, 0x00, 0x00, 0x00, 0x00,
    0x00, 0x00, 0x00, 0x00, 0x00, 0x00, 0x42, 0x24, 0x00, 0x00, 0x00, 0x00,
    0x10, 0xFD, 0x2E, 0x00, 0x00, 0x00, 0x00, 0x90, 0xFF, 0x05, 0x00, 0x00,
    0x00, 0x00, 0xF4, 0x9F, 0x00, 0x00, 0x00, 0x00, 0x10, 0xFD, 0x1C, 0x00,
    0x00, 0x00, 0x00, 0x10, 0x01, 0x00, 0x43, 0x03, 0x00, 0x00, 0x70, 0xEE,
    0x41, 0xFD, 0xFF, 0x6D, 0x00, 0x00, 0xF8, 0x6E, 0xFF, 0xFE, 0xFF, 0x7F,
    0x00, 0x70, 0xEF, 0xAD, 0x23, 0x73, 0xFE, 0x2F, 0x00, 0xF8, 0xBF, 0x00,
    0x00, 0x70, 0xFF, 0x06, 0x80, 0xFF, 0x04, 0x00, 0x00, 0xE2, 0x8F, 0x00,
    0xF8, 0x2F, 0x00, 0x00, 0x10, 0xFE, 0x09, 0x80, 0xEF, 0x02, 0x00, 0x00,
    0xC1, 0x8D, 0x00, 0xF8, 0x2E, 0x00, 0x00, 0x00, 0x00, 0x00, 0x80, 0xEF,
    0x02, 0x00, 0x00, 0x00, 0x00, 0x00, 0xF8, 0x2E, 0x00, 0x00, 0x00, 0x00,
    0x00, 0x80, 0xEF, 0x02, 0x00, 0x00, 0x00, 0x00, 0x00, 0xF8, 0x2E, 0x00,
    0x00, 0x00, 0x00, 0x00, 0x80, 0xEF, 0x02, 0x00, 0x00, 0x00, 0x00, 0x00,
    0xF7, 0x2E, 0x00, 0x00, 0x00, 0x00, 0x00, 0x80, 0xFF, 0x02, 0x00, 0x00,
    0x00, 0x00, 0x00, 0xE7, 0x2E, 0x00, 0x00, 0x00, 0x00, 0x00, 0x10, 0x11,
    0x00, 0x00, 0x00, 0x00, 0x00, 0x00, 0x00, 0x00, 0x00, 0x00, 0x00, 0x00,
    0x00, 0x00, 0x44, 0x04, 0x00, 0x00, 0x00, 0x00, 0x00, 0xF7, 0x9F, 0x00,
    0x00, 0x00, 0x00, 0x00, 0xE2, 0xCF, 0x00, 0x00, 0x00, 0x00, 0x00, 0xB0,
    0xEF, 0x02, 0x00, 0x00, 0x00, 0x00, 0x60, 0xFF, 0x06, 0x00, 0x00, 0x00,
    0x00, 0x00, 0x10, 0x98, 0x08, 0x00, 0x81, 0x89, 0x00, 0x00, 0xF5, 0xAF,
    0x10, 0xFC, 0x4F, 0x00, 0x00, 0x40, 0xFE, 0xBA, 0xEF, 0x03, 0x00, 0x00,
    0x00, 0xE4, 0xFF, 0x3E, 0x00, 0x00, 0x00, 0x00, 0x40, 0x88, 0x03, 0x00,
    0x00, 0x00, 0x00, 0x00, 0x00, 0x00, 0x00, 0x00, 0x40, 0x44, 0x44, 0x44,
    0x13, 0x00, 0x00, 0xF2, 0xFF, 0xFF, 0xFF, 0xDF, 0x19, 0x00, 0xE2, 0xFF,
    0xEE, 0xEE, 0xFF, 0xDF, 0x02, 0xE2, 0x9F, 0x22, 0x22, 0x93, 0xFF, 0x0C,
    0xE2, 0x8F, 0x00, 0x00, 0x00, 0xF9, 0x5F, 0xE2, 0x8F, 0x00, 0x00, 0x00,
    0xF2, 0x9F, 0xE2, 0x8F, 0x00, 0x00, 0x00, 0xD1, 0xBF, 0xE2, 0x8F, 0x00,
    0x00, 0x00, 0xE1, 0xBF, 0xE2, 0x8F, 0x00, 0x00, 0x00, 0xF4, 0x9F, 0xE2,
    0x7F, 0x00, 0x00, 0x10, 0xFC, 0x4F, 0xE2, 0xAF, 0x55, 0x55, 0xD7, 0xFF,
    0x0A, 0xE2, 0xFF, 0xFF, 0xFF, 0xFF, 0xBF, 0x01, 0xE2, 0xEF, 0xEE, 0xFE,
    0xEF, 0x06, 0x00, 0xE2, 0x8F, 0x11, 0xB1, 0xEF, 0x01, 0x00, 0xE2, 0x8F,
    0x00, 0x40, 0xFF, 0x09, 0x00, 0xE2, 0x8F, 0x00, 0x00, 0xFC, 0x1E, 0x00,
    0xE2, 0x8F, 0x00, 0x00, 0xF5, 0x7F, 0x00, 0xE2, 0x8F, 0x00, 0x00, 0xD0,
    0xDF, 0x01, 0xE2, 0x8F, 0x00, 0x00, 0x60, 0xFF, 0x06, 0xE2, 0x8F, 0x00,
    0x00, 0x10, 0xFE, 0x0D, 0xE2, 0x8F, 0x00, 0x00, 0x00, 0xF8, 0x6F, 0xD1,
    0x7E, 0x00, 0x00, 0x00, 0xD2, 0xBE, 0x10, 0x11, 0x00, 0x00, 0x00, 0x10,
    0x11, 0x10, 0x00, 0x00, 0x00, 0x00, 0x10, 0x00, 0xD4, 0x8D, 0x00, 0x80,
    0xDD, 0x04, 0x00, 0xF6, 0x8F, 0x80, 0xFF, 0x07, 0x00, 0x00, 0xF6, 0xCF,
    0xFF, 0x07, 0x00, 0x00, 0x00, 0xF6, 0xFF, 0x07, 0x00, 0x00, 0x00, 0x00,
    0x43, 0x03, 0x00, 0x00, 0x00, 0x00, 0x00, 0x00, 0x00, 0x00, 0x00, 0x11,
    0x00, 0x30, 0x34, 0x00, 0x00, 0xE7, 0x1E, 0xD4, 0xFF, 0xDF, 0x06, 0x80,
    0xEF, 0xF6, 0xEF, 0xFF, 0xFF, 0x07, 0xF7, 0xDE, 0x3A, 0x32, 0xE7, 0xFF,
    0x82, 0xFF, 0x0B, 0x00, 0x00, 0xF7, 0x6F, 0xF8, 0x4F, 0x00, 0x00, 0x20,
    0xFE, 0x88, 0xFF, 0x02, 0x00, 0x00, 0xE1, 0x9F, 0xF8, 0x2E, 0x00, 0x00,
    0x10, 0xDC, 0x88, 0xEF, 0x02, 0x00, 0x00, 0x00, 0x00, 0xF8, 0x2E, 0x00,
    0x00, 0x00, 0x00, 0x80, 0xEF, 0x02, 0x00, 0x00, 0x00, 0x00, 0xF8, 0x2E,
    0x00, 0x00, 0x00, 0x00, 0x80, 0xEF, 0x02, 0x00, 0x00, 0x00, 0x00, 0xF8,
    0x2E, 0x00, 0x00, 0x00, 0x00, 0x70, 0xEF, 0x02, 0x00, 0x00, 0x00, 0x00,
    0xF8, 0x2F, 0x00, 0x00, 0x00, 0x00, 0x70, 0xEE, 0x02, 0x00, 0x00, 0x00,
    0x00, 0x10, 0x01, 0x00, 0x00, 0x00, 0x00, 0x00, 0x00, 0x00, 0x00, 0x00,
    0x98, 0x08, 0x00, 0x00, 0x00, 0x00, 0x70, 0xFF, 0x05, 0x00, 0x00, 0x00,
    0x00, 0xF4, 0x7F, 0x00, 0x00, 0x00, 0x00, 0x20, 0xFE, 0x0A, 0x00, 0x00,
    0x00, 0x00, 0x40, 0x78, 0x01, 0x00, 0x00, 0x00, 0x00, 0x00, 0x00, 0x00,
    0x00, 0x00, 0x00, 0x00, 0x62, 0x77, 0x15, 0x00, 0x00, 0x00, 0x91, 0xFE,
    0xFF, 0xEF, 0x07, 0x00, 0x10, 0xFC, 0xEF, 0xCC, 0xFF, 0xAF, 0x00, 0x80,
    0xFF, 0x2A, 0x00, 0xC3, 0xFF, 0x05, 0xD0, 0xCF, 0x00, 0x00, 0x20, 0xFE,
    0x0B, 0xE2, 0x7F, 0x00, 0x00, 0x00, 0xFA, 0x1D, 0xF2, 0x6F, 0x00, 0x00,
    0x00, 0x21, 0x02, 0xE1, 0xBF, 0x00, 0x00, 0x00, 0x00, 0x00, 0xA0, 0xFF,
    0x07, 0x00, 0x00, 0x00, 0x00, 0x20, 0xFE, 0xDF, 0x59, 0x01, 0x00, 0x00,
    0x00, 0xE4, 0xFF, 0xFF, 0xAE, 0x04, 0x00, 0x00, 0x10, 0xC8, 0xFF, 0xFF,
    0x9F, 0x00, 0x00, 0x00, 0x00, 0x62, 0xFA, 0xFF, 0x07, 0x00, 0x00, 0x00,
    0x00, 0x30, 0xFE, 0x1E, 0x00, 0x00, 0x00, 0x00, 0x00, 0xF6, 0x6F, 0x00,
    0x00, 0x00, 0x00, 0x00, 0xE1, 0x8F, 0xC8, 0x1B, 0x00, 0x00, 0x00, 0xE1,
    0x8F, 0xF9, 0x3F, 0x00, 0x00, 0x00, 0xF3, 0x7F, 0xF4, 0xAF, 0x00, 0x00,
    0x00, 0xFB, 0x3F, 0xB0, 0xFF, 0x5B, 0x22, 0xB4, 0xFF, 0x0A, 0x20, 0xFC,
    0xFF, 0xEF, 0xFF, 0xCF, 0x01, 0x00, 0x81, 0xFD, 0xFF, 0xDF, 0x07, 0x00,
    0x00, 0x00, 0x20, 0x44, 0x02, 0x00, 0x00, 0x00, 0x00, 0x00, 0x10, 0xDB,
    0x0A, 0x00, 0x00, 0x00, 0x00, 0xA0, 0xFF, 0x03, 0x00, 0x00, 0x00, 0x00,
    0xF6, 0x5F, 0x00, 0x00, 0x00, 0x00, 0x40, 0xFF, 0x08, 0x00, 0x00, 0x00,
    0x00, 0x30, 0x44, 0x00, 0x00, 0x00, 0x00, 0x00, 0x00, 0x00, 0x00, 0x00,
    0x00, 0x00, 0x00, 0x32, 0x44, 0x13, 0x00, 0x00, 0x00, 0xB3, 0xFE, 0xFF,
    0xEF, 0x19, 0x00, 0x30, 0xFE, 0xFF, 0xEE, 0xFF, 0xDF, 0x01, 0xB0, 0xFF,
    0x38, 0x22, 0x93, 0xFF, 0x09, 0xE1, 0xAF, 0x00, 0x00, 0x00, 0xEB, 0x0C,
    0xE2, 0x7F, 0x10, 0x00, 0x00, 0x10, 0x01, 0xD1, 0xBF, 0x01, 0x00, 0x00,
    0x00, 0x00, 0x90, 0xFF, 0xAD, 0x68, 0x24, 0x00, 0x00, 0x10, 0xFB, 0xFF,
    0xFF, 0xEF, 0x5C, 0x00, 0x00, 0x50, 0xA8, 0xEC, 0xFF, 0xFF, 0x05, 0x00,
    0x00, 0x00, 0x10, 0x63, 0xFE, 0x0C, 0x00, 0x00, 0x00, 0x00, 0x00, 0xF8,
    0x2E, 0x62, 0x26, 0x00, 0x00, 0x01, 0xF5, 0x3F, 0xF4, 0x8F, 0x00, 0x00,
    0x00, 0xF9, 0x2F, 0xD1, 0xEF, 0x37, 0x22, 0x83, 0xFF, 0x0C, 0x50, 0xFF,
    0xFF, 0xEE, 0xFF, 0xFF, 0x04, 0x00, 0xB4, 0xFE, 0xFF, 0xEF, 0x3B, 0x00,
    0x00, 0x00, 0x32, 0x44, 0x23, 0x00, 0x00, 0x00, 0x00, 0x50, 0x99, 0x04,
    0x00, 0x00, 0x00, 0x00, 0xF6, 0xFF, 0x4F, 0x00, 0x00, 0x00, 0x50, 0xFF,
    0xA9, 0xEF, 0x04, 0x00, 0x00, 0xF6, 0x9F, 0x00, 0xFA, 0x5F, 0x00, 0x10,
    0x87, 0x06, 0x00, 0x70, 0x78, 0x00, 0x00, 0x00, 0x00, 0x00, 0x00, 0x00,
    0x00, 0x00, 0x00, 0x62, 0x77, 0x25, 0x00, 0x00, 0x00, 0x91, 0xFE, 0xFF,
    0xEF, 0x07, 0x00, 0x10, 0xFC, 0xEF, 0xCC, 0xFF, 0xAF, 0x00, 0x80, 0xFF,
    0x2A, 0x00, 0xC3, 0xFF, 0x05, 0xD0, 0xCF, 0x00, 0x00, 0x20, 0xFE, 0x0B,
    0xE2, 0x7F, 0x00, 0x00, 0x00, 0xFA, 0x1D, 0xF2, 0x6F, 0x00, 0x00, 0x00,
    0x21, 0x02, 0xE1, 0xBF, 0x00, 0x00, 0x00, 0x00, 0x00, 0xA0, 0xFF, 0x07,
    0x00, 0x00, 0x00, 0x00, 0x20, 0xFE, 0xDF, 0x59, 0x01, 0x00, 0x00, 0x00,
    0xE4, 0xFF, 0xFF, 0xAE, 0x04, 0x00, 0x00, 0x10, 0xC8, 0xFF, 0xFF, 0x9F,
    0x00, 0x00, 0x00, 0x00, 0x62, 0xFA, 0xFF, 0x07, 0x00, 0x00, 0x00, 0x00,
    0x30, 0xFE, 0x1E, 0x00, 0x00, 0x00, 0x00, 0x00, 0xF6, 0x6F, 0x00, 0x00,
    0x00, 0x00, 0x00, 0xE1, 0x8F, 0xC8, 0x1B, 0x00, 0x00, 0x00, 0xE1, 0x8F,
    0xF9, 0x3F, 0x00, 0x00, 0x00, 0xF3, 0x7F, 0xF4, 0xAF, 0x00, 0x00, 0x00,
    0xFB, 0x3F, 0xB0, 0xFF, 0x5B, 0x22, 0xB4, 0xFF, 0x0A, 0x20, 0xFC, 0xFF,
    0xEF, 0xFF, 0xCF, 0x01, 0x00, 0x81, 0xFD, 0xFF, 0xDF, 0x07, 0x00, 0x00,
    0x00, 0x20, 0x44, 0x02, 0x00, 0x00, 0x00, 0x00, 0x90, 0xDD, 0x07, 0x00,
    0x00, 0x00, 0x00, 0xF9, 0xFF, 0x7F, 0x00, 0x00, 0x00, 0x80, 0xFF, 0x76,
    0xFF, 0x07, 0x00, 0x00, 0xF9, 0x6F, 0x00, 0xF7, 0x8F, 0x00, 0x10, 0x44,
    0x03, 0x00, 0x30, 0x44, 0x00, 0x00, 0x00, 0x00, 0x00, 0x00, 0x00, 0x00,
    0x00, 0x00, 0x32, 0x44, 0x13, 0x00, 0x00, 0x00, 0xB3, 0xFE, 0xFF, 0xEF,
    0x19, 0x00, 0x30, 0xFE, 0xFF, 0xEE, 0xFF, 0xDF, 0x01, 0xB0, 0xFF, 0x38,
    0x22, 0x93, 0xFF, 0x09, 0xE1, 0xAF, 0x00, 0x00, 0x00, 0xEB, 0x0C, 0xE2,
    0x7F, 0x10, 0x00, 0x00, 0x10, 0x01, 0xD1, 0xBF, 0x01, 0x00, 0x00, 0x00,
    0x00, 0x90, 0xFF, 0xAD, 0x68, 0x24, 0x00, 0x00, 0x10, 0xFB, 0xFF, 0xFF,
    0xEF, 0x5C, 0x00, 0x00, 0x50, 0xA8, 0xEC, 0xFF, 0xFF, 0x05, 0x00, 0x00,
    0x00, 0x10, 0x63, 0xFE, 0x0C, 0x00, 0x00, 0x00, 0x00, 0x00, 0xF8, 0x2E,
    0x62, 0x26, 0x00, 0x00, 0x01, 0xF5, 0x3F, 0xF4, 0x8F, 0x00, 0x00, 0x00,
    0xF9, 0x2F, 0xD1, 0xEF, 0x37, 0x22, 0x83, 0xFF, 0x0C, 0x50, 0xFF, 0xFF,
    0xEE, 0xFF, 0xFF, 0x04, 0x00, 0xB4, 0xFE, 0xFF, 0xEF, 0x3B, 0x00, 0x00,
    0x00, 0x32, 0x44, 0x23, 0x00, 0x00, 0x00, 0x00, 0x52, 0x77, 0x15, 0x00,
    0x00, 0x00, 0x91, 0xFE, 0xFF, 0xEF, 0x07, 0x00, 0x10, 0xFC, 0xEF, 0xCC,
    0xFF, 0xAF, 0x00, 0x80, 0xFF, 0x2A, 0x00, 0xC3, 0xFF, 0x05, 0xD0, 0xCF,
    0x00, 0x00, 0x20, 0xFE, 0x0B, 0xE2, 0x7F, 0x00, 0x00, 0x00, 0xFA, 0x1D,
    0xF2, 0x6F, 0x00, 0x00, 0x00, 0x21, 0x02, 0xE1, 0xBF, 0x00, 0x00, 0x00,
    0x00, 0x00, 0xA0, 0xFF, 0x07, 0x00, 0x00, 0x00, 0x00, 0x20, 0xFE, 0xDF,
    0x59, 0x01, 0x00, 0x00, 0x00, 0xE4, 0xFF, 0xFF, 0xAE, 0x04, 0x00, 0x00,
    0x10, 0xC8, 0xFF, 0xFF, 0x9F, 0x00, 0x00, 0x00, 0x00, 0x62, 0xFA, 0xFF,
    0x07, 0x00, 0x00, 0x00, 0x00, 0x30, 0xFE, 0x1E, 0x00, 0x00, 0x00, 0x00,
    0x00, 0xF6, 0x6F, 0x00, 0x00, 0x00, 0x00, 0x00, 0xE1, 0x8F, 0xC8, 0x1B,
    0x00, 0x00, 0x00, 0xE1, 0x8F, 0xF9, 0x3F, 0x00, 0x00, 0x00, 0xF3, 0x7F,
    0xF4, 0xAF, 0x00, 0x00, 0x00, 0xFB, 0x3F, 0xB0, 0xFF, 0x5B, 0x22, 0xB4,
    0xFF, 0x0A, 0x20, 0xFC, 0xFF, 0xFF, 0xFF, 0xCF, 0x01, 0x00, 0x81, 0xED,
    0xFF, 0xDF, 0x07, 0x00, 0x00, 0x00, 0xE1, 0x3D, 0x02, 0x00, 0x00, 0x00,
    0x00, 0xE3, 0xCF, 0x17, 0x00, 0x00, 0x00, 0x00, 0x11, 0xC4, 0xCF, 0x01,
    0x00, 0x00, 0x00, 0x00, 0x70, 0xFF, 0x02, 0x00, 0x00, 0x00, 0xC9, 0xFD,
    0xAF, 0x00, 0x00, 0x00, 0x00, 0xC9, 0xAC, 0x06, 0x00, 0x00, 0x00, 0x00,
    0x32, 0x44, 0x13, 0x00, 0x00, 0x00, 0xB3, 0xFE, 0xFF, 0xEF, 0x19, 0x00,
    0x30, 0xFE, 0xFF, 0xEE, 0xFF, 0xDF, 0x01, 0xB0, 0xFF, 0x38, 0x22, 0x93,
    0xFF, 0x09, 0xE1, 0xAF, 0x00, 0x00, 0x00, 0xEB, 0x0C, 0xE2, 0x7F, 0x10,
    0x00, 0x00, 0x10, 0x01, 0xD1, 0xBF, 0x01, 0x00, 0x00, 0x00, 0x00, 0x90,
    0xFF, 0xAD, 0x68, 0x24, 0x00, 0x00, 0x10, 0xFB, 0xFF, 0xFF, 0xEF, 0x5C,
    0x00, 0x00, 0x50, 0xA8, 0xEC, 0xFF, 0xFF, 0x05, 0x00, 0x00, 0x00, 0x10,
    0x63, 0xFE, 0x0C, 0x00, 0x00, 0x00, 0x00, 0x00, 0xF8, 0x2E, 0x62, 0x26,
    0x00, 0x00, 0x01, 0xF5, 0x3F, 0xF4, 0x8F, 0x00, 0x00, 0x00, 0xF9, 0x2F,
    0xD1, 0xEF, 0x37, 0x22, 0x83, 0xFF, 0x0C, 0x50, 0xFF, 0xFF, 0xEE, 0xFF,
    0xFF, 0x04, 0x00, 0xB4, 0xFE, 0xFF, 0xEF, 0x3B, 0x00, 0x00, 0x00, 0xA2,
    0x5F, 0x12, 0x00, 0x00, 0x00, 0x00, 0xC0, 0xDF, 0x28, 0x00, 0x00, 0x00,
    0x00, 0x20, 0x93, 0xEF, 0x03, 0x00, 0x00, 0x00, 0x00, 0x30, 0xFE, 0x06,
    0x00, 0x00, 0x00, 0xC6, 0xFC, 0xDF, 0x02, 0x00, 0x00, 0x00, 0xC6, 0xBC,
    0x28, 0x00, 0x00, 0x10, 0x98, 0x08, 0x00, 0x81, 0x89, 0x00, 0x00, 0xF5,
    0xAF, 0x10, 0xFC, 0x4F, 0x00, 0x00, 0x40, 0xFE, 0xBA, 0xEF, 0x03, 0x00,
    0x00, 0x00, 0xE4, 0xFF, 0x3E, 0x00, 0x00, 0x00, 0x00, 0x40, 0x88, 0x03,
    0x00, 0x00, 0x00, 0x00, 0x00, 0x00, 0x00, 0x00, 0x00, 0x00, 0x00, 0x62,
    0x77, 0x15, 0x00, 0x00, 0x00, 0x91, 0xFE, 0xFF, 0xEF, 0x07, 0x00, 0x10,
    0xFC, 0xEF, 0xCC, 0xFF, 0xAF, 0x00, 0x80, 0xFF, 0x2A, 0x00, 0xC3, 0xFF,
    0x05, 0xD0, 0xCF, 0x00, 0x00, 0x20, 0xFE, 0x0B, 0xE2, 0x7F, 0x00, 0x00,
    0x00, 0xFA, 0x1D, 0xF2, 0x6F, 0x00, 0x00, 0x00, 0x21, 0x02, 0xE1, 0xBF,
    0x00, 0x00, 0x00, 0x00, 0x00, 0xA0, 0xFF, 0x07, 0x00, 0x00, 0x00, 0x00,
    0x20, 0xFE, 0xDF, 0x59, 0x01, 0x00, 0x00, 0x00, 0xE4, 0xFF, 0xFF, 0xAE,
    0x04, 0x00, 0x00, 0x10, 0xC8, 0xFF, 0xFF, 0x9F, 0x00, 0x00, 0x00, 0x00,
    0x62, 0xFA, 0xFF, 0x07, 0x00, 0x00, 0x00, 0x00, 0x30, 0xFE, 0x1E, 0x00,
    0x00, 0x00, 0x00, 0x00, 0xF6, 0x6F, 0x00, 0x00, 0x00, 0x00, 0x00, 0xE1,
    0x8F, 0xC8, 0x1B, 0x00, 0x00, 0x00, 0xE1, 0x8F, 0xF9, 0x3F, 0x00, 0x00,
    0x00, 0xF3, 0x7F, 0xF4, 0xAF, 0x00, 0x00, 0x00, 0xFB, 0x3F, 0xB0, 0xFF,
    0x5B, 0x22, 0xB4, 0xFF, 0x0A, 0x20, 0xFC, 0xFF, 0xEF, 0xFF, 0xCF, 0x01,
    0x00, 0x81, 0xFD, 0xFF, 0xDF, 0x07, 0x00, 0x00, 0x00, 0x20, 0x44, 0x02,
    0x00, 0x00, 0x00, 0x01, 0x00, 0x00, 0x00, 0x10, 0x00, 0x10, 0xDA, 0x2B,
    0x00, 0xC3, 0x9D, 0x00, 0x00, 0xD2, 0xDF, 0x31, 0xFE, 0x1C, 0x00, 0x00,
    0x20, 0xFD, 0xDD, 0xCF, 0x01, 0x00, 0x00, 0x00, 0xD2, 0xFF, 0x1C, 0x00,
    0x00, 0x00, 0x00, 0x10, 0x44, 0x01, 0x00, 0x00, 0x00, 0x00, 0x00, 0x00,
    0x00, 0x00, 0x00, 0x00, 0x00, 0x32, 0x44, 0x13, 0x00, 0x00, 0x00, 0xB3,
    0xFE, 0xFF, 0xEF, 0x19, 0x00, 0x30, 0xFE, 0xFF, 0xEE, 0xFF, 0xDF, 0x01,
    0xB0, 0xFF, 0x38, 0x22, 0x93, 0xFF, 0x09, 0xE1, 0xAF, 0x00, 0x00, 0x00,
    0xEB, 0x0C, 0xE2, 0x7F, 0x10, 0x00, 0x00, 0x10, 0x01, 0xD1, 0xBF, 0x01,
    0x00, 0x00, 0x00, 0x00, 0x90, 0xFF, 0xAD, 0x68, 0x24, 0x00, 0x00, 0x10,
    0xFB, 0xFF, 0xFF, 0xEF, 0x5C, 0x00, 0x00, 0x50, 0xA8, 0xEC, 0xFF, 0xFF,
    0x05, 0x00, 0x00, 0x00, 0x10, 0x63, 0xFE, 0x0C, 0x00, 0x00, 0x00, 0x00,
    0x00, 0xF8, 0x2E, 0x62, 0x26, 0x00, 0x00, 0x01, 0xF5, 0x3F, 0xF4, 0x8F,
    0x00, 0x00, 0x00, 0xF9, 0x2F, 0xD1, 0xEF, 0x37, 0x22, 0x83, 0xFF, 0x0C,
    0x50, 0xFF, 0xFF, 0xEE, 0xFF, 0xFF, 0x04, 0x00, 0xB4, 0xFE, 0xFF, 0xEF,
    0x3B, 0x00, 0x00, 0x00, 0x32, 0x44, 0x23, 0x00, 0x00, 0x41, 0x44, 0x44,
    0x44, 0x44, 0x44, 0x44, 0x04, 0xF3, 0xFF, 0xFF, 0xFF, 0xFF, 0xFF, 0xFF,
    0x2F, 0xE3, 0xEE, 0xEE, 0xFF, 0xEF, 0xEE, 0xEE, 0x2E, 0x20, 0x22, 0x22,
    0xF7, 0x5F, 0x22, 0x22, 0x02, 0x00, 0x00, 0x00, 0xF5, 0x4F, 0x00, 0x00,
    0x00, 0x00, 0x00, 0x00, 0xF5, 0x4F, 0x00, 0x00, 0x00, 0x00, 0x00, 0x00,
    0xF5, 0x4F, 0x00, 0x00, 0x00, 0x00, 0x00, 0x00, 0xF5, 0x4F, 0x00, 0x00,
    0x00, 0x00, 0x00, 0x00, 0xF5, 0x4F, 0x00, 0x00, 0x00, 0x00, 0x00, 0x00,
    0xF5, 0x4F, 0x00, 0x00, 0x00, 0x00, 0x00, 0x00, 0xF5, 0x4F, 0x00, 0x00,
    0x00, 0x00, 0x00, 0x00, 0xF5, 0x4F, 0x00, 0x00, 0x00, 0x00, 0x00, 0x00,
    0xF5, 0x4F, 0x00, 0x00, 0x00, 0x00, 0x00, 0x00, 0xF5, 0x4F, 0x00, 0x00,
    0x00, 0x00, 0x00, 0x00, 0xF5, 0x4F, 0x00, 0x00, 0x00, 0x00, 0x00, 0x00,
    0xF5, 0x4F, 0x00, 0x00, 0x00, 0x00, 0x00, 0x00, 0xF5, 0x4F, 0x00, 0x00,
    0x00, 0x00, 0x00, 0x00, 0xF5, 0x4F, 0x00, 0x00, 0x00, 0x00, 0x00, 0x00,
    0xF5, 0x4F, 0x00, 0x00, 0x00, 0x00, 0x00, 0x00, 0xF5, 0x4F, 0x00, 0x00,
    0x00, 0x00, 0x00, 0x00, 0xF6, 0x4F, 0x00, 0x00, 0x00, 0x00, 0x00, 0x00,
    0xE5, 0x4F, 0x00, 0x00, 0x00, 0x00, 0x00, 0x00, 0xA0, 0x2F, 0x00, 0x00,
    0x00, 0x00, 0x00, 0x00, 0xD1, 0xDF, 0x29, 0x00, 0x00, 0x00, 0x00, 0x00,
    0x10, 0xA3, 0xEF, 0x02, 0x00, 0x00, 0x00, 0x00, 0x00, 0x30, 0xFE, 0x06,
    0x00, 0x00, 0x00, 0x00, 0xC7, 0xFC, 0xDF, 0x01, 0x00, 0x00, 0x00, 0x00,
    0xC7, 0xBC, 0x17, 0x00, 0x00, 0x00, 0x00, 0x60, 0x68, 0x00, 0x00, 0x00,
    0x00, 0x00, 0x00, 0xFD, 0x0D, 0x00, 0x00, 0x00, 0x00, 0x00, 0xB0, 0xBF,
    0x00, 0x00, 0x00, 0x00, 0x00, 0x00, 0xFC, 0x0C, 0x00, 0x00, 0x00, 0x10,
    0x11, 0xC1, 0xCF, 0x11, 0x11, 0x11, 0x50, 0xEE, 0xEE, 0xFF, 0xEF, 0xEE,
    0xEE, 0x5E, 0xF6, 0xFF, 0xFF, 0xFF, 0xFF, 0xFF, 0xFF, 0x25, 0x55, 0x55,
    0xFD, 0x5D, 0x55, 0x55, 0x25, 0x00, 0x00, 0xB0, 0xBF, 0x00, 0x00, 0x00,
    0x00, 0x00, 0x00, 0xFC, 0x0C, 0x00, 0x00, 0x00, 0x00, 0x00, 0xC0, 0xCF,
    0x00, 0x00, 0x00, 0x00, 0x00, 0x00, 0xFC, 0x0C, 0x00, 0x00, 0x00, 0x00,
    0x00, 0xC0, 0xCF, 0x00, 0x00, 0x00, 0x00, 0x00, 0x00, 0xFC, 0x0C, 0x00,
    0x00, 0x00, 0x00, 0x00, 0xC0, 0xCF, 0x00, 0x00, 0x00, 0x00, 0x00, 0x00,
    0xFC, 0x0C, 0x00, 0x00, 0x00, 0x00, 0x00, 0xC0, 0xCF, 0x00, 0x00, 0x00,
    0x00, 0x00, 0x00, 0xFB, 0x0D, 0x00, 0x00, 0x00, 0x00, 0x00, 0x70, 0xFF,
    0x5A, 0x55, 0x55, 0x01, 0x00, 0x00, 0xC1, 0xFF, 0xFF, 0xFF, 0x3F, 0x00,
    0x00, 0x00, 0x81, 0xFE, 0xEE, 0xEE, 0x03, 0x00, 0x00, 0x00, 0xF1, 0x09,
    0x10, 0x01, 0x00, 0x00, 0x00, 0x70, 0xEF, 0x5B, 0x00, 0x00, 0x00, 0x00,
    0x00, 0x21, 0xE6, 0x8F, 0x00, 0x00, 0x00, 0x00, 0x00, 0x00, 0xFA, 0x0D,
    0x00, 0x00, 0x00, 0x10, 0xCC, 0xFD, 0x7F, 0x00, 0x00, 0x00, 0x00, 0xB1,
    0xBC, 0x49, 0x00, 0x00, 0x00, 0x81, 0x89, 0x00, 0x10, 0x98, 0x08, 0x00,
    0x00, 0x50, 0xFF, 0x0A, 0xC1, 0xFF, 0x04, 0x00, 0x00, 0x00, 0xE4, 0xAF,
    0xFB, 0x3E, 0x00, 0x00, 0x00, 0x00, 0x40, 0xFE, 0xEF, 0x03, 0x00, 0x00,
    0x00, 0x00, 0x00, 0x84, 0x38, 0x00, 0x00, 0x00, 0x00, 0x00, 0x00, 0x00,
    0x00, 0x00, 0x00, 0x00, 0x41, 0x44, 0x44, 0x44, 0x44, 0x44, 0x44, 0x04,
    0xF3, 0xFF, 0xFF, 0xFF, 0xFF, 0xFF, 0xFF, 0x2F, 0xE3, 0xEE, 0xEE, 0xFF,
    0xEF, 0xEE, 0xEE, 0x2E, 0x20, 0x22, 0x22, 0xF7, 0x5F, 0x22, 0x22, 0x02,
    0x00, 0x00, 0x00, 0xF5, 0x4F, 0x00, 0x00, 0x00, 0x00, 0x00, 0x00, 0xF5,
    0x4F, 0x00, 0x00, 0x00, 0x00, 0x00, 0x00, 0xF5, 0x4F, 0x00, 0x00, 0x00,
    0x00, 0x00, 0x00, 0xF5, 0x4F, 0x00, 0x00, 0x00, 0x00, 0x00, 0x00, 0xF5,
    0x4F, 0x00, 0x00, 0x00, 0x00, 0x00, 0x00, 0xF5, 0x4F, 0x00, 0x00, 0x00,
    0x00, 0x00, 0x00, 0xF5, 0x4F, 0x00, 0x00, 0x00, 0x00, 0x00, 0x00, 0xF5,
    0x4F, 0x00, 0x00, 0x00, 0x00, 0x00, 0x00, 0xF5, 0x4F, 0x00, 0x00, 0x00,
    0x00, 0x00, 0x00, 0xF5, 0x4F, 0x00, 0x00, 0x00, 0x00, 0x00, 0x00, 0xF5,
    0x4F, 0x00, 0x00, 0x00, 0x00, 0x00, 0x00, 0xF5, 0x4F, 0x00, 0x00, 0x00,
    0x00, 0x00, 0x00, 0xF5, 0x4F, 0x00, 0x00, 0x00, 0x00, 0x00, 0x00, 0xF5,
    0x4F, 0x00, 0x00, 0x00, 0x00, 0x00, 0x00, 0xF5, 0x4F, 0x00, 0x00, 0x00,
    0x00, 0x00, 0x00, 0xF5, 0x4F, 0x00, 0x00, 0x00, 0x00, 0x00, 0x00, 0xF6,
    0x4F, 0x00, 0x00, 0x00, 0x00, 0x00, 0x00, 0xE5, 0x4E, 0x00, 0x00, 0x00,
    0x00, 0x00, 0x00, 0x10, 0x01, 0x00, 0x00, 0x00, 0x00, 0x00, 0x00, 0x00,
    0x00, 0x42, 0x03, 0x00, 0x00, 0x00, 0x00, 0x00, 0xA0, 0xCF, 0x00, 0x00,
    0x00, 0x00, 0x00, 0x00, 0xFB, 0x09, 0x00, 0x00, 0x00, 0x86, 0x06, 0xC0,
    0x7F, 0x00, 0x00, 0x00, 0xD0, 0xDF, 0x00, 0xFD, 0x05, 0x00, 0x00, 0x00,
    0xFB, 0x0C, 0xD1, 0x3E, 0x00, 0x00, 0x00, 0xC0, 0xCF, 0x00, 0x11, 0x00,
    0x00, 0x11, 0x11, 0xFC, 0x1C, 0x11, 0x11, 0x01, 0xE5, 0xEE, 0xFE, 0xFF,
    0xEE, 0xEE, 0xEE, 0x65, 0xFF, 0xFF, 0xFF, 0xFF, 0xFF, 0xFF, 0x5F, 0x52,
    0x55, 0xD5, 0xDF, 0x55, 0x55, 0x55, 0x02, 0x00, 0x00, 0xFB, 0x0B, 0x00,
    0x00, 0x00, 0x00, 0x00, 0xC0, 0xCF, 0x00, 0x00, 0x00, 0x00, 0x00, 0x00,
    0xFC, 0x0C, 0x00, 0x00, 0x00, 0x00, 0x00, 0xC0, 0xCF, 0x00, 0x00, 0x00,
    0x00, 0x00, 0x00, 0xFC, 0x0C, 0x00, 0x00, 0x00, 0x00, 0x00, 0xC0, 0xCF,
    0x00, 0x00, 0x00, 0x00, 0x00, 0x00, 0xFC, 0x0C, 0x00, 0x00, 0x00, 0x00,
    0x00, 0xC0, 0xCF, 0x00, 0x00, 0x00, 0x00, 0x00, 0x00, 0xFC, 0x0C, 0x00,
    0x00, 0x00, 0x00, 0x00, 0xB0, 0xDF, 0x00, 0x00, 0x00, 0x00, 0x00, 0x00,
    0xF7, 0xAF, 0x55, 0x55, 0x15, 0x00, 0x00, 0x10, 0xFC, 0xFF, 0xFF, 0xFF,
    0x03, 0x00, 0x00, 0x10, 0xD9, 0xEE, 0xEE, 0x3E, 0x00, 0x00, 0x00, 0x00,
    0x10, 0x11, 0x11, 0x00, 0x00, 0x20, 0x67, 0x02, 0x20, 0x35, 0x00, 0x00,
    0xE3, 0xFF, 0x5E, 0x40, 0x9F, 0x00, 0x00, 0xF9, 0x58, 0xFE, 0xB8, 0x6F,
    0x00, 0x00, 0xFA, 0x02, 0xC3, 0xFF, 0x1B, 0x00, 0x00, 0x22, 0x01, 0x00,
    0x33, 0x00, 0x00, 0x00, 0x00, 0x00, 0x00, 0x00, 0x00, 0x00, 0x41, 0x24,
    0x00, 0x00, 0x00, 0x42, 0x04, 0xF3, 0x7F, 0x00, 0x00, 0x00, 0xF9, 0x1F,
    0xF3, 0x7F, 0x00, 0x00, 0x00, 0xF8, 0x1E, 0xF3, 0x7F, 0x00, 0x00, 0x00,
    0xF8, 0x1E, 0xF3, 0x7F, 0x00, 0x00, 0x00, 0xF8, 0x1E, 0xF3, 0x7F, 0x00,
    0x00, 0x00, 0xF8, 0x1E, 0xF3, 0x7F, 0x00, 0x00, 0x00, 0xF8, 0x1E, 0xF3,
    0x7F, 0x00, 0x00, 0x00, 0xF8, 0x1E, 0xF3, 0x7F, 0x00, 0x00, 0x00, 0xF8,
    0x1E, 0xF3, 0x7F, 0x00, 0x00, 0x00, 0xF8, 0x1E, 0xF3, 0x7F, 0x00, 0x00,
    0x00, 0xF8, 0x1E, 0xF3, 0x7F, 0x00, 0x00, 0x00, 0xF8, 0x1E, 0xF3, 0x7F,
    0x00, 0x00, 0x00, 0xF8, 0x1E, 0xF3, 0x7F, 0x00, 0x00, 0x00, 0xF8, 0x1E,
    0xF3, 0x7F, 0x00, 0x00, 0x00, 0xF8, 0x1E, 0xF3, 0x7F, 0x00, 0x00, 0x00,
    0xF8, 0x1E, 0xF2, 0x7F, 0x00, 0x00, 0x00, 0xF9, 0x1E, 0xE1, 0x9F, 0x00,
    0x00, 0x00, 0xFB, 0x0D, 0xC0, 0xEF, 0x02, 0x00, 0x30, 0xFE, 0x0B, 0x50,
    0xFF, 0x5C, 0x22, 0xD6, 0xFF, 0x04, 0x00, 0xF9, 0xFF, 0xFF, 0xFF, 0x8F,
    0x00, 0x00, 0x70, 0xFD, 0xFF, 0xCE, 0x06, 0x00, 0x00, 0x00, 0x20, 0x44,
    0x02, 0x00, 0x00, 0x00, 0x20, 0x77, 0x02, 0x20, 0x36, 0x00, 0x00, 0xE3,
    0xFF, 0x5E, 0x40, 0x9F, 0x00, 0x00, 0xF9, 0x58, 0xFE, 0xB8, 0x6F, 0x00,
    0x00, 0xFA, 0x02, 0xC3, 0xFF, 0x1B, 0x00, 0x00, 0x22, 0x01, 0x00, 0x33,
    0x00, 0x00, 0x00, 0x00, 0x00, 0x00, 0x00, 0x00, 0x00, 0x10, 0x11, 0x00,
    0x00, 0x00, 0x11, 0x01, 0xE2, 0x7E, 0x00, 0x00, 0x00, 0xE8, 0x1D, 0xF3,
    0x7F, 0x00, 0x00, 0x00, 0xF9, 0x1E, 0xF3, 0x7F, 0x00, 0x00, 0x00, 0xF8,
    0x1E, 0xF3, 0x7F, 0x00, 0x00, 0x00, 0xF8, 0x1E, 0xF3, 0x7F, 0x00, 0x00,
    0x00, 0xF8, 0x1E, 0xF3, 0x7F, 0x00, 0x00, 0x00, 0xF8, 0x1E, 0xF3, 0x7F,
    0x00, 0x00, 0x00, 0xF8, 0x1E, 0xF3, 0x7F, 0x00, 0x00, 0x00, 0xF8, 0x1E,
    0xF3, 0x7F, 0x00, 0x00, 0x00, 0xF8, 0x1E, 0xF3, 0x7F, 0x00, 0x00, 0x00,
    0xF8, 0x1E, 0xF2, 0x7F, 0x00, 0x00, 0x00, 0xF9, 0x1E, 0xE1, 0xAF, 0x00,
    0x00, 0x00, 0xFB, 0x0D, 0xC0, 0xEF, 0x03, 0x00, 0x40, 0xFF, 0x0A, 0x50,
    0xFF, 0x5D, 0x22, 0xE6, 0xFF, 0x03, 0x00, 0xF8, 0xFF, 0xFF, 0xFF, 0x7F,
    0x00, 0x00, 0x60, 0xFC, 0xFF, 0xBE, 0x04, 0x00, 0x00, 0x00, 0x20, 0x44,
    0x02, 0x00, 0x00, 0x00, 0xC8, 0xCC, 0xCC, 0xCC, 0x7C, 0x00, 0x00, 0xFC,
    0xFF, 0xFF, 0xFF, 0xAF, 0x00, 0x00, 0x75, 0x77, 0x77, 0x77, 0x47, 0x00,
    0x00, 0x00, 0x00, 0x00, 0x00, 0x00, 0x00, 0x00, 0x00, 0x00, 0x00, 0x00,
    0x00, 0x00, 0x41, 0x24, 0x00, 0x00, 0x00, 0x42, 0x04, 0xF3, 0x7F, 0x00,
    0x00, 0x00, 0xF9, 0x1F, 0xF3, 0x7F, 0x00, 0x00, 0x00, 0xF8, 0x1E, 0xF3,
    0x7F, 0x00, 0x00, 0x00, 0xF8, 0x1E, 0xF3, 0x7F, 0x00, 0x00, 0x00, 0xF8,
    0x1E, 0xF3, 0x7F, 0x00, 0x00, 0x00, 0xF8, 0x1E, 0xF3, 0x7F, 0x00, 0x00,
    0x00, 0xF8, 0x1E, 0xF3, 0x7F, 0x00, 0x00, 0x00, 0xF8, 0x1E, 0xF3, 0x7F,
    0x00, 0x00, 0x00, 0xF8, 0x1E, 0xF3, 0x7F, 0x00, 0x00, 0x00, 0xF8, 0x1E,
    0xF3, 0x7F, 0x00, 0x00, 0x00, 0xF8, 0x1E, 0xF3, 0x7F, 0x00, 0x00, 0x00,
    0xF8, 0x1E, 0xF3, 0x7F, 0x00, 0x00, 0x00, 0xF8, 0x1E, 0xF3, 0x7F, 0x00,
    0x00, 0x00, 0xF8, 0x1E, 0xF3, 0x7F, 0x00, 0x00, 0x00, 0xF8, 0x1E, 0xF3,
    0x7F, 0x00, 0x00, 0x00, 0xF8, 0x1E, 0xF2, 0x7F, 0x00, 0x00, 0x00, 0xF9,
    0x1E, 0xE1, 0x9F, 0x00, 0x00, 0x00, 0xFB, 0x0D, 0xC0, 0xEF, 0x02, 0x00,
    0x30, 0xFE, 0x0B, 0x50, 0xFF, 0x5C, 0x22, 0xD6, 0xFF, 0x04, 0x00, 0xF9,
    0xFF, 0xFF, 0xFF, 0x8F, 0x00, 0x00, 0x70, 0xFD, 0xFF, 0xCE, 0x06, 0x00,
    0x00, 0x00, 0x20, 0x44, 0x02, 0x00, 0x00, 0x00, 0xC8, 0xCC, 0xCC, 0xCC,
    0x7C, 0x00, 0x00, 0xFC, 0xFF, 0xFF, 0xFF, 0xAF, 0x00, 0x00, 0x75, 0x77,
    0x77, 0x77, 0x47, 0x00, 0x00, 0x00, 0x00, 0x00, 0x00, 0x00, 0x00, 0x00,
    0x00, 0x00, 0x00, 0x00, 0x00, 0x00, 0x10, 0x01, 0x00, 0x00, 0x00, 0x11,
    0x01, 0xE2, 0x7E, 0x00, 0x00, 0x00, 0xE8, 0x1D, 0xF3, 0x7F, 0x00, 0x00,
    0x00, 0xF9, 0x1E, 0xF3, 0x7F, 0x00, 0x00, 0x00, 0xF8, 0x1E, 0xF3, 0x7F,
    0x00, 0x00, 0x00, 0xF8, 0x1E, 0xF3, 0x7F, 0x00, 0x00, 0x00, 0xF8, 0x1E,
    0xF3, 0x7F, 0x00, 0x00, 0x00, 0xF8, 0x1E, 0xF3, 0x7F, 0x00, 0x00, 0x00,
    0xF8, 0x1E, 0xF3, 0x7F, 0x00, 0x00, 0x00, 0xF8, 0x1E, 0xF3, 0x7F, 0x00,
    0x00, 0x00, 0xF8, 0x1E, 0xF3, 0x7F, 0x00, 0x00, 0x00, 0xF8, 0x1E, 0xF2,
    0x7F, 0x00, 0x00, 0x00, 0xF9, 0x1E, 0xE1, 0xAF, 0x00, 0x00, 0x00, 0xFB,
    0x0D, 0xC0, 0xEF, 0x03, 0x00, 0x40, 0xFF, 0x0A, 0x50, 0xFF, 0x5D, 0x22,
    0xE6, 0xFF, 0x03, 0x00, 0xF8, 0xFF, 0xFF, 0xFF, 0x7F, 0x00, 0x00, 0x60,
    0xFC, 0xFF, 0xBE, 0x04, 0x00, 0x00, 0x00, 0x20, 0x44, 0x02, 0x00, 0x00,
    0x00, 0x75, 0x03, 0x00, 0x30, 0x47, 0x00, 0x00, 0xF9, 0x09, 0x00, 0xA0,
    0x8F, 0x00, 0x00, 0xF3, 0x6E, 0x21, 0xF7, 0x2F, 0x00, 0x00, 0x70, 0xFF,
    0xFF, 0xFF, 0x06, 0x00, 0x00, 0x00, 0x83, 0xBB, 0x38, 0x00, 0x00, 0x00,
    0x00, 0x00, 0x00, 0x00, 0x00, 0x00, 0x41, 0x24, 0x00, 0x00, 0x00, 0x42,
    0x04, 0xF3, 0x7F, 0x00, 0x00, 0x00, 0xF9, 0x1F, 0xF3, 0x7F, 0x00, 0x00,
    0x00, 0xF8, 0x1E, 0xF3, 0x7F, 0x00, 0x00, 0x00, 0xF8, 0x1E, 0xF3, 0x7F,
    0x00, 0x00, 0x00, 0xF8, 0x1E, 0xF3, 0x7F, 0x00, 0x00, 0x00, 0xF8, 0x1E,
    0xF3, 0x7F, 0x00, 0x00, 0x00, 0xF8, 0x1E, 0xF3, 0x7F, 0x00, 0x00, 0x00,
    0xF8, 0x1E, 0xF3, 0x7F, 0x00, 0x00, 0x00, 0xF8, 0x1E, 0xF3, 0x7F, 0x00,
    0x00, 0x00, 0xF8, 0x1E, 0xF3, 0x7F, 0x00, 0x00, 0x00, 0xF8, 0x1E, 0xF3,
    0x7F, 0x00, 0x00, 0x00, 0xF8, 0x1E, 0xF3, 0x7F, 0x00, 0x00, 0x00, 0xF8,
    0x1E, 0xF3, 0x7F, 0x00, 0x00, 0x00, 0xF8, 0x1E, 0xF3, 0x7F, 0x00, 0x00,
    0x00, 0xF8, 0x1E, 0xF3, 0x7F, 0x00, 0x00, 0x00, 0xF8, 0x1E, 0xF2, 0x7F,
    0x00, 0x00, 0x00, 0xF9, 0x1E, 0xE1, 0x9F, 0x00, 0x00, 0x00, 0xFB, 0x0D,
    0xC0, 0xEF, 0x02, 0x00, 0x30, 0xFE, 0x0B, 0x50, 0xFF, 0x5C, 0x22, 0xD6,
    0xFF, 0x04, 0x00, 0xF9, 0xFF, 0xFF, 0xFF, 0x8F, 0x00, 0x00, 0x70, 0xFD,
    0xFF, 0xCE, 0x06, 0x00, 0x00, 0x00, 0x20, 0x44, 0x02, 0x00, 0x00, 0x00,
    0xB7, 0x04, 0x00, 0x50, 0x6B, 0x00, 0x00, 0xF8, 0x0A, 0x00, 0xC0, 0x7F,
    0x00, 0x00, 0xE2, 0x9F, 0x54, 0xFA, 0x1D, 0x00, 0x00, 0x40, 0xFD, 0xFF,
    0xCF, 0x03, 0x00, 0x00, 0x00, 0x51, 0x77, 0x04, 0x00, 0x00, 0x00, 0x00,
    0x00, 0x00, 0x00, 0x00, 0x00, 0x10, 0x01, 0x00, 0x00, 0x00, 0x11, 0x01,
    0xE2, 0x7E, 0x00, 0x00, 0x00, 0xE8, 0x1D, 0xF3, 0x7F, 0x00, 0x00, 0x00,
    0xF9, 0x1E, 0xF3, 0x7F, 0x00, 0x00, 0x00, 0xF8, 0x1E, 0xF3, 0x7F, 0x00,
    0x00, 0x00, 0xF8, 0x1E, 0xF3, 0x7F, 0x00, 0x00, 0x00, 0xF8, 0x1E, 0xF3,
    0x7F, 0x00, 0x00, 0x00, 0xF8, 0x1E, 0xF3, 0x7F, 0x00, 0x00, 0x00, 0xF8,
    0x1E, 0xF3, 0x7F, 0x00, 0x00, 0x00, 0xF8, 0x1E, 0xF3, 0x7F, 0x00, 0x00,
    0x00, 0xF8, 0x1E, 0xF3, 0x7F, 0x00, 0x00, 0x00, 0xF8, 0x1E, 0xF2, 0x7F,
    0x00, 0x00, 0x00, 0xF9, 0x1E, 0xE1, 0xAF, 0x00, 0x00, 0x00, 0xFB, 0x0D,
    0xC0, 0xEF, 0x03, 0x00, 0x40, 0xFF, 0x0A, 0x50, 0xFF, 0x5D, 0x22, 0xE6,
    0xFF, 0x03, 0x00, 0xF8, 0xFF, 0xFF, 0xFF, 0x7F, 0x00, 0x00, 0x60, 0xFC,
    0xFF, 0xBE, 0x04, 0x00, 0x00, 0x00, 0x20, 0x44, 0x02, 0x00, 0x00, 0x00,
    0x00, 0x81, 0xCC, 0x07, 0x00, 0x00, 0x00, 0x10, 0xFC, 0xDC, 0xAF, 0x00,
    0x00, 0x00, 0x60, 0x8F, 0x00, 0xF9, 0x04, 0x00, 0x00, 0x80, 0x2F, 0x00,
    0xF4, 0x06, 0x00, 0x00, 0x60, 0x8F, 0x00, 0xF9, 0x04, 0x00, 0x00, 0x10,
    0xFC, 0xDD, 0xBF, 0x00, 0x00, 0x00, 0x00, 0x71, 0xBB, 0x07, 0x00, 0x00,
    0x41, 0x24, 0x00, 0x00, 0x00, 0x42, 0x04, 0xF3, 0x7F, 0x00, 0x00, 0x00,
    0xF9, 0x1F, 0xF3, 0x7F, 0x00, 0x00, 0x00, 0xF8, 0x1E, 0xF3, 0x7F, 0x00,
    0x00, 0x00, 0xF8, 0x1E, 0xF3, 0x7F, 0x00, 0x00, 0x00, 0xF8, 0x1E, 0xF3,
    0x7F, 0x00, 0x00, 0x00, 0xF8, 0x1E, 0xF3, 0x7F, 0x00, 0x00, 0x00, 0xF8,
    0x1E, 0xF3, 0x7F, 0x00, 0x00, 0x00, 0xF8, 0x1E, 0xF3, 0x7F, 0x00, 0x00,
    0x00, 0xF8, 0x1E, 0xF3, 0x7F, 0x00, 0x00, 0x00, 0xF8, 0x1E, 0xF3, 0x7F,
    0x00, 0x00, 0x00, 0xF8, 0x1E, 0xF3, 0x7F, 0x00, 0x00, 0x00, 0xF8, 0x1E,
    0xF3, 0x7F, 0x00, 0x00, 0x00, 0xF8, 0x1E, 0xF3, 0x7F, 0x00, 0x00, 0x00,
    0xF8, 0x1E, 0xF3, 0x7F, 0x00, 0x00, 0x00, 0xF8, 0x1E, 0xF3, 0x7F, 0x00,
    0x00, 0x00, 0xF8, 0x1E, 0xF2, 0x7F, 0x00, 0x00, 0x00, 0xF9, 0x1E, 0xE1,
    0x9F, 0x00, 0x00, 0x00, 0xFB, 0x0D, 0xC0, 0xEF, 0x02, 0x00, 0x30, 0xFE,
    0x0B, 0x50, 0xFF, 0x5C, 0x22, 0xD6, 0xFF, 0x04, 0x00, 0xF9, 0xFF, 0xFF,
    0xFF, 0x8F, 0x00, 0x00, 0x70, 0xFD, 0xFF, 0xCE, 0x06, 0x00, 0x00, 0x00,
    0x20, 0x44, 0x02, 0x00, 0x00, 0x00, 0x00, 0x10, 0x33, 0x01, 0x00, 0x00,
    0x00, 0x00, 0xE6, 0xFF, 0x5D, 0x00, 0x00, 0x00, 0x30, 0xDF, 0x55, 0xFE,
    0x02, 0x00, 0x00, 0x70, 0x4F, 0x00, 0xF6, 0x06, 0x00, 0x00, 0x70, 0x4F,
    0x00, 0xF5, 0x06, 0x00, 0x00, 0x30, 0xDF, 0x55, 0xFE, 0x02, 0x00, 0x00,
    0x00, 0xE6, 0xFF, 0x5E, 0x00, 0x00, 0x00, 0x00, 0x10, 0x33, 0x01, 0x00,
    0x00, 0x10, 0x01, 0x00, 0x00, 0x00, 0x11, 0x01, 0xE2, 0x7E, 0x00, 0x00,
    0x00, 0xE8, 0x1D, 0xF3, 0x7F, 0x00, 0x00, 0x00, 0xF9, 0x1E, 0xF3, 0x7F,
    0x00, 0x00, 0x00, 0xF8, 0x1E, 0xF3, 0x7F, 0x00, 0x00, 0x00, 0xF8, 0x1E,
    0xF3, 0x7F, 0x00, 0x00, 0x00, 0xF8, 0x1E, 0xF3, 0x7F, 0x00, 0x00, 0x00,
    0xF8, 0x1E, 0xF3, 0x7F, 0x00, 0x00, 0x00, 0xF8, 0x1E, 0xF3, 0x7F, 0x00,
    0x00, 0x00, 0xF8, 0x1E, 0xF3, 0x7F, 0x00, 0x00, 0x00, 0xF8, 0x1E, 0xF3,
    0x7F, 0x00, 0x00, 0x00, 0xF8, 0x1E, 0xF2, 0x7F, 0x00, 0x00, 0x00, 0xF9,
    0x1E, 0xE1, 0xAF, 0x00, 0x00, 0x00, 0xFB, 0x0D, 0xC0, 0xEF, 0x03, 0x00,
    0x40, 0xFF, 0x0A, 0x50, 0xFF, 0x5D, 0x22, 0xE6, 0xFF, 0x03, 0x00, 0xF8,
    0xFF, 0xFF, 0xFF, 0x7F, 0x00, 0x00, 0x60, 0xFC, 0xFF, 0xBE, 0x04, 0x00,
    0x00, 0x00, 0x20, 0x44, 0x02, 0x00, 0x00, 0x00, 0x00, 0x40, 0x87, 0x01,
    0x72, 0x38, 0x00, 0x00, 0xE2, 0x9F, 0x10, 0xFD, 0x1C, 0x00, 0x00, 0xFC,
    0x0A, 0xA0, 0xCF, 0x01, 0x00, 0xB1, 0xCF, 0x01, 0xF9, 0x2E, 0x00, 0x00,
    0x82, 0x27, 0x10, 0x78, 0x03, 0x00, 0x00, 0x00, 0x00, 0x00, 0x00, 0x00,
    0x00, 0x41, 0x24, 0x00, 0x00, 0x00, 0x42, 0x04, 0xF3, 0x7F, 0x00, 0x00,
    0x00, 0xF9, 0x1F, 0xF3, 0x7F, 0x00, 0x00, 0x00, 0xF8, 0x1E, 0xF3, 0x7F,
    0x00, 0x00, 0x00, 0xF8, 0x1E, 0xF3, 0x7F, 0x00, 0x00, 0x00, 0xF8, 0x1E,
    0xF3, 0x7F, 0x00, 0x00, 0x00, 0xF8, 0x1E, 0xF3, 0x7F, 0x00, 0x00, 0x00,
    0xF8, 0x1E, 0xF3, 0x7F, 0x00, 0x00, 0x00, 0xF8, 0x1E, 0xF3, 0x7F, 0x00,
    0x00, 0x00, 0xF8, 0x1E, 0xF3, 0x7F, 0x00, 0x00, 0x00, 0xF8, 0x1E, 0xF3,
    0x7F, 0x00, 0x00, 0x00, 0xF8, 0x1E, 0xF3, 0x7F, 0x00, 0x00, 0x00, 0xF8,
    0x1E, 0xF3, 0x7F, 0x00, 0x00, 0x00, 0xF8, 0x1E, 0xF3, 0x7F, 0x00, 0x00,
    0x00, 0xF8, 0x1E, 0xF3, 0x7F, 0x00, 0x00, 0x00, 0xF8, 0x1E, 0xF3, 0x7F,
    0x00, 0x00, 0x00, 0xF8, 0x1E, 0xF2, 0x7F, 0x00, 0x00, 0x00, 0xF9, 0x1E,
    0xE1, 0x9F, 0x00, 0x00, 0x00, 0xFB, 0x0D, 0xC0, 0xEF, 0x02, 0x00, 0x30,
    0xFE, 0x0B, 0x50, 0xFF, 0x5C, 0x22, 0xD6, 0xFF, 0x04, 0x00, 0xF9, 0xFF,
    0xFF, 0xFF, 0x8F, 0x00, 0x00, 0x70, 0xFD, 0xFF, 0xCE, 0x06, 0x00, 0x00,
    0x00, 0x20, 0x44, 0x02, 0x00, 0x00, 0x00, 0x00, 0x70, 0xBB, 0x02, 0xB5,
    0x3B, 0x00, 0x00, 0xF5, 0x6F, 0x30, 0xFE, 0x08, 0x00, 0x20, 0xFE, 0x07,
    0xC1, 0xAF, 0x00, 0x00, 0xD1, 0xAF, 0x10, 0xFB, 0x1C, 0x00, 0x00, 0x42,
    0x04, 0x10, 0x44, 0x01, 0x00, 0x00, 0x00, 0x00, 0x00, 0x00, 0x00, 0x00,
    0x10, 0x11, 0x00, 0x00, 0x00, 0x11, 0x01, 0xE2, 0x7E, 0x00, 0x00, 0x00,
    0xE8, 0x1D, 0xF3, 0x7F, 0x00, 0x00, 0x00, 0xF9, 0x1E, 0xF3, 0x7F, 0x00,
    0x00, 0x00, 0xF8, 0x1E, 0xF3, 0x7F, 0x00, 0x00, 0x00, 0xF8, 0x1E, 0xF3,
    0x7F, 0x00, 0x00, 0x00, 0xF8, 0x1E, 0xF3, 0x7F, 0x00, 0x00, 0x00, 0xF8,
    0x1E, 0xF3, 0x7F, 0x00, 0x00, 0x00, 0xF8, 0x1E, 0xF3, 0x7F, 0x00, 0x00,
    0x00, 0xF8, 0x1E, 0xF3, 0x7F, 0x00, 0x00, 0x00, 0xF8, 0x1E, 0xF3, 0x7F,
    0x00, 0x00, 0x00, 0xF8, 0x1E, 0xF2, 0x7F, 0x00, 0x00, 0x00, 0xF9, 0x1E,
    0xE1, 0xAF, 0x00, 0x00, 0x00, 0xFB, 0x0D, 0xC0, 0xEF, 0x03, 0x00, 0x40,
    0xFF, 0x0A, 0x50, 0xFF, 0x5D, 0x22, 0xE6, 0xFF, 0x03, 0x00, 0xF8, 0xFF,
    0xFF, 0xFF, 0x7F, 0x00, 0x00, 0x60, 0xFC, 0xFF, 0xBE, 0x04, 0x00, 0x00,
    0x00, 0x20, 0x44, 0x02, 0x00, 0x00, 0x41, 0x24, 0x00, 0x00, 0x00, 0x42,
    0x04, 0xF3, 0x7F, 0x00, 0x00, 0x00, 0xF9, 0x1F, 0xF3, 0x7F, 0x00, 0x00,
    0x00, 0xF8, 0x1E, 0xF3, 0x7F, 0x00, 0x00, 0x00, 0xF8, 0x1E, 0xF3, 0x7F,
    0x00, 0x00, 0x00, 0xF8, 0x1E, 0xF3, 0x7F, 0x00, 0x00, 0x00, 0xF8, 0x1E,
    0xF3, 0x7F, 0x00, 0x00, 0x00, 0xF8, 0x1E, 0xF3, 0x7F, 0x00, 0x00, 0x00,
    0xF8, 0x1E, 0xF3, 0x7F, 0x00, 0x00, 0x00, 0xF8, 0x1E, 0xF3, 0x7F, 0x00,
    0x00, 0x00, 0xF8, 0x1E, 0xF3, 0x7F, 0x00, 0x00, 0x00, 0xF8, 0x1E, 0xF3,
    0x7F, 0x00, 0x00, 0x00, 0xF8, 0x1E, 0xF3, 0x7F, 0x00, 0x00, 0x00, 0xF8,
    0x1E, 0xF3, 0x7F, 0x00, 0x00, 0x00, 0xF8, 0x1E, 0xF3, 0x7F, 0x00, 0x00,
    0x00, 0xF8, 0x1E, 0xF3, 0x7F, 0x00, 0x00, 0x00, 0xF8, 0x1E, 0xF2, 0x7F,
    0x00, 0x00, 0x00, 0xF9, 0x1E, 0xE1, 0x9F, 0x00, 0x00, 0x00, 0xFB, 0x0D,
    0xC0, 0xEF, 0x02, 0x00, 0x30, 0xFE, 0x0A, 0x50, 0xFF, 0x5D, 0x22, 0xD6,
    0xFF, 0x04, 0x00, 0xF9, 0xFF, 0xFF, 0xFF, 0x7F, 0x00, 0x00, 0x60, 0xFC,
    0xFF, 0xEF, 0x05, 0x00, 0x00, 0x00, 0x20, 0xE5, 0x4E, 0x00, 0x00, 0x00,
    0x00, 0x00, 0xFA, 0x07, 0x00, 0x00, 0x00, 0x00, 0x30, 0xFF, 0x02, 0x00,
    0x00, 0x00, 0x00, 0x40, 0xFF, 0x18, 0x01, 0x00, 0x00, 0x00, 0x00, 0xFB,
    0xFF, 0x7F, 0x00, 0x00, 0x00, 0x00, 0x60, 0xBA, 0x6B, 0x00, 0x10, 0x01,
    0x00, 0x00, 0x00, 0x11, 0x01, 0xE2, 0x7E, 0x00, 0x00, 0x00, 0xE8, 0x1D,
    0xF3, 0x7F, 0x00, 0x00, 0x00, 0xF9, 0x1E, 0xF3, 0x7F, 0x00, 0x00, 0x00,
    0xF8, 0x1E, 0xF3, 0x7F, 0x00, 0x00, 0x00, 0xF8, 0x1E, 0xF3, 0x7F, 0x00,
    0x00, 0x00, 0xF8, 0x1E, 0xF3, 0x7F, 0x00, 0x00, 0x00, 0xF8, 0x1E, 0xF3,
    0x7F, 0x00, 0x00, 0x00, 0xF8, 0x1E, 0xF3, 0x7F, 0x00, 0x00, 0x00, 0xF8,
    0x1E, 0xF3, 0x7F, 0x00, 0x00, 0x00, 0xF8, 0x1E, 0xF3, 0x7F, 0x00, 0x00,
    0x00, 0xF8, 0x1E, 0xF2, 0x7F, 0x00, 0x00, 0x00, 0xF9, 0x1E, 0xE1, 0x9F,
    0x00, 0x00, 0x00, 0xFB, 0x0D, 0xC0, 0xEF, 0x01, 0x00, 0x20, 0xFE, 0x0A,
    0x50, 0xFF, 0x5C, 0x22, 0xD5, 0xFF, 0x04, 0x00, 0xF9, 0xFF, 0xFF, 0xFF,
    0x7F, 0x00, 0x00, 0x60, 0xFC, 0xFF, 0xEF, 0x05, 0x00, 0x00, 0x00, 0x20,
    0xE6, 0x3E, 0x00, 0x00, 0x00, 0x00, 0x00, 0xFC, 0x05, 0x00, 0x00, 0x00,
    0x00, 0x60, 0xEF, 0x00, 0x00, 0x00, 0x00, 0x00, 0x70, 0xFF, 0x16, 0x01,
    0x00, 0x00, 0x00, 0x20, 0xFD, 0xFF, 0x5F, 0x00, 0x00, 0x00, 0x00, 0x71,
    0xBA, 0x3B, 0x00, 0x00, 0x00, 0x00, 0x50, 0x99, 0x04, 0x00, 0x00, 0x00,
    0x00, 0x00, 0x00, 0xF6, 0xFF, 0x4F, 0x00, 0x00, 0x00, 0x00, 0x00, 0x50,
    0xFF, 0xA9, 0xEF, 0x04, 0x00, 0x00, 0x00, 0x00, 0xF6, 0x9F, 0x00, 0xFA,
    0x5F, 0x00, 0x00, 0x00, 0x10, 0x87, 0x06, 0x00, 0x70, 0x78, 0x00, 0x00,
    0x00, 0x00, 0x00, 0x00, 0x00, 0x00, 0x00, 0x00, 0x00, 0x41, 0x14, 0x00,
    0x20, 0x44, 0x02, 0x00, 0x41, 0x04, 0xF2, 0x5F, 0x00, 0x70, 0xFF, 0x08,
    0x00, 0xF5, 0x1E, 0xD1, 0x6F, 0x00, 0x90, 0xFF, 0x0A, 0x00, 0xF6, 0x0C,
    0xC0, 0x8F, 0x00, 0xB0, 0xEE, 0x0C, 0x00, 0xF8, 0x0B, 0xB0, 0x9F, 0x00,
    0xD0, 0xDD, 0x0D, 0x00, 0xF9, 0x09, 0x90, 0xBF, 0x00, 0xF1, 0xBB, 0x1F,
    0x00, 0xFB, 0x07, 0x70, 0xCF, 0x00, 0xF2, 0x98, 0x2F, 0x00, 0xFC, 0x06,
    0x60, 0xDF, 0x01, 0xF4, 0x76, 0x4F, 0x10, 0xFD, 0x04, 0x40, 0xEF, 0x02,
    0xF6, 0x54, 0x6F, 0x20, 0xFF, 0x02, 0x20, 0xFF, 0x03, 0xF8, 0x33, 0x7F,
    0x30, 0xEF, 0x01, 0x10, 0xFE, 0x04, 0xFA, 0x21, 0x9F, 0x40, 0xDF, 0x00,
    0x00, 0xFD, 0x05, 0xFC, 0x10, 0xBF, 0x60, 0xBF, 0x00, 0x00, 0xFB, 0x07,
    0xDE, 0x00, 0xDE, 0x70, 0x9F, 0x00, 0x00, 0xFA, 0x18, 0xBF, 0x00, 0xFC,
    0x90, 0x8F, 0x00, 0x00, 0xF8, 0x29, 0x9F, 0x00, 0xFA, 0xA1, 0x6F, 0x00,
    0x00, 0xF6, 0x5A, 0x7F, 0x00, 0xF8, 0xB3, 0x4F, 0x00, 0x00, 0xF4, 0x7C,
    0x5F, 0x00, 0xF7, 0xC6, 0x3F, 0x00, 0x00, 0xF3, 0xAD, 0x3F, 0x00, 0xF5,
    0xD8, 0x1F, 0x00, 0x00, 0xF2, 0xCE, 0x2F, 0x00, 0xF3, 0xEB, 0x0D, 0x00,
    0x00, 0xE1, 0xEF, 0x1E, 0x00, 0xF2, 0xFE, 0x0C, 0x00, 0x00, 0xC0, 0xFF,
    0x0C, 0x00, 0xE1, 0xFF, 0x0A, 0x00, 0x00, 0xA0, 0xEE, 0x0A, 0x00, 0xC0,
    0xEE, 0x08, 0x00, 0x00, 0x10, 0x11, 0x01, 0x00, 0x10, 0x11, 0x00, 0x00,
    0x00, 0x00, 0x00, 0xD9, 0x7D, 0x00, 0x00, 0x00, 0x00, 0x00, 0x90, 0xFF,
    0xFF, 0x07, 0x00, 0x00, 0x00, 0x00, 0xF8, 0x6F, 0xF7, 0x7F, 0x00, 0x00,
    0x00, 0x90, 0xFF, 0x06, 0x70, 0xFF, 0x08, 0x00, 0x00, 0x41, 0x34, 0x00,
    0x00, 0x43, 0x04, 0x00, 0x00, 0x00, 0x00, 0x00, 0x00, 0x00, 0x00, 0x00,
    0x11, 0x00, 0x00, 0x10, 0x01, 0x00, 0x00, 0x11, 0xEA, 0x07, 0x00, 0xE6,
    0x5E, 0x00, 0x60, 0x9E, 0xF9, 0x09, 0x00, 0xF9, 0x8F, 0x00, 0x90, 0x7F,
    0xF6, 0x0B, 0x00, 0xEC, 0xBF, 0x00, 0xB0, 0x5F, 0xF4, 0x0D, 0x10, 0xCE,
    0xDC, 0x00, 0xD0, 0x3F, 0xF2, 0x2F, 0x30, 0x9F, 0xFA, 0x01, 0xF2, 0x1E,
    0xD1, 0x3F, 0x50, 0x6F, 0xF8, 0x04, 0xF3, 0x0C, 0xB0, 0x5F, 0x80, 0x3F,
    0xF5, 0x06, 0xF6, 0x09, 0x90, 0x7F, 0xB0, 0x1F, 0xF3, 0x09, 0xF8, 0x07,
    0x70, 0x9F, 0xD0, 0x0E, 0xF2, 0x0C, 0xFA, 0x04, 0x40, 0xBF, 0xF1, 0x0B,
    0xE0, 0x0E, 0xFC, 0x02, 0x20, 0xCF, 0xF4, 0x09, 0xB0, 0x3F, 0xED, 0x01,
    0x10, 0xEE, 0xF7, 0x06, 0x90, 0x6F, 0xCF, 0x00, 0x00, 0xFC, 0xFB, 0x04,
    0x60, 0xAF, 0x9F, 0x00, 0x00, 0xFA, 0xFE, 0x02, 0x40, 0xDF, 0x7F, 0x00,
    0x00, 0xF7, 0xDF, 0x00, 0x20, 0xFF, 0x4F, 0x00, 0x00, 0xE5, 0xAE, 0x00,
    0x00, 0xEC, 0x2E, 0x00, 0x00, 0x10, 0x11, 0x00, 0x00, 0x11, 0x01, 0x00,
    0x00, 0x00, 0x00, 0x95, 0x49, 0x00, 0x00, 0x00, 0x00, 0x00, 0x60, 0xFF,
    0xFF, 0x04, 0x00, 0x00, 0x00, 0x00, 0xF5, 0x9F, 0xFA, 0x4E, 0x00, 0x00,
    0x00, 0x60, 0xFF, 0x09, 0xA0, 0xFF, 0x05, 0x00, 0x00, 0x71, 0x68, 0x00,
    0x00, 0x87, 0x17, 0x00, 0x00, 0x00, 0x00, 0x00, 0x00, 0x00, 0x00, 0x00,
    0x43, 0x14, 0x00, 0x00, 0x00, 0x00, 0x41, 0x24, 0xF6, 0x6F, 0x00, 0x00,
    0x00, 0x00, 0xF6, 0x5F, 0xD0, 0xDF, 0x00, 0x00, 0x00, 0x00, 0xFD, 0x0C,
    0x60, 0xFF, 0x05, 0x00, 0x00, 0x50, 0xFF, 0x05, 0x10, 0xFD, 0x0C, 0x00,
    0x00, 0xC0, 0xCF, 0x00, 0x00, 0xF7, 0x4F, 0x00, 0x00, 0xF4, 0x5F, 0x00,
    0x00, 0xE1, 0xBF, 0x00, 0x00, 0xFB, 0x0D, 0x00, 0x00, 0x80, 0xFF, 0x03,
    0x40, 0xFF, 0x06, 0x00, 0x00, 0x10, 0xFE, 0x0A, 0xA0, 0xDF, 0x01, 0x00,
    0x00, 0x00, 0xF8, 0x2F, 0xF2, 0x7F, 0x00, 0x00, 0x00, 0x00, 0xE2, 0x8F,
    0xF9, 0x1D, 0x00, 0x00, 0x00, 0x00, 0x90, 0xEF, 0xFE, 0x07, 0x00, 0x00,
    0x00, 0x00, 0x20, 0xFF, 0xEF, 0x01, 0x00, 0x00, 0x00, 0x00, 0x00, 0xF9,
    0x8F, 0x00, 0x00, 0x00, 0x00, 0x00, 0x00, 0xF5, 0x4F, 0x00, 0x00, 0x00,
    0x00, 0x00, 0x00, 0xF5, 0x4F, 0x00, 0x00, 0x00, 0x00, 0x00, 0x00, 0xF5,
    0x4F, 0x00, 0x00, 0x00, 0x00, 0x00, 0x00, 0xF5, 0x4F, 0x00, 0x00, 0x00,
    0x00, 0x00, 0x00, 0xF5, 0x4F, 0x00, 0x00, 0x00, 0x00, 0x00, 0x00, 0xF5,
    0x4F, 0x00, 0x00, 0x00, 0x00, 0x00, 0x00, 0xF6, 0x4F, 0x00, 0x00, 0x00,
    0x00, 0x00, 0x00, 0xE5, 0x4E, 0x00, 0x00, 0x00, 0x00, 0x00, 0x00, 0x10,
    0x01, 0x00, 0x00, 0x00, 0x00, 0x00, 0x00, 0xD9, 0x7D, 0x00, 0x00, 0x00,
    0x00, 0x00, 0xF9, 0xFF, 0x7F, 0x00, 0x00, 0x00, 0x00, 0xF8, 0x6F, 0xF7,
    0x7F, 0x00, 0x00, 0x00, 0xF9, 0x6F, 0x00, 0xF7, 0x8F, 0x00, 0x00, 0x41,
    0x34, 0x00, 0x00, 0x43, 0x04, 0x00, 0x00, 0x00, 0x00, 0x00, 0x00, 0x00,
    0x00, 0x10, 0x11, 0x00, 0x00, 0x00, 0x00, 0x11, 0x11, 0xED, 0x0B, 0x00,
    0x00, 0x00, 0xB0, 0xCE, 0x90, 0xFF, 0x03, 0x00, 0x00, 0x30, 0xFF, 0x08,
    0xF3, 0x9F, 0x00, 0x00, 0x00, 0xF8, 0x3F, 0x00, 0xFC, 0x1D, 0x00, 0x00,
    0xD0, 0xBF, 0x00, 0x60, 0xFF, 0x05, 0x00, 0x40, 0xFF, 0x06, 0x00, 0xE1,
    0xBF, 0x00, 0x00, 0xF9, 0x1E, 0x00, 0x00, 0xF9, 0x2E, 0x00, 0xD1, 0xAF,
    0x00, 0x00, 0x30, 0xFF, 0x07, 0x50, 0xFF, 0x04, 0x00, 0x00, 0xC0, 0xCF,
    0x00, 0xFA, 0x0D, 0x00, 0x00, 0x00, 0xF6, 0x3F, 0xE1, 0x8F, 0x00, 0x00,
    0x00, 0x10, 0xFE, 0x58, 0xFF, 0x03, 0x00, 0x00, 0x00, 0xA0, 0xCF, 0xFB,
    0x0B, 0x00, 0x00, 0x00, 0x00, 0xF4, 0xFF, 0x6F, 0x00, 0x00, 0x00, 0x00,
    0x00, 0xFD, 0xEF, 0x01, 0x00, 0x00, 0x00, 0x00, 0x70, 0xFF, 0x0A, 0x00,
    0x00, 0x00, 0x00, 0x00, 0xF6, 0x4F, 0x00, 0x00, 0x00, 0x00, 0x00, 0xC0,
    0xDF, 0x00, 0x00, 0x00, 0x00, 0x00, 0x30, 0xFF, 0x08, 0x00, 0x00, 0x00,
    0x00, 0x00, 0xF8, 0x3F, 0x00, 0x00, 0x00, 0x00, 0x00, 0xD0, 0xCF, 0x00,
    0x00, 0x00, 0x00, 0x00, 0x50, 0xFF, 0x06, 0x00, 0x00, 0x00, 0x00, 0x00,
    0x42, 0x14, 0x00, 0x00, 0x00, 0x00, 0x00, 0x20, 0x57, 0x00, 0x00, 0x76,
    0x01, 0x00, 0x00, 0xD1, 0xFF, 0x06, 0x70, 0xFF, 0x0C, 0x00, 0x00, 0xF2,
    0xFE, 0x09, 0xB0, 0xFF, 0x1F, 0x00, 0x00, 0xB0, 0xEF, 0x04, 0x50, 0xFF,
    0x09, 0x00, 0x00, 0x00, 0x24, 0x00, 0x00, 0x32, 0x00, 0x00, 0x00, 0x00,
    0x00, 0x00, 0x00, 0x00, 0x00, 0x00, 0x43, 0x04, 0x00, 0x00, 0x00, 0x00,
    0x40, 0x24, 0xF6, 0x6F, 0x00, 0x00, 0x00, 0x00, 0xF6, 0x5F, 0xD0, 0xDF,
    0x00, 0x00, 0x00, 0x00, 0xFD, 0x0C, 0x60, 0xFF, 0x05, 0x00, 0x00, 0x50,
    0xFF, 0x05, 0x10, 0xFD, 0x0C, 0x00, 0x00, 0xC0, 0xCF, 0x00, 0x00, 0xF7,
    0x4F, 0x00, 0x00, 0xF4, 0x5F, 0x00, 0x00, 0xE1, 0xBF, 0x00, 0x00, 0xFB,
    0x0D, 0x00, 0x00, 0x80, 0xFF, 0x03, 0x40, 0xFF, 0x06, 0x00, 0x00, 0x10,
    0xFE, 0x0A, 0xA0, 0xDF, 0x01, 0x00, 0x00, 0x00, 0xF8, 0x2F, 0xF2, 0x7F,
    0x00, 0x00, 0x00, 0x00, 0xE2, 0x8F, 0xF9, 0x1D, 0x00, 0x00, 0x00, 0x00,
    0x90, 0xEF, 0xFE, 0x07, 0x00, 0x00, 0x00, 0x00, 0x20, 0xFF, 0xEF, 0x01,
    0x00, 0x00, 0x00, 0x00, 0x00, 0xF9, 0x8F, 0x00, 0x00, 0x00, 0x00, 0x00,
    0x00, 0xF5, 0x4F, 0x00, 0x00, 0x00, 0x00, 0x00, 0x00, 0xF5, 0x4F, 0x00,
    0x00, 0x00, 0x00, 0x00, 0x00, 0xF5, 0x4F, 0x00, 0x00, 0x00, 0x00, 0x00,
    0x00, 0xF5, 0x4F, 0x00, 0x00, 0x00, 0x00, 0x00, 0x00, 0xF5, 0x4F, 0x00,
    0x00, 0x00, 0x00, 0x00, 0x00, 0xF5, 0x4F, 0x00, 0x00, 0x00, 0x00, 0x00,
    0x00, 0xF6, 0x4F, 0x00, 0x00, 0x00, 0x00, 0x00, 0x00, 0xE5, 0x4E, 0x00,
    0x00, 0x00, 0x00, 0x00, 0x00, 0x10, 0x01, 0x00, 0x00, 0x00, 0x00, 0x00,
    0x00, 0x00, 0x98, 0x08, 0x00, 0x00, 0x00, 0x00, 0x70, 0xFF, 0x05, 0x00,
    0x00, 0x00, 0x00, 0xF4, 0x7F, 0x00, 0x00, 0x00, 0x00, 0x20, 0xFE, 0x0A,
    0x00, 0x00, 0x00, 0x00, 0x40, 0x78, 0x01, 0x00, 0x00, 0x00, 0x00, 0x00,
    0x00, 0x00, 0x00, 0x00, 0x41, 0x44, 0x44, 0x44, 0x44, 0x44, 0x03, 0xF3,
    0xFF, 0xFF, 0xFF, 0xFF, 0xFF, 0x0D, 0xE2, 0xEE, 0xEE, 0xEE, 0xEE, 0xFE,
    0x0D, 0x20, 0x22, 0x22, 0x22, 0x32, 0xFE, 0x0C, 0x00, 0x00, 0x00, 0x00,
    0x80, 0xFF, 0x05, 0x00, 0x00, 0x00, 0x00, 0xF3, 0xBF, 0x00, 0x00, 0x00,
    0x00, 0x00, 0xFB, 0x2E, 0x00, 0x00, 0x00, 0x00, 0x50, 0xFF, 0x08, 0x00,
    0x00, 0x00, 0x00, 0xD1, 0xDF, 0x01, 0x00, 0x00, 0x00, 0x00, 0xF7, 0x5F,
    0x00, 0x00, 0x00, 0x00, 0x20, 0xFE, 0x0B, 0x00, 0x00, 0x00, 0x00, 0xA0,
    0xFF, 0x03, 0x00, 0x00, 0x00, 0x00, 0xF4, 0x9F, 0x00, 0x00, 0x00, 0x00,
    0x00, 0xFC, 0x1E, 0x00, 0x00, 0x00, 0x00, 0x60, 0xFF, 0x06, 0x00, 0x00,
    0x00, 0x00, 0xE1, 0xCF, 0x00, 0x00, 0x00, 0x00, 0x00, 0xF8, 0x4F, 0x00,
    0x00, 0x00, 0x00, 0x30, 0xFF, 0x0A, 0x00, 0x00, 0x00, 0x00, 0xB0, 0xDF,
    0x01, 0x00, 0x00, 0x00, 0x00, 0xF4, 0xAF, 0x54, 0x55, 0x55, 0x55, 0x15,
    0xF5, 0xFF, 0xFF, 0xFF, 0xFF, 0xFF, 0x3F, 0xE4, 0xEE, 0xEE, 0xEE, 0xEE,
    0xEE, 0x3E, 0x10, 0x11, 0x11, 0x11, 0x11, 0x11, 0x01, 0x00, 0x00, 0x00,
    0x10, 0xDB, 0x0A, 0x00, 0x00, 0x00, 0x00, 0xA0, 0xFF, 0x03, 0x00, 0x00,
    0x00, 0x00, 0xF6, 0x5F, 0x00, 0x00, 0x00, 0x00, 0x40, 0xFF, 0x08, 0x00,
    0x00, 0x00, 0x00, 0x30, 0x44, 0x00, 0x00, 0x00, 0x00, 0x00, 0x00, 0x00,
    0x00, 0x00, 0x00, 0x10, 0x11, 0x11, 0x11, 0x11, 0x11, 0x01, 0xC0, 0xEE,
    0xEE, 0xEE, 0xEE, 0xEE, 0x0A, 0xE0, 0xFF, 0xFF, 0xFF, 0xFF, 0xFF, 0x0B,
    0x40, 0x55, 0x55, 0x55, 0xA4, 0xFF, 0x0A, 0x00, 0x00, 0x00, 0x00, 0xE2,
    0xEF, 0x02, 0x00, 0x00, 0x00, 0x10, 0xFD, 0x4F, 0x00, 0x00, 0x00, 0x00,
    0xB0, 0xFF, 0x06, 0x00, 0x00, 0x00, 0x00, 0xF8, 0x9F, 0x00, 0x00, 0x00,
    0x00, 0x60, 0xFF, 0x0B, 0x00, 0x00, 0x00, 0x00, 0xF3, 0xDF, 0x01, 0x00,
    0x00, 0x00, 0x10, 0xFD, 0x2E, 0x00, 0x00, 0x00, 0x00, 0xB0, 0xFF, 0x04,
    0x00, 0x00, 0x00, 0x00, 0xF9, 0x7F, 0x00, 0x00, 0x00, 0x00, 0x60, 0xFF,
    0x08, 0x00, 0x00, 0x00, 0x00, 0xE2, 0xDF, 0x55, 0x55, 0x55, 0x55, 0x05,
    0xF3, 0xFF, 0xFF, 0xFF, 0xFF, 0xFF, 0x2F, 0xE2, 0xEE, 0xEE, 0xEE, 0xEE,
    0xEE, 0x1D, 0x10, 0x11, 0x11, 0x11, 0x11, 0x11, 0x01, 0x00, 0x00, 0x10,
    0x67, 0x01, 0x00, 0x00, 0x00, 0x00, 0xC1, 0xFF, 0x0B, 0x00, 0x00, 0x00,
    0x00, 0xF2, 0xFF, 0x1F, 0x00, 0x00, 0x00, 0x00, 0xA0, 0xFF, 0x09, 0x00,
    0x00, 0x00, 0x00, 0x00, 0x33, 0x00, 0x00, 0x00, 0x00, 0x00, 0x00, 0x00,
    0x00, 0x00, 0x00, 0x41, 0x44, 0x44, 0x44, 0x44, 0x44, 0x03, 0xF3, 0xFF,
    0xFF, 0xFF, 0xFF, 0xFF, 0x0D, 0xE2, 0xEE, 0xEE, 0xEE, 0xEE, 0xFE, 0x0D,
    0x20, 0x22, 0x22, 0x22, 0x32, 0xFE, 0x0C, 0x00, 0x00, 0x00, 0x00, 0x80,
    0xFF, 0x05, 0x00, 0x00, 0x00, 0x00, 0xF3, 0xBF, 0x00, 0x00, 0x00, 0x00,
    0x00, 0xFB, 0x2E, 0x00, 0x00, 0x00, 0x00, 0x50, 0xFF, 0x08, 0x00, 0x00,
    0x00, 0x00, 0xD1, 0xDF, 0x01, 0x00, 0x00, 0x00, 0x00, 0xF7, 0x5F, 0x00,
    0x00, 0x00, 0x00, 0x20, 0xFE, 0x0B, 0x00, 0x00, 0x00, 0x00, 0xA0, 0xFF,
    0x03, 0x00, 0x00, 0x00, 0x00, 0xF4, 0x9F, 0x00, 0x00, 0x00, 0x00, 0x00,
    0xFC, 0x1E, 0x00, 0x00, 0x00, 0x00, 0x60, 0xFF, 0x06, 0x00, 0x00, 0x00,
    0x00, 0xE1, 0xCF, 0x00, 0x00, 0x00, 0x00, 0x00, 0xF8, 0x4F, 0x00, 0x00,
    0x00, 0x00, 0x30, 0xFF, 0x0A, 0x00, 0x00, 0x00, 0x00, 0xB0, 0xDF, 0x01,
    0x00, 0x00, 0x00, 0x00, 0xF4, 0xAF, 0x54, 0x55, 0x55, 0x55, 0x15, 0xF5,
    0xFF, 0xFF, 0xFF, 0xFF, 0xFF, 0x3F, 0xE4, 0xEE, 0xEE, 0xEE, 0xEE, 0xEE,
    0x3E, 0x10, 0x11, 0x11, 0x11, 0x11, 0x11, 0x01, 0x00, 0x00, 0x20, 0x67,
    0x01, 0x00, 0x00, 0x00, 0x00, 0xC1, 0xFF, 0x0B, 0x00, 0x00, 0x00, 0x00,
    0xF2, 0xFF, 0x1F, 0x00, 0x00, 0x00, 0x00, 0xA0, 0xFF, 0x09, 0x00, 0x00,
    0x00, 0x00, 0x00, 0x33, 0x00, 0x00, 0x00, 0x00, 0x00, 0x00, 0x00, 0x00,
    0x00, 0x00, 0x10, 0x11, 0x11, 0x11, 0x11, 0x11, 0x01, 0xC0, 0xEE, 0xEE,
    0xEE, 0xEE, 0xEE, 0x0A, 0xE0, 0xFF, 0xFF, 0xFF, 0xFF, 0xFF, 0x0B, 0x40,
    0x55, 0x55, 0x55, 0xA4, 0xFF, 0x0A, 0x00, 0x00, 0x00, 0x00, 0xE2, 0xEF,
    0x02, 0x00, 0x00, 0x00, 0x10, 0xFD, 0x4F, 0x00, 0x00, 0x00, 0x00, 0xB0,
    0xFF, 0x06, 0x00, 0x00, 0x00, 0x00, 0xF8, 0x9F, 0x00, 0x00, 0x00, 0x00,
    0x60, 0xFF, 0x0B, 0x00, 0x00, 0x00, 0x00, 0xF3, 0xDF, 0x01, 0x00, 0x00,
    0x00, 0x10, 0xFD, 0x2E, 0x00, 0x00, 0x00, 0x00, 0xB0, 0xFF, 0x04, 0x00,
    0x00, 0x00, 0x00, 0xF9, 0x7F, 0x00, 0x00, 0x00, 0x00, 0x60, 0xFF, 0x08,
    0x00, 0x00, 0x00, 0x00, 0xE2, 0xDF, 0x55, 0x55, 0x55, 0x55, 0x05, 0xF3,
    0xFF, 0xFF, 0xFF, 0xFF, 0xFF, 0x2F, 0xE2, 0xEE, 0xEE, 0xEE, 0xEE, 0xEE,
    0x1D, 0x10, 0x11, 0x11, 0x11, 0x11, 0x11, 0x01, 0x10, 0x98, 0x08, 0x00,
    0x81, 0x89, 0x00, 0x00, 0xF5, 0xAF, 0x10, 0xFC, 0x4F, 0x00, 0x00, 0x40,
    0xFE, 0xBA, 0xEF, 0x03, 0x00, 0x00, 0x00, 0xE4, 0xFF, 0x3E, 0x00, 0x00,
    0x00, 0x00, 0x40, 0x88, 0x03, 0x00, 0x00, 0x00, 0x00, 0x00, 0x00, 0x00,
    0x00, 0x00, 0x41, 0x44, 0x44, 0x44, 0x44, 0x44, 0x03, 0xF3, 0xFF, 0xFF,
    0xFF, 0xFF, 0xFF, 0x0D, 0xE2, 0xEE, 0xEE, 0xEE, 0xEE, 0xFE, 0x0D, 0x20,
    0x22, 0x22, 0x22, 0x32, 0xFE, 0x0C, 0x00, 0x00, 0x00, 0x00, 0x80, 0xFF,
    0x05, 0x00, 0x00, 0x00, 0x00, 0xF3, 0xBF, 0x00, 0x00, 0x00, 0x00, 0x00,
    0xFB, 0x2E, 0x00, 0x00, 0x00, 0x00, 0x50, 0xFF, 0x08, 0x00, 0x00, 0x00,
    0x00, 0xD1, 0xDF, 0x01, 0x00, 0x00, 0x00, 0x00, 0xF7, 0x5F, 0x00, 0x00,
    0x00, 0x00, 0x20, 0xFE, 0x0B, 0x00, 0x00, 0x00, 0x00, 0xA0, 0xFF, 0x03,
    0x00, 0x00, 0x00, 0x00, 0xF4, 0x9F, 0x00, 0x00, 0x00, 0x00, 0x00, 0xFC,
    0x1E, 0x00, 0x00, 0x00, 0x00, 0x60, 0xFF, 0x06, 0x00, 0x00, 0x00, 0x00,
    0xE1, 0xCF, 0x00, 0x00, 0x00, 0x00, 0x00, 0xF8, 0x4F, 0x00, 0x00, 0x00,
    0x00, 0x30, 0xFF, 0x0A, 0x00, 0x00, 0x00, 0x00, 0xB0, 0xDF, 0x01, 0x00,
    0x00, 0x00, 0x00, 0xF4, 0xAF, 0x54, 0x55, 0x55, 0x55, 0x15, 0xF5, 0xFF,
    0xFF, 0xFF, 0xFF, 0xFF, 0x3F, 0xE4, 0xEE, 0xEE, 0xEE, 0xEE, 0xEE, 0x3E,
    0x10, 0x11, 0x11, 0x11, 0x11, 0x11, 0x01, 0x00, 0x01, 0x00, 0x00, 0x00,
    0x10, 0x00, 0x10, 0xDA, 0x2B, 0x00, 0xC3, 0x9D, 0x00, 0x00, 0xD2, 0xDF,
    0x31, 0xFE, 0x1C, 0x00, 0x00, 0x20, 0xFD, 0xDD, 0xCF, 0x01, 0x00, 0x00,
    0x00, 0xD2, 0xFF, 0x1C, 0x00, 0x00, 0x00, 0x00, 0x10, 0x44, 0x01, 0x00,
    0x00, 0x00, 0x00, 0x00, 0x00, 0x00, 0x00, 0x00, 0x10, 0x11, 0x11, 0x11,
    0x11, 0x11, 0x01, 0xC0, 0xEE, 0xEE, 0xEE, 0xEE, 0xEE, 0x0A, 0xE0, 0xFF,
    0xFF, 0xFF, 0xFF, 0xFF, 0x0B, 0x40, 0x55, 0x55, 0x55, 0xA4, 0xFF, 0x0A,
    0x00, 0x00, 0x00, 0x00, 0xE2, 0xEF, 0x02, 0x00, 0x00, 0x00, 0x10, 0xFD,
    0x4F, 0x00, 0x00, 0x00, 0x00, 0xB0, 0xFF, 0x06, 0x00, 0x00, 0x00, 0x00,
    0xF8, 0x9F, 0x00, 0x00, 0x00, 0x00, 0x60, 0xFF, 0x0B, 0x00, 0x00, 0x00,
    0x00, 0xF3, 0xDF, 0x01, 0x00, 0x00, 0x00, 0x10, 0xFD, 0x2E, 0x00, 0x00,
    0x00, 0x00, 0xB0, 0xFF, 0x04, 0x00, 0x00, 0x00, 0x00, 0xF9, 0x7F, 0x00,
    0x00, 0x00, 0x00, 0x60, 0xFF, 0x08, 0x00, 0x00, 0x00, 0x00, 0xE2, 0xDF,
    0x55, 0x55, 0x55, 0x55, 0x05, 0xF3, 0xFF, 0xFF, 0xFF, 0xFF, 0xFF, 0x2F,
    0xE2, 0xEE, 0xEE, 0xEE, 0xEE, 0xEE, 0x1D, 0x10, 0x11, 0x11, 0x11, 0x11,
    0x11, 0x01, 0xC8, 0xCC, 0xCC, 0xCC, 0x7C, 0xFC, 0xFF, 0xFF, 0xFF, 0xAF,
    0x75, 0x77, 0x77, 0x77, 0x47, 0xC8, 0xCC, 0xCC, 0xCC, 0x7C, 0xFC, 0xFF,
    0xFF, 0xFF, 0xAF, 0x75, 0x77, 0x77, 0x77, 0x47, 0xC5, 0xCC, 0xCC, 0xCC,
    0xCC, 0xCC, 0x4C, 0xF7, 0xFF, 0xFF, 0xFF, 0xFF, 0xFF, 0x6F, 0x73, 0x77,
    0x77, 0x77, 0x77, 0x77, 0x27, 0xC9, 0xCC, 0xCC, 0xCC, 0xCC, 0xCC, 0xCC,
    0xCC, 0x7C, 0xFC, 0xFF, 0xFF, 0xFF, 0xFF, 0xFF, 0xFF, 0xFF, 0xBF, 0x75,
    0x77, 0x77, 0x77, 0x77, 0x77, 0x77, 0x77, 0x57, 0xC8, 0xCC, 0xCC, 0xCC,
    0x7C, 0xFC, 0xFF, 0xFF, 0xFF, 0xAF, 0x75, 0x77, 0x77, 0x77, 0x47, 0x00,
    0x43, 0x14, 0x10, 0xFE, 0x1E, 0x60, 0xFF, 0x07, 0xD0, 0xEF, 0x01, 0xF4,
    0x8F, 0x00, 0xF8, 0x4F, 0x00, 0xFA, 0x2F, 0x00, 0xF8, 0x4F, 0x00, 0xE2,
    0xCF, 0x01, 0x40, 0x87, 0x03, 0x10, 0x11, 0x00, 0x30, 0xED, 0x09, 0x00,
    0xF9, 0x4F, 0x00, 0xF4, 0x8F, 0x00, 0xF4, 0x8F, 0x00, 0xF7, 0x5F, 0x00,
    0xFD, 0x1E, 0x50, 0xFF, 0x08, 0xD0, 0xFF, 0x02, 0xB2, 0x8B, 0x00, 0x10,
    0x11, 0x00, 0x30, 0xED, 0x09, 0x00, 0xF9, 0x4F, 0x00, 0xF4, 0x8F, 0x00,
    0xF4, 0x8F, 0x00, 0xF7, 0x5F, 0x00, 0xFD, 0x1E, 0x50, 0xFF, 0x08, 0xD0,
    0xFF, 0x02, 0xB2, 0x8B, 0x00, 0x20, 0x44, 0x02, 0xD1, 0xDF, 0x02, 0xF7,
    0x5F, 0x00, 0xFA, 0x2F, 0x00, 0xF9, 0x3F, 0x00, 0xF5, 0x7F, 0x00, 0xE1,
    0xDF, 0x00, 0x80, 0xFF, 0x05, 0x20, 0xFF, 0x1D, 0x00, 0x75, 0x18, 0x00,
    0x43, 0x14, 0x00, 0x41, 0x24, 0x10, 0xFE, 0x1D, 0x00, 0xFA, 0x4F, 0x70,
    0xFF, 0x06, 0x30, 0xFF, 0x0B, 0xD1, 0xDF, 0x01, 0x90, 0xFF, 0x04, 0xF5,
    0x8F, 0x00, 0xE1, 0xCF, 0x00, 0xF9, 0x3F, 0x00, 0xF4, 0x8F, 0x00, 0xFA,
    0x2E, 0x00, 0xF6, 0x6F, 0x00, 0xF8, 0x3F, 0x00, 0xF4, 0x8F, 0x00, 0xF3,
    0xBF, 0x01, 0xC0, 0xFF, 0x02, 0x40, 0x87, 0x02, 0x20, 0x87, 0x05, 0x40,
    0x44, 0x00, 0x20, 0x44, 0x01, 0x60, 0xFF, 0x07, 0x20, 0xFE, 0x1C, 0x00,
    0xFB, 0x1E, 0x00, 0xF6, 0x6F, 0x00, 0xF8, 0x3F, 0x00, 0xF3, 0x9F, 0x00,
    0xF9, 0x3F, 0x00, 0xF4, 0x8F, 0x00, 0xFD, 0x0D, 0x00, 0xF8, 0x5F, 0x50,
    0xFF, 0x08, 0x10, 0xFD, 0x1D, 0xB0, 0xFF, 0x02, 0x60, 0xFF, 0x07, 0xF5,
    0xAF, 0x00, 0xE1, 0xFF, 0x01, 0x75, 0x28, 0x00, 0x82, 0x57, 0x00, 0x10,
    0x11, 0x00, 0x00, 0x11, 0x01, 0x00, 0xE7, 0x5E, 0x00, 0x70, 0xEE, 0x05,
    0x00, 0xFD, 0x1D, 0x00, 0xD0, 0xDF, 0x01, 0x80, 0xFF, 0x03, 0x00, 0xF8,
    0x3F, 0x00, 0xF9, 0x3F, 0x00, 0x80, 0xFF, 0x03, 0xC0, 0xEF, 0x01, 0x00,
    0xFC, 0x1E, 0x30, 0xFF, 0x0A, 0x00, 0xF3, 0xAF, 0x00, 0xFA, 0x4F, 0x00,
    0xA0, 0xFF, 0x04, 0xF3, 0xCF, 0x00, 0x30, 0xFF, 0x0C, 0x60, 0xBB, 0x04,
    0x00, 0xB6, 0x4B, 0x00, 0x20, 0x44, 0x02, 0x00, 0x44, 0x03, 0xD1, 0xDF,
    0x01, 0x90, 0xFF, 0x05, 0xF7, 0x4F, 0x00, 0xF2, 0xAF, 0x00, 0xFA, 0x2E,
    0x00, 0xF5, 0x7F, 0x00, 0xF9, 0x2F, 0x00, 0xF4, 0x8F, 0x00, 0xF6, 0x6F,
    0x00, 0xE1, 0xCF, 0x00, 0xE1, 0xCF, 0x00, 0xA0, 0xFF, 0x03, 0x90, 0xFF,
    0x04, 0x30, 0xFF, 0x0A, 0x20, 0xFF, 0x0C, 0x00, 0xFB, 0x3F, 0x00, 0x76,
    0x17, 0x00, 0x83, 0x48, 0x00, 0x10, 0x01, 0x00, 0x20, 0xEA, 0xAD, 0x02,
    0xD1, 0xFF, 0xFF, 0x1C, 0xF6, 0xFF, 0xFF, 0x4F, 0xF8, 0xFF, 0xFF, 0x6F,
    0xF6, 0xFF, 0xFF, 0x4F, 0xD1, 0xFF, 0xFF, 0x0C, 0x20, 0xEA, 0xAD, 0x01,
    0x00, 0x10, 0x01, 0x00, 0x00, 0x01, 0x00, 0x00, 0x00, 0x00, 0x10, 0x00,
    0xE8, 0x07, 0x30, 0xCD, 0x02, 0x80, 0x7E, 0xE1, 0xDF, 0x00, 0xF8, 0x6F,
    0x10, 0xFE, 0x1D, 0xFE, 0x1D, 0x70, 0xFF, 0x06, 0xE1, 0xDF, 0xE1, 0xDF,
    0x00, 0xF8, 0x6F, 0x10, 0xFE, 0x0D, 0xFB, 0x09, 0x40, 0xFF, 0x03, 0xB0,
    0xAF, 0x10, 0x03, 0x00, 0x30, 0x02, 0x00, 0x41, 0x00, 0x20, 0xBB, 0x1A,
    0x50, 0xFF, 0x0C, 0x70, 0xFF, 0x08, 0xA0, 0xFF, 0x05, 0xC0, 0xEF, 0x02,
    0xE1, 0xCF, 0x00, 0xF3, 0x9F, 0x00, 0xF6, 0x6F, 0x00, 0xE8, 0x3E, 0x00,
    0x11, 0x01, 0x00, 0x20, 0xBB, 0x0A, 0x00, 0xB7, 0x6B, 0x50, 0xFF, 0x0C,
    0x00, 0xFC, 0x5F, 0x80, 0xFF, 0x07, 0x10, 0xFD, 0x2E, 0xA0, 0xFF, 0x04,
    0x20, 0xFF, 0x0C, 0xD0, 0xEF, 0x01, 0x50, 0xFF, 0x09, 0xE2, 0xCF, 0x00,
    0x70, 0xFF, 0x06, 0xF4, 0x8F, 0x00, 0xA0, 0xFF, 0x03, 0xF7, 0x5F, 0x00,
    0xC0, 0xDF, 0x00, 0xE9, 0x2E, 0x00, 0xD1, 0xAE, 0x00, 0x11, 0x01, 0x00,
    0x10, 0x01, 0x00, 0x00, 0x00, 0x00, 0x00, 0x00, 0x00, 0x00, 0x40, 0x24,
    0x00, 0x00, 0x00, 0x00, 0x00, 0x00, 0x00, 0xF7, 0x2E, 0x00, 0x00, 0x00,
    0x00, 0x00, 0x00, 0x30, 0xFE, 0x04, 0x00, 0x00, 0x00, 0x00, 0x00, 0x00,
    0xC0, 0x9F, 0x00, 0x00, 0x00, 0x00, 0x00, 0x00, 0x00, 0xF8, 0x1D, 0x00,
    0x00, 0x00, 0x00, 0x00, 0x00, 0x40, 0xFF, 0x04, 0x00, 0x00, 0x00, 0x00,
    0x00, 0x00, 0xD1, 0x8F, 0x00, 0x00, 0x00, 0x00, 0x00, 0x00, 0x00, 0xF9,
    0x0C, 0x00, 0x00, 0x00, 0x00, 0x00, 0x00, 0x50, 0xEF, 0x03, 0x00, 0x00,
    0x00, 0x00, 0x00, 0x00, 0xD1, 0x7F, 0x00, 0x00, 0x00, 0x00, 0x00, 0x00,
    0x00, 0xFA, 0x0B, 0x00, 0x00, 0x00, 0x00, 0x00, 0x00, 0x60, 0xEF, 0x02,
    0x00, 0x00, 0x00, 0x00, 0x00, 0x00, 0xE2, 0x6F, 0x00, 0x00, 0x00, 0x00,
    0x00, 0x00, 0x00, 0xFB, 0x0A, 0x00, 0x00, 0x00, 0x00, 0x00, 0x00, 0x60,
    0xEF, 0x02, 0x00, 0x00, 0x00, 0x00, 0x00, 0x00, 0xE2, 0x5F, 0x00, 0x00,
    0x00, 0x00, 0x00, 0x00, 0x00, 0xFC, 0x0A, 0x00, 0x00, 0x00, 0x00, 0x00,
    0x00, 0x70, 0xDF, 0x01, 0x00, 0x00, 0x00, 0x00, 0x00, 0x00, 0xF3, 0x4F,
    0x00, 0x00, 0x00, 0x00, 0x00, 0x00, 0x10, 0xFC, 0x09, 0x00, 0x00, 0x00,
    0x00, 0x00, 0x00, 0x90, 0xCF, 0x01, 0x00, 0x00, 0x00, 0x00, 0x00, 0x00,
    0xE4, 0x3D, 0x00, 0x00, 0x00, 0x00, 0x00, 0x00, 0x00, 0x11, 0x01, 0x00,
    0x00, 0x00, 0x00, 0x00, 0x00, 0x00, 0x00, 0x00, 0x00, 0x52, 0x77, 0x36,
    0x00, 0x00, 0x00, 0x00, 0x80, 0xFE, 0xFF, 0xFF, 0x2B, 0x00, 0x00, 0x00,
    0xFA, 0xFF, 0xCC, 0xFE, 0xDF, 0x02, 0x00, 0x60, 0xFF, 0x3C, 0x00, 0x81,
    0xFF, 0x0A, 0x00, 0xC0, 0xEF, 0x01, 0x00, 0x00, 0xFA, 0x2E, 0x00, 0xE1,
    0xAF, 0x00, 0x00, 0x00, 0xF5, 0x5F, 0x00, 0xE2, 0x8F, 0x00, 0x00, 0x00,
    0x92, 0x49, 0x00, 0xE1, 0x8F, 0x00, 0x00, 0x00, 0x00, 0x00, 0xB2, 0xFB,
    0xDF, 0xBB, 0xBB, 0x06, 0x00, 0x00, 0xF4, 0xFF, 0xFF, 0xFF, 0xFF, 0x09,
    0x00, 0x00, 0x41, 0xE5, 0xAF, 0x44, 0x44, 0x02, 0x00, 0x00, 0x00, 0xE1,
    0x7F, 0x00, 0x00, 0x00, 0x00, 0x00, 0x10, 0xE3, 0x8F, 0x11, 0x11, 0x01,
    0x00, 0x00, 0xE3, 0xFE, 0xFF, 0xEE, 0xEE, 0x08, 0x00, 0x00, 0xE3, 0xFE,
    0xFF, 0xEE, 0xEE, 0x08, 0x00, 0x00, 0x10, 0xE3, 0x8F, 0x11, 0x11, 0x00,
    0x00, 0x00, 0x00, 0xE2, 0x8F, 0x00, 0x00, 0x00, 0xB3, 0x4B, 0x00, 0xE1,
    0xAF, 0x00, 0x00, 0x00, 0xF6, 0x5F, 0x00, 0xB0, 0xEF, 0x03, 0x00, 0x00,
    0xFC, 0x1E, 0x00, 0x50, 0xFF, 0x6D, 0x23, 0xB4, 0xFF, 0x09, 0x00, 0x00,
    0xF8, 0xFF, 0xEF, 0xFF, 0xBF, 0x01, 0x00, 0x00, 0x50, 0xEC, 0xFF, 0xDF,
    0x07, 0x00, 0x00, 0x00, 0x00, 0x20, 0x44, 0x03, 0x00, 0x00, 0x00, 0x00,
    0x00, 0xB5, 0x7B, 0x00, 0x00, 0x00, 0x00, 0x00, 0x00, 0x20, 0xFE, 0x2E,
    0x00, 0x00, 0x00, 0x00, 0x00, 0x00, 0xC1, 0xEF, 0x03, 0x00, 0x00, 0x00,
    0x00, 0x00, 0x00, 0xFA, 0x6F, 0x00, 0x00, 0x00, 0x00, 0x00, 0x00, 0x70,
    0xFF, 0x09, 0x00, 0x00, 0x00, 0x00, 0x00, 0x00, 0xF4, 0xCF, 0x01, 0x00,
    0x00, 0x00, 0x00, 0x00, 0x20, 0xFE, 0x1C, 0x00, 0x00, 0x00, 0x00, 0x00,
    0x00, 0xB1, 0xFF, 0xBC, 0xBB, 0xBB, 0xBB, 0xBB, 0xBB, 0x1B, 0xF4, 0xFF,
    0xFF, 0xFF, 0xFF, 0xFF, 0xFF, 0xFF, 0x2F, 0x80, 0xFF, 0x7B, 0x77, 0x77,
    0x77, 0x77, 0x77, 0x17, 0x00, 0xFB, 0x3D, 0x00, 0x00, 0x00, 0x00, 0x00,
    0x00, 0x00, 0xD1, 0xEF, 0x02, 0x00, 0x00, 0x00, 0x00, 0x00, 0x00, 0x40,
    0xFF, 0x0C, 0x00, 0x00, 0x00, 0x00, 0x00, 0x00, 0x00, 0xF6, 0x9F, 0x00,
    0x00, 0x00, 0x00, 0x00, 0x00, 0x00, 0x90, 0xFF, 0x06, 0x00, 0x00, 0x00,
    0x00, 0x00, 0x00, 0x10, 0xFC, 0x4F, 0x00, 0x00, 0x00, 0x00, 0x00, 0x00,
    0x00, 0x72, 0x68, 0x00, 0x00, 0x00, 0x00, 0x00, 0x00, 0x00, 0x30, 0x02,
    0x00, 0x00, 0x00, 0x00, 0x00, 0x00, 0xE4, 0x3D, 0x00, 0x00, 0x00, 0x00,
    0x00, 0x60, 0xFF, 0xEF, 0x04, 0x00, 0x00, 0x00, 0x00, 0xF7, 0xFF, 0xFF,
    0x6F, 0x00, 0x00, 0x00, 0x90, 0xFF, 0xFB, 0xBE, 0xFF, 0x08, 0x00, 0x10,
    0xFA, 0x9F, 0xF3, 0x2F, 0xFA, 0x9F, 0x00, 0xC2, 0xFF, 0x08, 0xF3, 0x2F,
    0x90, 0xFF, 0x1B, 0xF9, 0x7F, 0x00, 0xF3, 0x2F, 0x00, 0xF7, 0x7F, 0xF9,
    0x05, 0x00, 0xF3, 0x2F, 0x00, 0x60, 0x8F, 0x58, 0x00, 0x00, 0xF3, 0x2F,
    0x00, 0x00, 0x76, 0x00, 0x00, 0x00, 0xF3, 0x2F, 0x00, 0x00, 0x00, 0x00,
    0x00, 0x00, 0xF3, 0x2F, 0x00, 0x00, 0x00, 0x00, 0x00, 0x00, 0xF3, 0x2F,
    0x00, 0x00, 0x00, 0x00, 0x00, 0x00, 0xF3, 0x2F, 0x00, 0x00, 0x00, 0x00,
    0x00, 0x00, 0xF3, 0x2F, 0x00, 0x00, 0x00, 0x00, 0x00, 0x00, 0xF3, 0x2F,
    0x00, 0x00, 0x00, 0x00, 0x00, 0x00, 0xF3, 0x2F, 0x00, 0x00, 0x00, 0x00,
    0x00, 0x00, 0xF3, 0x2F, 0x00, 0x00, 0x00, 0x00, 0x00, 0x00, 0xF3, 0x2F,
    0x00, 0x00, 0x00, 0x00, 0x00, 0x00, 0xF3, 0x2F, 0x00, 0x00, 0x00, 0x00,
    0x00, 0x00, 0xF3, 0x2F, 0x00, 0x00, 0x00, 0x00, 0x00, 0x00, 0xE3, 0x2E,
    0x00, 0x00, 0x00, 0x00, 0x00, 0x00, 0x10, 0x01, 0x00, 0x00, 0x00, 0x00,
    0x00, 0x00, 0x00, 0xB8, 0x3B, 0x00, 0x00, 0x00, 0x00, 0x00, 0x00, 0x00,
    0xF3, 0xDF, 0x01, 0x00, 0x00, 0x00, 0x00, 0x00, 0x00, 0x40, 0xFF, 0x0B,
    0x00, 0x00, 0x00, 0x00, 0x00, 0x00, 0x00, 0xF8, 0x8F, 0x00, 0x00, 0x00,
    0x00, 0x00, 0x00, 0x00, 0xB0, 0xFF, 0x05, 0x00, 0x00, 0x00, 0x00, 0x00,
    0x00, 0x10, 0xFD, 0x3E, 0x00, 0x00, 0x00, 0x00, 0x00, 0x00, 0x00, 0xD2,
    0xDF, 0x01, 0xB2, 0xBB, 0xBB, 0xBB, 0xBB, 0xBB, 0xCA, 0xFF, 0x1A, 0xF3,
    0xFF, 0xFF, 0xFF, 0xFF, 0xFF, 0xFF, 0xFF, 0x3F, 0x71, 0x77, 0x77, 0x77,
    0x77, 0x77, 0xB7, 0xFF, 0x07, 0x00, 0x00, 0x00, 0x00, 0x00, 0x00, 0xE4,
    0xAF, 0x00, 0x00, 0x00, 0x00, 0x00, 0x00, 0x30, 0xFF, 0x1C, 0x00, 0x00,
    0x00, 0x00, 0x00, 0x00, 0xD1, 0xEF, 0x02, 0x00, 0x00, 0x00, 0x00, 0x00,
    0x00, 0xFA, 0x5F, 0x00, 0x00, 0x00, 0x00, 0x00, 0x00, 0x70, 0xFF, 0x08,
    0x00, 0x00, 0x00, 0x00, 0x00, 0x00, 0xF5, 0xBF, 0x00, 0x00, 0x00, 0x00,
    0x00, 0x00, 0x00, 0x86, 0x17, 0x00, 0x00, 0x00, 0x00, 0x00, 0x00, 0x41,
    0x14, 0x00, 0x00, 0x00, 0x00, 0x00, 0x00, 0xF4, 0x2F, 0x00, 0x00, 0x00,
    0x00, 0x00, 0x00, 0xF3, 0x2F, 0x00, 0x00, 0x00, 0x00, 0x00, 0x00, 0xF3,
    0x2F, 0x00, 0x00, 0x00, 0x00, 0x00, 0x00, 0xF3, 0x2F, 0x00, 0x00, 0x00,
    0x00, 0x00, 0x00, 0xF3, 0x2F, 0x00, 0x00, 0x00, 0x00, 0x00, 0x00, 0xF3,
    0x2F, 0x00, 0x00, 0x00, 0x00, 0x00, 0x00, 0xF3, 0x2F, 0x00, 0x00, 0x00,
    0x00, 0x00, 0x00, 0xF3, 0x2F, 0x00, 0x00, 0x00, 0x00, 0x00, 0x00, 0xF3,
    0x2F, 0x00, 0x00, 0x00, 0x00, 0x00, 0x00, 0xF3, 0x2F, 0x00, 0x00, 0x00,
    0x00, 0x00, 0x00, 0xF3, 0x2F, 0x00, 0x00, 0x00, 0x02, 0x00, 0x00, 0xF3,
    0x2F, 0x00, 0x00, 0x10, 0x89, 0x00, 0x00, 0xF3, 0x2F, 0x00, 0x00, 0x89,
    0xF9, 0x08, 0x00, 0xF3, 0x2F, 0x00, 0x90, 0x8F, 0xF8, 0xAF, 0x00, 0xF4,
    0x2F, 0x10, 0xFA, 0x6F, 0x90, 0xFF, 0x1B, 0xF3, 0x2F, 0xC1, 0xFF, 0x08,
    0x00, 0xF7, 0xCF, 0xF4, 0x4E, 0xFC, 0x6F, 0x00, 0x00, 0x60, 0xFF, 0xFD,
    0xDE, 0xEF, 0x05, 0x00, 0x00, 0x00, 0xE4, 0xFF, 0xFF, 0x3D, 0x00, 0x00,
    0x00, 0x00, 0x30, 0xFD, 0xCF, 0x02, 0x00, 0x00, 0x00, 0x00, 0x00, 0xC2,
    0x1B, 0x00, 0x00, 0x00, 0xC8, 0xCC, 0xCC, 0xCC, 0x7C, 0xFC, 0xFF, 0xFF,
    0xFF, 0xAF, 0x75, 0x77, 0x77, 0x77, 0x47,
};

/* The glyphs, by ascending codepoint - which is what lets the lookup bisect. */
static const struct mesh_ui_font_ui_glyph k_glyphs[] = {
    {0x0020,      0,  0,  0,  0,  0},
    {0x0021,      0,  7,  7,  6, 23},
    {0x0022,     69,  5,  7, 10, 10},
    {0x0023,    119,  2,  7, 16, 23},
    {0x0024,    303,  3,  3, 14, 31},
    {0x0025,    520,  1,  7, 18, 23},
    {0x0026,    727,  1,  7, 18, 23},
    {0x0027,    934,  8,  7,  4, 10},
    {0x0028,    954,  6,  4, 10, 29},
    {0x0029,   1099,  4,  4, 10, 29},
    {0x002A,   1244,  2, 10, 16, 16},
    {0x002B,   1372,  3, 12, 14, 15},
    {0x002C,   1477,  7, 24,  6, 10},
    {0x002D,   1507,  5, 18, 10,  3},
    {0x002E,   1522,  7, 24,  6,  6},
    {0x002F,   1540,  3,  4, 14, 29},
    {0x0030,   1743,  3,  7, 14, 23},
    {0x0031,   1904,  3,  7, 14, 23},
    {0x0032,   2065,  3,  7, 14, 23},
    {0x0033,   2226,  3,  7, 14, 23},
    {0x0034,   2387,  3,  7, 13, 23},
    {0x0035,   2537,  3,  7, 14, 23},
    {0x0036,   2698,  3,  7, 14, 23},
    {0x0037,   2859,  3,  7, 15, 23},
    {0x0038,   3032,  3,  7, 14, 23},
    {0x0039,   3193,  3,  7, 14, 23},
    {0x003A,   3354,  7, 12,  6, 18},
    {0x003B,   3408,  7, 12,  6, 22},
    {0x003C,   3474,  3, 11, 14, 16},
    {0x003D,   3586,  3, 14, 14, 11},
    {0x003E,   3663,  3, 11, 14, 16},
    {0x003F,   3775,  4,  7, 12, 23},
    {0x0040,   3913,  2,  7, 16, 28},
    {0x0041,   4137,  2,  7, 16, 23},
    {0x0042,   4321,  3,  7, 14, 23},
    {0x0043,   4482,  3,  7, 14, 23},
    {0x0044,   4643,  3,  7, 14, 23},
    {0x0045,   4804,  4,  7, 13, 23},
    {0x0046,   4954,  3,  7, 14, 23},
    {0x0047,   5115,  3,  7, 14, 23},
    {0x0048,   5276,  3,  7, 14, 23},
    {0x0049,   5437,  4,  7, 12, 23},
    {0x004A,   5575,  2,  7, 14, 23},
    {0x004B,   5736,  3,  7, 15, 23},
    {0x004C,   5909,  4,  7, 14, 23},
    {0x004D,   6070,  3,  7, 14, 23},
    {0x004E,   6231,  3,  7, 14, 23},
    {0x004F,   6392,  3,  7, 14, 23},
    {0x0050,   6553,  3,  7, 15, 23},
    {0x0051,   6726,  3,  7, 14, 28},
    {0x0052,   6922,  3,  7, 14, 23},
    {0x0053,   7083,  3,  7, 14, 23},
    {0x0054,   7244,  2,  7, 16, 23},
    {0x0055,   7428,  3,  7, 14, 23},
    {0x0056,   7589,  2,  7, 16, 23},
    {0x0057,   7773,  1,  7, 18, 23},
    {0x0058,   7980,  2,  7, 16, 23},
    {0x0059,   8164,  2,  7, 16, 23},
    {0x005A,   8348,  3,  7, 14, 23},
    {0x005B,   8509,  7,  4,  8, 29},
    {0x005C,   8625,  3,  4, 14, 29},
    {0x005D,   8828,  5,  4,  8, 29},
    {0x005E,   8944,  3,  7, 14, 13},
    {0x005F,   9035,  2, 29, 15,  4},
    {0x0060,   9065,  6,  5,  6,  6},
    {0x0061,   9083,  3, 12, 14, 18},
    {0x0062,   9209,  3,  7, 14, 23},
    {0x0063,   9370,  3, 12, 14, 18},
    {0x0064,   9496,  3,  7, 14, 23},
    {0x0065,   9657,  3, 12, 14, 18},
    {0x0066,   9783,  2,  7, 15, 23},
    {0x0067,   9956,  3, 12, 14, 23},
    {0x0068,  10117,  3,  7, 14, 23},
    {0x0069,  10278,  3,  6, 15, 24},
    {0x006A,  10458,  3,  6, 12, 29},
    {0x006B,  10632,  3,  7, 15, 23},
    {0x006C,  10805,  2,  7, 16, 23},
    {0x006D,  10989,  2, 12, 15, 18},
    {0x006E,  11124,  3, 12, 14, 18},
    {0x006F,  11250,  3, 12, 14, 18},
    {0x0070,  11376,  3, 12, 14, 23},
    {0x0071,  11537,  3, 12, 14, 23},
    {0x0072,  11698,  4, 12, 13, 18},
    {0x0073,  11815,  3, 12, 14, 18},
    {0x0074,  11941,  2,  8, 15, 22},
    {0x0075,  12106,  3, 12, 14, 18},
    {0x0076,  12232,  2, 12, 15, 18},
    {0x0077,  12367,  2, 12, 16, 18},
    {0x0078,  12511,  2, 12, 16, 18},
    {0x0079,  12655,  2, 12, 15, 23},
    {0x007A,  12828,  3, 12, 14, 18},
    {0x007B,  12954,  3,  4, 13, 29},
    {0x007C,  13143,  8,  4,  4, 29},
    {0x007D,  13201,  3,  4, 14, 29},
    {0x007E,  13404,  3, 15, 14,  7},
    {0x00A0,  13453,  0,  0,  0,  0},
    {0x00A1,  13453,  7, 12,  6, 23},
    {0x00A2,  13522,  3,  8, 14, 26},
    {0x00A3,  13704,  3,  7, 14, 23},
    {0x00A5,  13865,  2,  7, 16, 23},
    {0x00A6,  14049,  8,  4,  4, 29},
    {0x00A7,  14107,  3,  7, 14, 27},
    {0x00AB,  14296,  2, 13, 16, 15},
    {0x00AC,  14416,  4, 17, 12,  7},
    {0x00AD,  14458,  5, 18, 10,  3},
    {0x00B0,  14473,  5,  7, 10, 10},
    {0x00B1,  14523,  3, 12, 14, 18},
    {0x00B5,  14649,  3, 12, 14, 23},
    {0x00B7,  14810,  7, 16,  6,  6},
    {0x00BB,  14828,  2, 13, 16, 15},
    {0x00BF,  14948,  4, 12, 11, 23},
    {0x00C0,  15075,  2,  1, 16, 29},
    {0x00C1,  15307,  2,  1, 16, 29},
    {0x00C2,  15539,  2,  1, 16, 29},
    {0x00C3,  15771,  2,  1, 16, 29},
    {0x00C4,  16003,  2,  1, 16, 29},
    {0x00C5,  16235,  2,  0, 16, 30},
    {0x00C6,  16475,  2,  7, 16, 23},
    {0x00C7,  16659,  3,  7, 14, 28},
    {0x00C8,  16855,  4,  1, 13, 29},
    {0x00C9,  17044,  4,  1, 13, 29},
    {0x00CA,  17233,  4,  1, 13, 29},
    {0x00CB,  17422,  4,  1, 13, 29},
    {0x00CC,  17611,  4,  1, 12, 29},
    {0x00CD,  17785,  4,  1, 12, 29},
    {0x00CE,  17959,  4,  1, 12, 29},
    {0x00CF,  18133,  4,  1, 12, 29},
    {0x00D0,  18307,  1,  7, 16, 23},
    {0x00D1,  18491,  3,  1, 14, 29},
    {0x00D2,  18694,  3,  1, 14, 29},
    {0x00D3,  18897,  3,  1, 14, 29},
    {0x00D4,  19100,  3,  1, 14, 29},
    {0x00D5,  19303,  3,  1, 14, 29},
    {0x00D6,  19506,  3,  1, 14, 29},
    {0x00D7,  19709,  4, 13, 12, 12},
    {0x00D8,  19781,  2,  7, 16, 24},
    {0x00D9,  19973,  3,  1, 14, 29},
    {0x00DA,  20176,  3,  1, 14, 29},
    {0x00DB,  20379,  3,  1, 14, 29},
    {0x00DC,  20582,  3,  1, 14, 29},
    {0x00DD,  20785,  2,  1, 16, 29},
    {0x00DE,  21017,  3,  7, 15, 23},
    {0x00DF,  21190,  3,  7, 14, 23},
    {0x00E0,  21351,  3,  6, 14, 24},
    {0x00E1,  21519,  3,  6, 14, 24},
    {0x00E2,  21687,  3,  6, 14, 24},
    {0x00E3,  21855,  3,  6, 14, 24},
    {0x00E4,  22023,  3,  6, 14, 24},
    {0x00E5,  22191,  3,  4, 14, 26},
    {0x00E6,  22373,  2, 12, 16, 18},
    {0x00E7,  22517,  3, 12, 14, 23},
    {0x00E8,  22678,  3,  6, 14, 24},
    {0x00E9,  22846,  3,  6, 14, 24},
    {0x00EA,  23014,  3,  6, 14, 24},
    {0x00EB,  23182,  3,  6, 14, 24},
    {0x00EC,  23350,  3,  5, 15, 25},
    {0x00ED,  23538,  3,  5, 15, 25},
    {0x00EE,  23726,  3,  6, 15, 24},
    {0x00EF,  23906,  3,  6, 15, 24},
    {0x00F0,  24086,  3,  7, 14, 23},
    {0x00F1,  24247,  3,  6, 14, 24},
    {0x00F2,  24415,  3,  6, 14, 24},
    {0x00F3,  24583,  3,  6, 14, 24},
    {0x00F4,  24751,  3,  6, 14, 24},
    {0x00F5,  24919,  3,  6, 14, 24},
    {0x00F6,  25087,  3,  6, 14, 24},
    {0x00F7,  25255,  4, 11, 12, 17},
    {0x00F8,  25357,  2, 11, 16, 20},
    {0x00F9,  25517,  3,  6, 14, 24},
    {0x00FA,  25685,  3,  6, 14, 24},
    {0x00FB,  25853,  3,  6, 14, 24},
    {0x00FC,  26021,  3,  6, 14, 24},
    {0x00FD,  26189,  2,  6, 15, 29},
    {0x00FE,  26407,  3,  7, 14, 27},
    {0x00FF,  26596,  2,  6, 15, 29},
    {0x0100,  26814,  2,  2, 16, 28},
    {0x0101,  27038,  3,  7, 14, 23},
    {0x0102,  27199,  2,  1, 16, 29},
    {0x0103,  27431,  3,  6, 14, 24},
    {0x0104,  27599,  2,  7, 17, 29},
    {0x0105,  27846,  3, 12, 15, 23},
    {0x0106,  28019,  3,  1, 14, 29},
    {0x0107,  28222,  3,  6, 14, 24},
    {0x0108,  28390,  3,  1, 14, 29},
    {0x0109,  28593,  3,  6, 14, 24},
    {0x010A,  28761,  3,  1, 14, 29},
    {0x010B,  28964,  3,  6, 14, 24},
    {0x010C,  29132,  3,  1, 14, 29},
    {0x010D,  29335,  3,  5, 14, 25},
    {0x010E,  29510,  3,  1, 14, 29},
    {0x010F,  29713,  3,  7, 16, 23},
    {0x0110,  29897,  1,  7, 16, 23},
    {0x0111,  30081,  3,  7, 16, 23},
    {0x0112,  30265,  4,  2, 13, 28},
    {0x0113,  30447,  3,  7, 14, 23},
    {0x0114,  30608,  4,  1, 13, 29},
    {0x0115,  30797,  3,  6, 14, 24},
    {0x0116,  30965,  4,  1, 13, 29},
    {0x0117,  31154,  3,  6, 14, 24},
    {0x0118,  31322,  4,  7, 13, 29},
    {0x0119,  31511,  3, 12, 14, 23},
    {0x011A,  31672,  4,  1, 13, 29},
    {0x011B,  31861,  3,  5, 14, 25},
    {0x011C,  32036,  3,  1, 14, 29},
    {0x011D,  32239,  3,  6, 14, 29},
    {0x011E,  32442,  3,  1, 14, 29},
    {0x011F,  32645,  3,  6, 14, 29},
    {0x0120,  32848,  3,  1, 14, 29},
    {0x0121,  33051,  3,  6, 14, 29},
    {0x0122,  33254,  3,  7, 14, 29},
    {0x0123,  33457,  3,  3, 14, 32},
    {0x0124,  33681,  3,  1, 14, 29},
    {0x0125,  33884,  0,  0, 17, 30},
    {0x0128,  34139,  4,  1, 12, 29},
    {0x0129,  34313,  3,  6, 15, 24},
    {0x012A,  34493,  4,  2, 12, 28},
    {0x012B,  34661,  3,  7, 15, 23},
    {0x012C,  34834,  4,  1, 12, 29},
    {0x012D,  35008,  3,  6, 15, 24},
    {0x012E,  35188,  4,  7, 12, 29},
    {0x012F,  35362,  3,  6, 15, 30},
    {0x0130,  35587,  4,  1, 12, 29},
    {0x0131,  35761,  3, 12, 15, 18},
    {0x0134,  35896,  2,  1, 18, 29},
    {0x0135,  36157,  3,  6, 15, 29},
    {0x0136,  36375,  3,  7, 15, 29},
    {0x0137,  36593,  3,  7, 15, 29},
    {0x0139,  36811,  4,  1, 14, 29},
    {0x013A,  37014,  2,  1, 16, 29},
    {0x013B,  37246,  4,  7, 14, 29},
    {0x013C,  37449,  2,  7, 16, 29},
    {0x013D,  37681,  4,  7, 14, 23},
    {0x013E,  37842,  2,  7, 16, 23},
    {0x0141,  38026,  1,  7, 17, 23},
    {0x0142,  38222,  2,  7, 16, 23},
    {0x0143,  38406,  3,  1, 14, 29},
    {0x0144,  38609,  3,  6, 14, 24},
    {0x0145,  38777,  3,  7, 14, 29},
    {0x0146,  38980,  3, 12, 14, 24},
    {0x0147,  39148,  3,  1, 14, 29},
    {0x0148,  39351,  3,  5, 14, 25},
    {0x014C,  39526,  3,  2, 14, 28},
    {0x014D,  39722,  3,  7, 14, 23},
    {0x014E,  39883,  3,  1, 14, 29},
    {0x014F,  40086,  3,  6, 14, 24},
    {0x0150,  40254,  3,  1, 14, 29},
    {0x0151,  40457,  3,  6, 14, 24},
    {0x0152,  40625,  2,  7, 17, 23},
    {0x0153,  40821,  2, 12, 16, 18},
    {0x0154,  40965,  3,  1, 14, 29},
    {0x0155,  41168,  4,  5, 13, 25},
    {0x0156,  41331,  3,  7, 14, 29},
    {0x0157,  41534,  2, 12, 15, 24},
    {0x0158,  41714,  3,  1, 14, 29},
    {0x0159,  41917,  4,  5, 13, 25},
    {0x015A,  42080,  3,  1, 14, 29},
    {0x015B,  42283,  3,  6, 14, 24},
    {0x015C,  42451,  3,  1, 14, 29},
    {0x015D,  42654,  3,  6, 14, 24},
    {0x015E,  42822,  3,  7, 14, 28},
    {0x015F,  43018,  3, 12, 14, 23},
    {0x0160,  43179,  3,  1, 14, 29},
    {0x0161,  43382,  3,  5, 14, 25},
    {0x0162,  43557,  2,  7, 16, 28},
    {0x0163,  43781,  2,  8, 15, 27},
    {0x0164,  43984,  2,  1, 16, 29},
    {0x0165,  44216,  2,  5, 15, 25},
    {0x0168,  44404,  3,  1, 14, 29},
    {0x0169,  44607,  3,  6, 14, 24},
    {0x016A,  44775,  3,  2, 14, 28},
    {0x016B,  44971,  3,  7, 14, 23},
    {0x016C,  45132,  3,  1, 14, 29},
    {0x016D,  45335,  3,  6, 14, 24},
    {0x016E,  45503,  3,  0, 14, 30},
    {0x016F,  45713,  3,  4, 14, 26},
    {0x0170,  45895,  3,  1, 14, 29},
    {0x0171,  46098,  3,  6, 14, 24},
    {0x0172,  46266,  3,  7, 14, 28},
    {0x0173,  46462,  3, 12, 14, 23},
    {0x0174,  46623,  1,  1, 18, 29},
    {0x0175,  46884,  2,  6, 16, 24},
    {0x0176,  47076,  2,  1, 16, 29},
    {0x0177,  47308,  2,  6, 15, 29},
    {0x0178,  47526,  2,  1, 16, 29},
    {0x0179,  47758,  3,  1, 14, 29},
    {0x017A,  47961,  3,  6, 14, 24},
    {0x017B,  48129,  3,  1, 14, 29},
    {0x017C,  48332,  3,  6, 14, 24},
    {0x017D,  48500,  3,  1, 14, 29},
    {0x017E,  48703,  3,  5, 14, 25},
    {0x2002,  48878,  0,  0,  0,  0},
    {0x2003,  48878,  0,  0,  0,  0},
    {0x2007,  48878,  0,  0,  0,  0},
    {0x2008,  48878,  0,  0,  0,  0},
    {0x2009,  48878,  0,  0,  0,  0},
    {0x200A,  48878,  0,  0,  0,  0},
    {0x2010,  48878,  5, 18, 10,  3},
    {0x2011,  48893,  5, 18, 10,  3},
    {0x2013,  48908,  3, 18, 14,  3},
    {0x2014,  48929,  1, 18, 18,  3},
    {0x2015,  48956,  5, 18, 10,  3},
    {0x2018,  48971,  7,  7,  6, 10},
    {0x2019,  49001,  7,  7,  6, 10},
    {0x201A,  49031,  7, 24,  6, 10},
    {0x201B,  49061,  7,  7,  6, 10},
    {0x201C,  49091,  4,  7, 12, 10},
    {0x201D,  49151,  4,  7, 12, 10},
    {0x201E,  49211,  4, 24, 13, 10},
    {0x201F,  49276,  4,  7, 12, 10},
    {0x2022,  49336,  6, 14,  8,  9},
    {0x2026,  49372,  2, 23, 15,  7},
    {0x202F,  49425,  0,  0,  0,  0},
    {0x2032,  49425,  7,  8,  6, 10},
    {0x2033,  49455,  4,  8, 12, 10},
    {0x2044,  49515,  1,  7, 18, 23},
    {0x205F,  49722,  0,  0,  0,  0},
    {0x20AC,  49722,  1,  7, 16, 23},
    {0x2190,  49906,  1, 11, 18, 17},
    {0x2191,  50059,  2,  7, 16, 23},
    {0x2192,  50243,  1, 11, 18, 17},
    {0x2193,  50396,  2,  7, 16, 22},
    {0x2212,  50572,  5, 18, 10,  3},
    {0x3000,  50587,  0,  0,  0,  0},
};

const struct mesh_ui_font_ui_table mesh_ui_font_ui_table = {
    .pixels = k_pixels,
    .glyphs = k_glyphs,
    .count = 323,
    /* Measured off a rasterised 'H': what an icon beside the text is sized to. */
    .cap_rows = 21,
};
