/*
 * Generated by scripts/gen-icons.py from Material Symbols Rounded - do not edit by hand.
 *
 * Material Symbols is licensed under the Apache License 2.0; the licence text is in
 * licenses/Apache-2.0-MaterialSymbols.txt and covers this derived data too.
 *
 * 54 sprites of 32x32 at 16 coverage levels, 8780 runs. The icons and their glyph names
 * are include/mesh/ui/icons.def; the axes are FILL 1, GRAD 0, opsz 20, wght 500, and
 * each sprite is a 256-unit window on the 240-unit design grid, centred on it.
 */

#include "mesh/ui/icon.h"

/* (count, coverage) pairs, one run after another, icon by icon. */
static const uint8_t k_runs[] = {
    0xFF, 0x00, 0xFF, 0x00, 0xFF, 0x00, 0xFF, 0x00, 0x04, 0x00, 0x64, 0x00, 0x01, 0x01, 0x01, 0x06,
    0x0E, 0x07, 0x01, 0x04, 0x0E, 0x00, 0x01, 0x01, 0x01, 0x0C, 0x10, 0x0F, 0x01, 0x06, 0x0D, 0x00,
    0x01, 0x06, 0x11, 0x0F, 0x01, 0x0E, 0x0D, 0x00, 0x01, 0x08, 0x11, 0x0F, 0x01, 0x0E, 0x01, 0x01,
    0x0C, 0x00, 0x01, 0x07, 0x11, 0x0F, 0x01, 0x0E, 0x01, 0x01, 0x0C, 0x00, 0x01, 0x07, 0x11, 0x0F,
    0x01, 0x0E, 0x01, 0x01, 0x0C, 0x00, 0x01, 0x07, 0x11, 0x0F, 0x01, 0x0E, 0x01, 0x01, 0x01, 0x00,
    0x01, 0x02, 0x01, 0x03, 0x01, 0x02, 0x08, 0x00, 0x01, 0x07, 0x11, 0x0F, 0x01, 0x0E, 0x01, 0x01,
    0x01, 0x00, 0x01, 0x0B, 0x01, 0x0F, 0x01, 0x0E, 0x01, 0x07, 0x07, 0x00, 0x01, 0x07, 0x11, 0x0F,
    0x01, 0x0E, 0x01, 0x01, 0x01, 0x00, 0x01, 0x0B, 0x03, 0x0F, 0x01, 0x03, 0x06, 0x00, 0x01, 0x07,
    0x11, 0x0F, 0x01, 0x0E, 0x01, 0x01, 0x01, 0x00, 0x01, 0x0B, 0x03, 0x0F, 0x01, 0x06, 0x06, 0x00,
    0x01, 0x07, 0x11, 0x0F, 0x01, 0x0E, 0x01, 0x01, 0x01, 0x00, 0x01, 0x0B, 0x03, 0x0F, 0x01, 0x06,
    0x06, 0x00, 0x01, 0x07, 0x11, 0x0F, 0x01, 0x0E, 0x01, 0x01, 0x01, 0x00, 0x01, 0x0B, 0x03, 0x0F,
    0x01, 0x06, 0x06, 0x00, 0x01, 0x07, 0x11, 0x0F, 0x01, 0x0E, 0x01, 0x01, 0x01, 0x00, 0x01, 0x0B,
    0x03, 0x0F, 0x01, 0x06, 0x06, 0x00, 0x01, 0x07, 0x11, 0x0F, 0x01, 0x06, 0x02, 0x00, 0x01, 0x0B,
    0x03, 0x0F, 0x01, 0x06, 0x06, 0x00, 0x01, 0x07, 0x03, 0x0F, 0x01, 0x0E, 0x0B, 0x08, 0x01, 0x07,
    0x01, 0x04, 0x03, 0x00, 0x01, 0x0C, 0x03, 0x0F, 0x01, 0x06, 0x06, 0x00, 0x01, 0x08, 0x02, 0x0F,
    0x01, 0x0E, 0x01, 0x03, 0x0F, 0x00, 0x01, 0x03, 0x01, 0x0E, 0x03, 0x0F, 0x01, 0x06, 0x06, 0x00,
    0x01, 0x05, 0x01, 0x0F, 0x01, 0x0E, 0x01, 0x03, 0x02, 0x00, 0x01, 0x01, 0x0C, 0x04, 0x01, 0x06,
    0x01, 0x0D, 0x04, 0x0F, 0x01, 0x06, 0x07, 0x00, 0x01, 0x03, 0x01, 0x02, 0x03, 0x00, 0x01, 0x03,
    0x12, 0x0F, 0x01, 0x06, 0x0C, 0x00, 0x01, 0x03, 0x12, 0x0F, 0x01, 0x06, 0x0C, 0x00, 0x01, 0x01,
    0x01, 0x0D, 0x11, 0x0F, 0x01, 0x06, 0x0D, 0x00, 0x01, 0x02, 0x01, 0x0A, 0x0C, 0x0D, 0x04, 0x0F,
    0x01, 0x06, 0x1B, 0x00, 0x01, 0x09, 0x01, 0x0F, 0x01, 0x0E, 0x01, 0x0F, 0x01, 0x06, 0x1C, 0x00,
    0x01, 0x09, 0x02, 0x0F, 0x01, 0x04, 0x1D, 0x00, 0x02, 0x07, 0xA4, 0x00, 0x0E, 0x00, 0x01, 0x02,
    0x02, 0x05, 0x01, 0x02, 0x1B, 0x00, 0x01, 0x07, 0x01, 0x0E, 0x02, 0x0F, 0x01, 0x0E, 0x01, 0x07,
    0x19, 0x00, 0x01, 0x06, 0x06, 0x0F, 0x01, 0x06, 0x18, 0x00, 0x01, 0x0D, 0x06, 0x0F, 0x01, 0x0D,
    0x17, 0x00, 0x01, 0x01, 0x01, 0x0E, 0x06, 0x0F, 0x01, 0x0E, 0x01, 0x01, 0x17, 0x00, 0x01, 0x0D,
    0x06, 0x0F, 0x01, 0x0D, 0x18, 0x00, 0x01, 0x08, 0x06, 0x0F, 0x01, 0x08, 0x19, 0x00, 0x01, 0x0A,
    0x04, 0x0F, 0x01, 0x0A, 0x10, 0x00, 0x01, 0x01, 0x01, 0x02, 0x01, 0x01, 0x08, 0x00, 0x01, 0x04,
    0x02, 0x0E, 0x01, 0x04, 0x08, 0x00, 0x01, 0x01, 0x01, 0x02, 0x01, 0x01, 0x05, 0x00, 0x01, 0x08,
    0x01, 0x0E, 0x01, 0x0F, 0x01, 0x0E, 0x01, 0x0A, 0x01, 0x01, 0x07, 0x00, 0x02, 0x0D, 0x07, 0x00,
    0x01, 0x01, 0x01, 0x0A, 0x01, 0x0E, 0x01, 0x0F, 0x01, 0x0D, 0x01, 0x08, 0x03, 0x00, 0x01, 0x09,
    0x05, 0x0F, 0x01, 0x0C, 0x01, 0x01, 0x05, 0x00, 0x01, 0x04, 0x02, 0x0E, 0x01, 0x04, 0x05, 0x00,
    0x01, 0x01, 0x01, 0x0C, 0x05, 0x0F, 0x01, 0x08, 0x01, 0x00, 0x01, 0x03, 0x07, 0x0F, 0x01, 0x06,
    0x01, 0x00, 0x01, 0x01, 0x01, 0x00, 0x01, 0x04, 0x01, 0x0C, 0x04, 0x0F, 0x01, 0x0C, 0x01, 0x04,
    0x03, 0x00, 0x01, 0x06, 0x07, 0x0F, 0x01, 0x03, 0x01, 0x06, 0x07, 0x0F, 0x01, 0x09, 0x02, 0x00,
    0x01, 0x04, 0x08, 0x0F, 0x01, 0x04, 0x02, 0x00, 0x01, 0x09, 0x07, 0x0F, 0x01, 0x06, 0x01, 0x05,
    0x07, 0x0F, 0x01, 0x0E, 0x01, 0x07, 0x01, 0x04, 0x01, 0x0E, 0x08, 0x0F, 0x01, 0x0E, 0x01, 0x04,
    0x01, 0x07, 0x01, 0x0E, 0x07, 0x0F, 0x01, 0x05, 0x01, 0x02, 0x01, 0x0E, 0x06, 0x0F, 0x01, 0x0E,
    0x0E, 0x0F, 0x01, 0x0E, 0x06, 0x0F, 0x01, 0x0E, 0x01, 0x02, 0x01, 0x00, 0x01, 0x06, 0x05, 0x0F,
    0x01, 0x09, 0x01, 0x01, 0x01, 0x05, 0x01, 0x0D, 0x0A, 0x0F, 0x01, 0x0D, 0x01, 0x04, 0x01, 0x01,
    0x01, 0x09, 0x05, 0x0F, 0x01, 0x06, 0x03, 0x00, 0x01, 0x04, 0x01, 0x0B, 0x01, 0x0C, 0x01, 0x0B,
    0x01, 0x06, 0x03, 0x00, 0x01, 0x0C, 0x0A, 0x0F, 0x01, 0x0B, 0x03, 0x00, 0x01, 0x06, 0x01, 0x0B,
    0x01, 0x0C, 0x01, 0x0B, 0x01, 0x04, 0x0C, 0x00, 0x01, 0x0A, 0x0A, 0x0F, 0x01, 0x0B, 0x14, 0x00,
    0x01, 0x05, 0x0A, 0x0F, 0x01, 0x05, 0x15, 0x00, 0x01, 0x0B, 0x08, 0x0F, 0x01, 0x0B, 0x16, 0x00,
    0x01, 0x07, 0x08, 0x0F, 0x01, 0x07, 0x12, 0x00, 0x01, 0x01, 0x01, 0x02, 0x01, 0x00, 0x01, 0x03,
    0x01, 0x0F, 0x01, 0x0D, 0x01, 0x09, 0x01, 0x0E, 0x02, 0x0F, 0x01, 0x0E, 0x01, 0x09, 0x01, 0x0D,
    0x01, 0x0F, 0x01, 0x03, 0x01, 0x00, 0x01, 0x02, 0x01, 0x01, 0x0C, 0x00, 0x01, 0x01, 0x01, 0x0A,
    0x01, 0x0E, 0x01, 0x0F, 0x02, 0x0D, 0x01, 0x0E, 0x01, 0x03, 0x01, 0x00, 0x01, 0x02, 0x01, 0x04,
    0x01, 0x03, 0x01, 0x01, 0x01, 0x00, 0x01, 0x04, 0x01, 0x0E, 0x02, 0x0D, 0x01, 0x0F, 0x01, 0x0E,
    0x01, 0x09, 0x01, 0x01, 0x09, 0x00, 0x01, 0x01, 0x01, 0x0C, 0x05, 0x0F, 0x01, 0x0A, 0x08, 0x00,
    0x01, 0x0A, 0x05, 0x0F, 0x01, 0x0B, 0x09, 0x00, 0x01, 0x06, 0x06, 0x0F, 0x01, 0x0E, 0x01, 0x02,
    0x06, 0x00, 0x01, 0x03, 0x07, 0x0F, 0x01, 0x04, 0x08, 0x00, 0x01, 0x09, 0x07, 0x0F, 0x01, 0x05,
    0x06, 0x00, 0x01, 0x07, 0x07, 0x0F, 0x01, 0x07, 0x08, 0x00, 0x01, 0x09, 0x07, 0x0F, 0x01, 0x05,
    0x06, 0x00, 0x01, 0x07, 0x07, 0x0F, 0x01, 0x07, 0x08, 0x00, 0x01, 0x04, 0x07, 0x0F, 0x01, 0x02,
    0x06, 0x00, 0x01, 0x03, 0x07, 0x0F, 0x01, 0x03, 0x09, 0x00, 0x01, 0x09, 0x05, 0x0F, 0x01, 0x06,
    0x08, 0x00, 0x01, 0x08, 0x05, 0x0F, 0x01, 0x08, 0x0B, 0x00, 0x01, 0x06, 0x01, 0x0B, 0x01, 0x0C,
    0x01, 0x0A, 0x01, 0x04, 0x0A, 0x00, 0x01, 0x05, 0x01, 0x0B, 0x01, 0x0D, 0x01, 0x0B, 0x01, 0x05,
    0x46, 0x00, 0x6E, 0x00, 0x01, 0x01, 0x02, 0x02, 0x01, 0x01, 0x18, 0x00, 0x01, 0x01, 0x01, 0x05,
    0x01, 0x0A, 0x01, 0x0D, 0x01, 0x0E, 0x02, 0x0F, 0x01, 0x0E, 0x01, 0x0D, 0x01, 0x0A, 0x01, 0x05,
    0x01, 0x01, 0x13, 0x00, 0x01, 0x06, 0x01, 0x0D, 0x0A, 0x0F, 0x01, 0x0D, 0x01, 0x06, 0x10, 0x00,
    0x01, 0x02, 0x01, 0x0B, 0x02, 0x0F, 0x01, 0x0E, 0x01, 0x0A, 0x01, 0x06, 0x01, 0x04, 0x02, 0x03,
    0x01, 0x04, 0x01, 0x06, 0x01, 0x0A, 0x01, 0x0E, 0x02, 0x0F, 0x01, 0x0B, 0x01, 0x02, 0x0D, 0x00,
    0x01, 0x04, 0x01, 0x0E, 0x02, 0x0F, 0x01, 0x08, 0x01, 0x02, 0x08, 0x00, 0x01, 0x02, 0x01, 0x08,
    0x02, 0x0F, 0x01, 0x0E, 0x01, 0x04, 0x0B, 0x00, 0x01, 0x03, 0x01, 0x0E, 0x01, 0x0F, 0x01, 0x0D,
    0x01, 0x04, 0x02, 0x00, 0x01, 0x01, 0x01, 0x05, 0x01, 0x08, 0x02, 0x09, 0x01, 0x08, 0x01, 0x05,
    0x01, 0x01, 0x02, 0x00, 0x01, 0x04, 0x01, 0x0D, 0x01, 0x0F, 0x01, 0x0E, 0x01, 0x03, 0x09, 0x00,
    0x01, 0x01, 0x01, 0x0D, 0x01, 0x0F, 0x01, 0x0D, 0x01, 0x02, 0x02, 0x00, 0x01, 0x07, 0x01, 0x0D,
    0x06, 0x0F, 0x01, 0x0D, 0x01, 0x07, 0x02, 0x00, 0x01, 0x02, 0x01, 0x0D, 0x01, 0x0F, 0x01, 0x0D,
    0x01, 0x01, 0x08, 0x00, 0x01, 0x09, 0x01, 0x0F, 0x01, 0x0E, 0x01, 0x02, 0x01, 0x00, 0x01, 0x01,
    0x01, 0x0B, 0x02, 0x0F, 0x01, 0x0E, 0x01, 0x0B, 0x02, 0x0A, 0x01, 0x0B, 0x01, 0x0E, 0x02, 0x0F,
    0x01, 0x0B, 0x01, 0x01, 0x01, 0x00, 0x01, 0x02, 0x01, 0x0E, 0x01, 0x0F, 0x01, 0x09, 0x07, 0x00,
    0x01, 0x03, 0x02, 0x0F, 0x01, 0x06, 0x01, 0x00, 0x01, 0x01, 0x01, 0x0C, 0x02, 0x0F, 0x01, 0x09,
    0x01, 0x02, 0x04, 0x00, 0x01, 0x02, 0x01, 0x09, 0x02, 0x0F, 0x01, 0x0C, 0x01, 0x01, 0x01, 0x00,
    0x01, 0x06, 0x02, 0x0F, 0x01, 0x03, 0x06, 0x00, 0x01, 0x09, 0x01, 0x0F, 0x01, 0x0C, 0x02, 0x00,
    0x01, 0x09, 0x02, 0x0F, 0x01, 0x06, 0x08, 0x00, 0x01, 0x06, 0x02, 0x0F, 0x01, 0x09, 0x02, 0x00,
    0x01, 0x0C, 0x01, 0x0F, 0x01, 0x09, 0x05, 0x00, 0x01, 0x01, 0x01, 0x0E, 0x01, 0x0F, 0x01, 0x06,
    0x01, 0x00, 0x01, 0x03, 0x02, 0x0F, 0x01, 0x07, 0x0A, 0x00, 0x01, 0x07, 0x02, 0x0F, 0x01, 0x03,
    0x01, 0x00, 0x01, 0x06, 0x01, 0x0F, 0x01, 0x0E, 0x01, 0x01, 0x04, 0x00, 0x01, 0x04, 0x01, 0x0F,
    0x01, 0x0E, 0x01, 0x02, 0x01, 0x00, 0x01, 0x09, 0x01, 0x0F, 0x01, 0x0C, 0x04, 0x00, 0x01, 0x05,
    0x01, 0x0A, 0x01, 0x0B, 0x01, 0x06, 0x04, 0x00, 0x01, 0x0C, 0x01, 0x0F, 0x01, 0x09, 0x01, 0x00,
    0x01, 0x02, 0x01, 0x0E, 0x01, 0x0F, 0x01, 0x04, 0x04, 0x00, 0x01, 0x07, 0x01, 0x0F, 0x01, 0x0C,
    0x02, 0x00, 0x01, 0x0C, 0x01, 0x0F, 0x01, 0x07, 0x03, 0x00, 0x01, 0x07, 0x04, 0x0F, 0x01, 0x08,
    0x03, 0x00, 0x01, 0x07, 0x01, 0x0F, 0x01, 0x0C, 0x02, 0x00, 0x01, 0x0D, 0x01, 0x0F, 0x01, 0x07,
    0x04, 0x00, 0x01, 0x07, 0x01, 0x0F, 0x01, 0x0A, 0x01, 0x00, 0x01, 0x01, 0x01, 0x0E, 0x01, 0x0F,
    0x01, 0x03, 0x02, 0x00, 0x01, 0x01, 0x01, 0x0E, 0x05, 0x0F, 0x01, 0x02, 0x02, 0x00, 0x01, 0x03,
    0x01, 0x0F, 0x01, 0x0E, 0x01, 0x01, 0x01, 0x00, 0x01, 0x0A, 0x01, 0x0F, 0x01, 0x07, 0x04, 0x00,
    0x01, 0x01, 0x01, 0x06, 0x01, 0x02, 0x02, 0x00, 0x01, 0x04, 0x01, 0x05, 0x03, 0x00, 0x01, 0x02,
    0x06, 0x0F, 0x01, 0x04, 0x03, 0x00, 0x01, 0x05, 0x01, 0x04, 0x02, 0x00, 0x01, 0x02, 0x01, 0x06,
    0x01, 0x01, 0x0E, 0x00, 0x01, 0x01, 0x01, 0x0D, 0x05, 0x0F, 0x01, 0x02, 0x19, 0x00, 0x01, 0x05,
    0x04, 0x0F, 0x01, 0x06, 0x1B, 0x00, 0x01, 0x05, 0x02, 0x0F, 0x01, 0x07, 0x1C, 0x00, 0x01, 0x04,
    0x02, 0x0F, 0x01, 0x05, 0x1C, 0x00, 0x01, 0x04, 0x02, 0x0F, 0x01, 0x05, 0x1C, 0x00, 0x01, 0x05,
    0x02, 0x0F, 0x01, 0x07, 0x1B, 0x00, 0x01, 0x03, 0x01, 0x0E, 0x02, 0x0F, 0x01, 0x0E, 0x01, 0x05,
    0x19, 0x00, 0x01, 0x03, 0x01, 0x0E, 0x05, 0x0F, 0x01, 0x05, 0x17, 0x00, 0x01, 0x03, 0x01, 0x0E,
    0x02, 0x0F, 0x01, 0x07, 0x01, 0x06, 0x03, 0x0F, 0x01, 0x05, 0x16, 0x00, 0x01, 0x0D, 0x02, 0x0F,
    0x01, 0x08, 0x02, 0x00, 0x01, 0x06, 0x03, 0x0F, 0x01, 0x01, 0x15, 0x00, 0x01, 0x0B, 0x01, 0x0F,
    0x01, 0x07, 0x04, 0x00, 0x01, 0x06, 0x01, 0x0F, 0x01, 0x0C, 0x01, 0x01, 0x16, 0x00, 0x01, 0x02,
    0x06, 0x00, 0x01, 0x02, 0x01, 0x01, 0x4B, 0x00, 0xCD, 0x00, 0x01, 0x01, 0x01, 0x03, 0x02, 0x04,
    0x01, 0x03, 0x01, 0x01, 0x17, 0x00, 0x01, 0x01, 0x01, 0x06, 0x01, 0x0B, 0x01, 0x0E, 0x04, 0x0F,
    0x01, 0x0E, 0x01, 0x0B, 0x01, 0x06, 0x01, 0x01, 0x13, 0x00, 0x01, 0x06, 0x01, 0x0D, 0x0A, 0x0F,
    0x01, 0x0D, 0x01, 0x06, 0x10, 0x00, 0x01, 0x01, 0x01, 0x0A, 0x0E, 0x0F, 0x01, 0x0A, 0x01, 0x01,
    0x0D, 0x00, 0x01, 0x01, 0x01, 0x0C, 0x10, 0x0F, 0x01, 0x0B, 0x01, 0x01, 0x0C, 0x00, 0x01, 0x0A,
    0x0E, 0x0F, 0x01, 0x0C, 0x01, 0x0D, 0x02, 0x0F, 0x01, 0x0A, 0x0B, 0x00, 0x01, 0x06, 0x0E, 0x0F,
    0x01, 0x08, 0x01, 0x00, 0x01, 0x08, 0x01, 0x0F, 0x01, 0x0E, 0x01, 0x0F, 0x01, 0x06, 0x09, 0x00,
    0x01, 0x01, 0x01, 0x0E, 0x0C, 0x0F, 0x01, 0x0C, 0x01, 0x03, 0x01, 0x00, 0x01, 0x02, 0x01, 0x0E,
    0x03, 0x0F, 0x01, 0x0E, 0x01, 0x01, 0x08, 0x00, 0x01, 0x06, 0x0C, 0x0F, 0x01, 0x08, 0x03, 0x00,
    0x01, 0x0C, 0x05, 0x0F, 0x01, 0x06, 0x08, 0x00, 0x01, 0x0B, 0x0A, 0x0F, 0x01, 0x0C, 0x01, 0x04,
    0x03, 0x00, 0x01, 0x07, 0x06, 0x0F, 0x01, 0x0B, 0x07, 0x00, 0x01, 0x01, 0x01, 0x0E, 0x09, 0x0F,
    0x01, 0x09, 0x01, 0x01, 0x03, 0x00, 0x01, 0x03, 0x07, 0x0F, 0x01, 0x0E, 0x01, 0x01, 0x06, 0x00,
    0x01, 0x03, 0x09, 0x0F, 0x01, 0x0C, 0x05, 0x00, 0x01, 0x0C, 0x08, 0x0F, 0x01, 0x03, 0x06, 0x00,
    0x01, 0x04, 0x09, 0x0F, 0x01, 0x0C, 0x04, 0x00, 0x01, 0x07, 0x09, 0x0F, 0x01, 0x04, 0x06, 0x00,
    0x01, 0x04, 0x0A, 0x0F, 0x01, 0x04, 0x02, 0x00, 0x01, 0x03, 0x0A, 0x0F, 0x01, 0x04, 0x06, 0x00,
    0x01, 0x03, 0x0A, 0x0F, 0x01, 0x0E, 0x01, 0x09, 0x01, 0x08, 0x01, 0x0E, 0x0A, 0x0F, 0x01, 0x03,
    0x06, 0x00, 0x01, 0x01, 0x01, 0x0E, 0x16, 0x0F, 0x01, 0x0E, 0x01, 0x01, 0x07, 0x00, 0x01, 0x0B,
    0x16, 0x0F, 0x01, 0x0B, 0x08, 0x00, 0x01, 0x05, 0x16, 0x0F, 0x01, 0x05, 0x09, 0x00, 0x01, 0x0A,
    0x14, 0x0F, 0x01, 0x0A, 0x0B, 0x00, 0x01, 0x03, 0x12, 0x04, 0x01, 0x03, 0xC6, 0x00, 0x6E, 0x00,
    0x01, 0x03, 0x03, 0x04, 0x1B, 0x00, 0x01, 0x09, 0x04, 0x0F, 0x01, 0x0A, 0x19, 0x00, 0x01, 0x01,
    0x01, 0x0E, 0x04, 0x0F, 0x01, 0x0E, 0x01, 0x01, 0x18, 0x00, 0x01, 0x02, 0x06, 0x0F, 0x01, 0x02,
    0x13, 0x00, 0x01, 0x01, 0x03, 0x00, 0x01, 0x02, 0x01, 0x09, 0x06, 0x0F, 0x01, 0x09, 0x01, 0x02,
    0x03, 0x00, 0x01, 0x01, 0x0D, 0x00, 0x01, 0x0B, 0x01, 0x0E, 0x01, 0x0C, 0x02, 0x06, 0x01, 0x0E,
    0x08, 0x0F, 0x01, 0x0E, 0x01, 0x07, 0x01, 0x06, 0x01, 0x0B, 0x01, 0x0E, 0x01, 0x0B, 0x0B, 0x00,
    0x01, 0x06, 0x14, 0x0F, 0x01, 0x06, 0x09, 0x00, 0x01, 0x01, 0x01, 0x0E, 0x14, 0x0F, 0x01, 0x0E,
    0x01, 0x01, 0x08, 0x00, 0x01, 0x07, 0x09, 0x0F, 0x01, 0x0B, 0x02, 0x08, 0x01, 0x0B, 0x09, 0x0F,
    0x01, 0x07, 0x08, 0x00, 0x01, 0x05, 0x07, 0x0F, 0x01, 0x0E, 0x01, 0x05, 0x04, 0x00, 0x01, 0x04,
    0x01, 0x0E, 0x07, 0x0F, 0x01, 0x05, 0x09, 0x00, 0x01, 0x06, 0x06, 0x0F, 0x01, 0x04, 0x06, 0x00,
    0x01, 0x04, 0x06, 0x0F, 0x01, 0x06, 0x0B, 0x00, 0x01, 0x06, 0x04, 0x0F, 0x01, 0x0B, 0x08, 0x00,
    0x01, 0x0B, 0x04, 0x0F, 0x01, 0x05, 0x0C, 0x00, 0x01, 0x03, 0x04, 0x0F, 0x01, 0x08, 0x08, 0x00,
    0x01, 0x08, 0x04, 0x0F, 0x01, 0x03, 0x0C, 0x00, 0x01, 0x03, 0x04, 0x0F, 0x01, 0x08, 0x08, 0x00,
    0x01, 0x08, 0x04, 0x0F, 0x01, 0x03, 0x0C, 0x00, 0x01, 0x06, 0x04, 0x0F, 0x01, 0x0B, 0x08, 0x00,
    0x01, 0x0B, 0x04, 0x0F, 0x01, 0x05, 0x0B, 0x00, 0x01, 0x06, 0x06, 0x0F, 0x01, 0x04, 0x06, 0x00,
    0x01, 0x04, 0x06, 0x0F, 0x01, 0x06, 0x09, 0x00, 0x01, 0x05, 0x07, 0x0F, 0x01, 0x0E, 0x01, 0x05,
    0x04, 0x00, 0x01, 0x04, 0x01, 0x0E, 0x07, 0x0F, 0x01, 0x05, 0x08, 0x00, 0x01, 0x07, 0x09, 0x0F,
    0x01, 0x0B, 0x02, 0x08, 0x01, 0x0B, 0x09, 0x0F, 0x01, 0x07, 0x08, 0x00, 0x01, 0x01, 0x01, 0x0E,
    0x14, 0x0F, 0x01, 0x0E, 0x01, 0x01, 0x09, 0x00, 0x01, 0x06, 0x14, 0x0F, 0x01, 0x06, 0x0B, 0x00,
    0x01, 0x0B, 0x01, 0x0E, 0x01, 0x0C, 0x02, 0x06, 0x01, 0x0E, 0x08, 0x0F, 0x01, 0x0E, 0x02, 0x06,
    0x01, 0x0B, 0x01, 0x0E, 0x01, 0x0B, 0x0D, 0x00, 0x01, 0x02, 0x03, 0x00, 0x01, 0x02, 0x01, 0x09,
    0x06, 0x0F, 0x01, 0x0A, 0x01, 0x02, 0x03, 0x00, 0x01, 0x02, 0x13, 0x00, 0x01, 0x02, 0x06, 0x0F,
    0x01, 0x02, 0x18, 0x00, 0x01, 0x01, 0x01, 0x0E, 0x04, 0x0F, 0x01, 0x0E, 0x01, 0x01, 0x19, 0x00,
    0x01, 0x09, 0x04, 0x0F, 0x01, 0x0A, 0x1B, 0x00, 0x04, 0x04, 0x6E, 0x00, 0xAA, 0x00, 0x01, 0x03,
    0x01, 0x08, 0x01, 0x09, 0x01, 0x06, 0x01, 0x02, 0x09, 0x00, 0x01, 0x02, 0x01, 0x05, 0x01, 0x01,
    0x0C, 0x00, 0x01, 0x03, 0x01, 0x08, 0x01, 0x0C, 0x04, 0x0F, 0x01, 0x0E, 0x01, 0x0B, 0x01, 0x07,
    0x01, 0x03, 0x03, 0x00, 0x01, 0x02, 0x01, 0x06, 0x01, 0x0B, 0x02, 0x0F, 0x01, 0x09, 0x0A, 0x00,
    0x01, 0x03, 0x01, 0x0C, 0x0B, 0x0F, 0x01, 0x0D, 0x01, 0x09, 0x01, 0x0B, 0x05, 0x0F, 0x01, 0x0B,
    0x0A, 0x00, 0x01, 0x0B, 0x07, 0x0F, 0x02, 0x09, 0x01, 0x0D, 0x0A, 0x0F, 0x01, 0x0B, 0x0A, 0x00,
    0x01, 0x0B, 0x07, 0x0F, 0x01, 0x05, 0x01, 0x00, 0x01, 0x01, 0x01, 0x04, 0x01, 0x08, 0x01, 0x0C,
    0x07, 0x0F, 0x01, 0x0B, 0x0A, 0x00, 0x01, 0x0B, 0x07, 0x0F, 0x01, 0x06, 0x04, 0x00, 0x01, 0x05,
    0x07, 0x0F, 0x01, 0x0B, 0x0A, 0x00, 0x01, 0x0B, 0x07, 0x0F, 0x01, 0x06, 0x04, 0x00, 0x01, 0x06,
    0x07, 0x0F, 0x01, 0x0B, 0x0A, 0x00, 0x01, 0x0B, 0x07, 0x0F, 0x01, 0x06, 0x04, 0x00, 0x01, 0x06,
    0x07, 0x0F, 0x01, 0x0B, 0x0A, 0x00, 0x01, 0x0B, 0x07, 0x0F, 0x01, 0x06, 0x04, 0x00, 0x01, 0x06,
    0x07, 0x0F, 0x01, 0x0B, 0x0A, 0x00, 0x01, 0x0B, 0x07, 0x0F, 0x01, 0x06, 0x04, 0x00, 0x01, 0x06,
    0x07, 0x0F, 0x01, 0x0B, 0x0A, 0x00, 0x01, 0x0B, 0x07, 0x0F, 0x01, 0x06, 0x04, 0x00, 0x01, 0x06,
    0x07, 0x0F, 0x01, 0x0B, 0x0A, 0x00, 0x01, 0x0B, 0x07, 0x0F, 0x01, 0x06, 0x04, 0x00, 0x01, 0x06,
    0x07, 0x0F, 0x01, 0x0B, 0x0A, 0x00, 0x01, 0x0B, 0x07, 0x0F, 0x01, 0x06, 0x04, 0x00, 0x01, 0x06,
    0x07, 0x0F, 0x01, 0x0B, 0x0A, 0x00, 0x01, 0x0B, 0x07, 0x0F, 0x01, 0x06, 0x04, 0x00, 0x01, 0x06,
    0x07, 0x0F, 0x01, 0x0B, 0x0A, 0x00, 0x01, 0x0B, 0x07, 0x0F, 0x01, 0x06, 0x04, 0x00, 0x01, 0x06,
    0x07, 0x0F, 0x01, 0x0B, 0x0A, 0x00, 0x01, 0x0B, 0x07, 0x0F, 0x01, 0x06, 0x04, 0x00, 0x01, 0x06,
    0x07, 0x0F, 0x01, 0x0B, 0x0A, 0x00, 0x01, 0x0B, 0x07, 0x0F, 0x01, 0x05, 0x04, 0x00, 0x01, 0x06,
    0x07, 0x0F, 0x01, 0x0B, 0x0A, 0x00, 0x01, 0x0B, 0x07, 0x0F, 0x01, 0x0C, 0x01, 0x08, 0x01, 0x03,
    0x01, 0x01, 0x01, 0x00, 0x01, 0x05, 0x07, 0x0F, 0x01, 0x0B, 0x0A, 0x00, 0x01, 0x0B, 0x0A, 0x0F,
    0x01, 0x0D, 0x02, 0x09, 0x07, 0x0F, 0x01, 0x0B, 0x0A, 0x00, 0x01, 0x0B, 0x05, 0x0F, 0x01, 0x0B,
    0x01, 0x09, 0x01, 0x0D, 0x0B, 0x0F, 0x01, 0x0C, 0x01, 0x03, 0x0A, 0x00, 0x01, 0x09, 0x02, 0x0F,
    0x01, 0x0B, 0x01, 0x06, 0x01, 0x02, 0x03, 0x00, 0x01, 0x03, 0x01, 0x07, 0x01, 0x0B, 0x01, 0x0E,
    0x04, 0x0F, 0x01, 0x0C, 0x01, 0x08, 0x01, 0x03, 0x0C, 0x00, 0x01, 0x01, 0x01, 0x05, 0x01, 0x02,
    0x09, 0x00, 0x01, 0x02, 0x01, 0x06, 0x01, 0x09, 0x01, 0x08, 0x01, 0x03, 0xAA, 0x00, 0xFF, 0x00,
    0x0D, 0x00, 0x02, 0x02, 0x1D, 0x00, 0x01, 0x03, 0x01, 0x0F, 0x01, 0x0E, 0x01, 0x04, 0x1C, 0x00,
    0x01, 0x04, 0x03, 0x0F, 0x01, 0x04, 0x1C, 0x00, 0x01, 0x07, 0x03, 0x0F, 0x01, 0x04, 0x1C, 0x00,
    0x01, 0x07, 0x03, 0x0F, 0x01, 0x04, 0x1C, 0x00, 0x01, 0x07, 0x03, 0x0F, 0x01, 0x04, 0x1C, 0x00,
    0x01, 0x07, 0x03, 0x0F, 0x01, 0x04, 0x1C, 0x00, 0x01, 0x06, 0x02, 0x0F, 0x01, 0x0E, 0x01, 0x02,
    0x1B, 0x00, 0x01, 0x06, 0x02, 0x0F, 0x01, 0x0E, 0x01, 0x02, 0x1A, 0x00, 0x01, 0x06, 0x03, 0x0F,
    0x01, 0x04, 0x1A, 0x00, 0x01, 0x06, 0x03, 0x0F, 0x01, 0x04, 0x1A, 0x00, 0x01, 0x06, 0x03, 0x0F,
    0x01, 0x04, 0x1A, 0x00, 0x01, 0x06, 0x03, 0x0F, 0x01, 0x04, 0x1A, 0x00, 0x01, 0x03, 0x03, 0x0F,
    0x01, 0x04, 0x1B, 0x00, 0x01, 0x03, 0x02, 0x0E, 0x01, 0x04, 0x1D, 0x00, 0x02, 0x02, 0xFF, 0x00,
    0x13, 0x00, 0xEE, 0x00, 0x01, 0x01, 0x02, 0x0A, 0x01, 0x01, 0x1B, 0x00, 0x01, 0x01, 0x01, 0x0B,
    0x02, 0x0F, 0x01, 0x05, 0x1A, 0x00, 0x01, 0x01, 0x01, 0x0B, 0x02, 0x0F, 0x01, 0x0B, 0x01, 0x01,
    0x19, 0x00, 0x01, 0x01, 0x01, 0x0B, 0x02, 0x0F, 0x01, 0x0B, 0x01, 0x01, 0x19, 0x00, 0x01, 0x01,
    0x01, 0x0B, 0x02, 0x0F, 0x01, 0x0B, 0x01, 0x01, 0x19, 0x00, 0x01, 0x01, 0x01, 0x0C, 0x02, 0x0F,
    0x01, 0x0C, 0x01, 0x01, 0x19, 0x00, 0x01, 0x01, 0x01, 0x0C, 0x02, 0x0F, 0x01, 0x0A, 0x1A, 0x00,
    0x01, 0x01, 0x01, 0x0C, 0x02, 0x0F, 0x01, 0x0E, 0x01, 0x06, 0x01, 0x05, 0x0A, 0x06, 0x01, 0x03,
    0x0E, 0x00, 0x01, 0x0A, 0x11, 0x0F, 0x01, 0x03, 0x0D, 0x00, 0x01, 0x09, 0x10, 0x0F, 0x01, 0x0E,
    0x01, 0x02, 0x0E, 0x00, 0x01, 0x0A, 0x02, 0x0F, 0x01, 0x0E, 0x01, 0x05, 0x0B, 0x04, 0x01, 0x02,
    0x10, 0x00, 0x01, 0x0A, 0x02, 0x0F, 0x01, 0x0C, 0x01, 0x01, 0x1C, 0x00, 0x01, 0x0A, 0x02, 0x0F,
    0x01, 0x0D, 0x01, 0x02, 0x1C, 0x00, 0x01, 0x0A, 0x02, 0x0F, 0x01, 0x0D, 0x01, 0x02, 0x1C, 0x00,
    0x01, 0x0A, 0x02, 0x0F, 0x01, 0x0D, 0x01, 0x02, 0x1C, 0x00, 0x01, 0x0A, 0x02, 0x0F, 0x01, 0x0D,
    0x01, 0x02, 0x1C, 0x00, 0x01, 0x0A, 0x02, 0x0F, 0x01, 0x05, 0x1D, 0x00, 0x02, 0x08, 0x01, 0x01,
    0xEE, 0x00, 0xB5, 0x00, 0x01, 0x08, 0x01, 0x0B, 0x01, 0x07, 0x1C, 0x00, 0x01, 0x0B, 0x03, 0x0F,
    0x01, 0x0A, 0x1A, 0x00, 0x01, 0x0B, 0x05, 0x0F, 0x01, 0x0A, 0x18, 0x00, 0x01, 0x0B, 0x02, 0x0F,
    0x01, 0x0C, 0x01, 0x03, 0x01, 0x0C, 0x02, 0x0F, 0x01, 0x08, 0x16, 0x00, 0x01, 0x0B, 0x02, 0x0F,
    0x01, 0x0E, 0x01, 0x02, 0x01, 0x00, 0x01, 0x03, 0x02, 0x0F, 0x01, 0x0B, 0x15, 0x00, 0x01, 0x0B,
    0x04, 0x0F, 0x01, 0x0C, 0x01, 0x03, 0x01, 0x0C, 0x02, 0x0F, 0x01, 0x08, 0x14, 0x00, 0x01, 0x0B,
    0x09, 0x0F, 0x01, 0x0B, 0x01, 0x01, 0x13, 0x00, 0x01, 0x0B, 0x09, 0x0F, 0x01, 0x0B, 0x14, 0x00,
    0x01, 0x0B, 0x09, 0x0F, 0x01, 0x0B, 0x14, 0x00, 0x01, 0x0B, 0x09, 0x0F, 0x01, 0x0B, 0x14, 0x00,
    0x01, 0x0B, 0x09, 0x0F, 0x01, 0x0B, 0x14, 0x00, 0x01, 0x0B, 0x09, 0x0F, 0x01, 0x0B, 0x14, 0x00,
    0x01, 0x0B, 0x09, 0x0F, 0x01, 0x0B, 0x14, 0x00, 0x01, 0x0B, 0x09, 0x0F, 0x01, 0x0B, 0x14, 0x00,
    0x01, 0x0B, 0x09, 0x0F, 0x01, 0x0B, 0x13, 0x00, 0x01, 0x01, 0x01, 0x0B, 0x09, 0x0F, 0x01, 0x0B,
    0x14, 0x00, 0x01, 0x08, 0x09, 0x0F, 0x01, 0x0B, 0x15, 0x00, 0x01, 0x0B, 0x08, 0x0F, 0x01, 0x0B,
    0x16, 0x00, 0x01, 0x0B, 0x07, 0x0F, 0x01, 0x0B, 0x17, 0x00, 0x01, 0x0B, 0x06, 0x0F, 0x01, 0x0B,
    0x18, 0x00, 0x01, 0x0B, 0x05, 0x0F, 0x01, 0x0B, 0x19, 0x00, 0x01, 0x04, 0x04, 0x0B, 0x01, 0x07,
    0xB5, 0x00, 0xFF, 0x00, 0x0D, 0x00, 0x01, 0x01, 0x01, 0x05, 0x01, 0x09, 0x02, 0x0B, 0x01, 0x09,
    0x01, 0x05, 0x01, 0x01, 0x17, 0x00, 0x01, 0x05, 0x01, 0x0D, 0x06, 0x0F, 0x01, 0x0D, 0x01, 0x05,
    0x15, 0x00, 0x01, 0x07, 0x0A, 0x0F, 0x01, 0x07, 0x13, 0x00, 0x01, 0x05, 0x0C, 0x0F, 0x01, 0x05,
    0x11, 0x00, 0x01, 0x01, 0x01, 0x0D, 0x0C, 0x0F, 0x01, 0x0E, 0x01, 0x01, 0x10, 0x00, 0x01, 0x05,
    0x0E, 0x0F, 0x01, 0x05, 0x10, 0x00, 0x01, 0x09, 0x0E, 0x0F, 0x01, 0x09, 0x10, 0x00, 0x01, 0x0B,
    0x0E, 0x0F, 0x01, 0x0B, 0x10, 0x00, 0x01, 0x0B, 0x0E, 0x0F, 0x01, 0x0B, 0x10, 0x00, 0x01, 0x09,
    0x0E, 0x0F, 0x01, 0x09, 0x10, 0x00, 0x01, 0x05, 0x0E, 0x0F, 0x01, 0x05, 0x10, 0x00, 0x01, 0x01,
    0x01, 0x0E, 0x0C, 0x0F, 0x01, 0x0D, 0x01, 0x01, 0x11, 0x00, 0x01, 0x05, 0x0C, 0x0F, 0x01, 0x05,
    0x13, 0x00, 0x01, 0x07, 0x0A, 0x0F, 0x01, 0x07, 0x15, 0x00, 0x01, 0x05, 0x01, 0x0D, 0x06, 0x0F,
    0x01, 0x0D, 0x01, 0x05, 0x17, 0x00, 0x01, 0x01, 0x01, 0x05, 0x01, 0x09, 0x02, 0x0B, 0x01, 0x09,
    0x01, 0x05, 0x01, 0x01, 0xFF, 0x00, 0x0D, 0x00, 0xFF, 0x00, 0x37, 0x00, 0x01, 0x03, 0x01, 0x06,
    0x1D, 0x00, 0x01, 0x03, 0x01, 0x0E, 0x01, 0x0F, 0x01, 0x08, 0x1B, 0x00, 0x01, 0x03, 0x01, 0x0E,
    0x02, 0x0F, 0x01, 0x06, 0x1A, 0x00, 0x01, 0x03, 0x01, 0x0E, 0x02, 0x0F, 0x01, 0x08, 0x1A, 0x00,
    0x01, 0x03, 0x01, 0x0E, 0x02, 0x0F, 0x01, 0x08, 0x1A, 0x00, 0x01, 0x03, 0x01, 0x0E, 0x02, 0x0F,
    0x01, 0x08, 0x11, 0x00, 0x01, 0x02, 0x01, 0x0A, 0x01, 0x06, 0x06, 0x00, 0x01, 0x03, 0x01, 0x0E,
    0x02, 0x0F, 0x01, 0x08, 0x12, 0x00, 0x01, 0x09, 0x02, 0x0F, 0x01, 0x07, 0x04, 0x00, 0x01, 0x03,
    0x01, 0x0E, 0x02, 0x0F, 0x01, 0x08, 0x13, 0x00, 0x01, 0x04, 0x03, 0x0F, 0x01, 0x07, 0x02, 0x00,
    0x01, 0x03, 0x01, 0x0E, 0x02, 0x0F, 0x01, 0x08, 0x15, 0x00, 0x01, 0x05, 0x03, 0x0F, 0x01, 0x07,
    0x01, 0x03, 0x01, 0x0E, 0x02, 0x0F, 0x01, 0x08, 0x17, 0x00, 0x01, 0x05, 0x06, 0x0F, 0x01, 0x08,
    0x19, 0x00, 0x01, 0x05, 0x04, 0x0F, 0x01, 0x08, 0x1B, 0x00, 0x01, 0x05, 0x02, 0x0F, 0x01, 0x08,
    0x1D, 0x00, 0x01, 0x03, 0x01, 0x05, 0xFF, 0x00, 0x33, 0x00, 0xFF, 0x00, 0x0A, 0x00, 0x01, 0x02,
    0x01, 0x03, 0x0A, 0x00, 0x01, 0x03, 0x01, 0x02, 0x11, 0x00, 0x01, 0x02, 0x01, 0x0E, 0x01, 0x0F,
    0x01, 0x06, 0x08, 0x00, 0x01, 0x06, 0x01, 0x0F, 0x01, 0x0E, 0x01, 0x02, 0x10, 0x00, 0x01, 0x03,
    0x03, 0x0F, 0x01, 0x06, 0x06, 0x00, 0x01, 0x06, 0x03, 0x0F, 0x01, 0x03, 0x11, 0x00, 0x01, 0x06,
    0x03, 0x0F, 0x01, 0x05, 0x04, 0x00, 0x01, 0x06, 0x03, 0x0F, 0x01, 0x06, 0x13, 0x00, 0x01, 0x06,
    0x03, 0x0F, 0x01, 0x05, 0x02, 0x00, 0x01, 0x06, 0x03, 0x0F, 0x01, 0x06, 0x15, 0x00, 0x01, 0x06,
    0x03, 0x0F, 0x02, 0x05, 0x03, 0x0F, 0x01, 0x06, 0x17, 0x00, 0x01, 0x06, 0x06, 0x0F, 0x01, 0x06,
    0x19, 0x00, 0x01, 0x05, 0x04, 0x0F, 0x01, 0x05, 0x1A, 0x00, 0x01, 0x05, 0x04, 0x0F, 0x01, 0x05,
    0x19, 0x00, 0x01, 0x06, 0x06, 0x0F, 0x01, 0x05, 0x17, 0x00, 0x01, 0x06, 0x03, 0x0F, 0x01, 0x05,
    0x01, 0x06, 0x03, 0x0F, 0x01, 0x05, 0x15, 0x00, 0x01, 0x06, 0x03, 0x0F, 0x01, 0x06, 0x02, 0x00,
    0x01, 0x06, 0x03, 0x0F, 0x01, 0x05, 0x13, 0x00, 0x01, 0x06, 0x03, 0x0F, 0x01, 0x06, 0x04, 0x00,
    0x01, 0x06, 0x03, 0x0F, 0x01, 0x05, 0x11, 0x00, 0x01, 0x03, 0x03, 0x0F, 0x01, 0x06, 0x06, 0x00,
    0x01, 0x06, 0x03, 0x0F, 0x01, 0x03, 0x10, 0x00, 0x01, 0x02, 0x01, 0x0E, 0x01, 0x0F, 0x01, 0x06,
    0x08, 0x00, 0x01, 0x06, 0x01, 0x0F, 0x01, 0x0E, 0x01, 0x02, 0x11, 0x00, 0x01, 0x02, 0x01, 0x03,
    0x0A, 0x00, 0x01, 0x03, 0x01, 0x02, 0xFF, 0x00, 0x0A, 0x00, 0xAE, 0x00, 0x01, 0x02, 0x02, 0x0C,
    0x01, 0x01, 0x1C, 0x00, 0x01, 0x0A, 0x02, 0x0F, 0x01, 0x0A, 0x1B, 0x00, 0x01, 0x04, 0x04, 0x0F,
    0x01, 0x04, 0x1A, 0x00, 0x01, 0x0C, 0x04, 0x0F, 0x01, 0x0C, 0x19, 0x00, 0x01, 0x07, 0x06, 0x0F,
    0x01, 0x07, 0x17, 0x00, 0x01, 0x02, 0x01, 0x0E, 0x06, 0x0F, 0x01, 0x0E, 0x01, 0x02, 0x16, 0x00,
    0x01, 0x0A, 0x08, 0x0F, 0x01, 0x0A, 0x15, 0x00, 0x01, 0x04, 0x0A, 0x0F, 0x01, 0x04, 0x14, 0x00,
    0x01, 0x0C, 0x03, 0x0F, 0x01, 0x0E, 0x01, 0x05, 0x01, 0x04, 0x01, 0x0E, 0x03, 0x0F, 0x01, 0x0C,
    0x13, 0x00, 0x01, 0x07, 0x04, 0x0F, 0x01, 0x0D, 0x02, 0x00, 0x01, 0x0C, 0x04, 0x0F, 0x01, 0x07,
    0x11, 0x00, 0x01, 0x02, 0x01, 0x0E, 0x04, 0x0F, 0x01, 0x0D, 0x02, 0x00, 0x01, 0x0D, 0x04, 0x0F,
    0x01, 0x0E, 0x01, 0x02, 0x10, 0x00, 0x01, 0x0A, 0x05, 0x0F, 0x01, 0x0D, 0x02, 0x00, 0x01, 0x0D,
    0x05, 0x0F, 0x01, 0x0A, 0x0F, 0x00, 0x01, 0x04, 0x06, 0x0F, 0x01, 0x0D, 0x02, 0x00, 0x01, 0x0C,
    0x06, 0x0F, 0x01, 0x04, 0x0E, 0x00, 0x01, 0x0D, 0x06, 0x0F, 0x01, 0x0E, 0x02, 0x03, 0x01, 0x0E,
    0x06, 0x0F, 0x01, 0x0D, 0x0D, 0x00, 0x01, 0x07, 0x12, 0x0F, 0x01, 0x07, 0x0B, 0x00, 0x01, 0x02,
    0x01, 0x0E, 0x08, 0x0F, 0x02, 0x08, 0x08, 0x0F, 0x01, 0x0E, 0x01, 0x02, 0x0A, 0x00, 0x01, 0x0A,
    0x08, 0x0F, 0x01, 0x0D, 0x02, 0x00, 0x01, 0x0D, 0x08, 0x0F, 0x01, 0x0A, 0x09, 0x00, 0x01, 0x04,
    0x0A, 0x0F, 0x02, 0x06, 0x0A, 0x0F, 0x01, 0x04, 0x08, 0x00, 0x01, 0x0D, 0x16, 0x0F, 0x01, 0x0D,
    0x07, 0x00, 0x01, 0x07, 0x18, 0x0F, 0x01, 0x07, 0x06, 0x00, 0x01, 0x0B, 0x18, 0x0F, 0x01, 0x0B,
    0x06, 0x00, 0x01, 0x02, 0x18, 0x09, 0x01, 0x02, 0xA3, 0x00, 0xCE, 0x00, 0x01, 0x04, 0x01, 0x01,
    0x04, 0x00, 0x01, 0x01, 0x01, 0x04, 0x17, 0x00, 0x01, 0x08, 0x01, 0x0F, 0x01, 0x0B, 0x04, 0x00,
    0x01, 0x0B, 0x01, 0x0F, 0x01, 0x08, 0x16, 0x00, 0x01, 0x0C, 0x01, 0x0F, 0x01, 0x0C, 0x03, 0x00,
    0x01, 0x02, 0x02, 0x0F, 0x01, 0x08, 0x15, 0x00, 0x01, 0x02, 0x01, 0x0E, 0x01, 0x0F, 0x01, 0x08,
    0x01, 0x00, 0x01, 0x01, 0x01, 0x00, 0x01, 0x05, 0x02, 0x0F, 0x01, 0x04, 0x15, 0x00, 0x01, 0x05,
    0x02, 0x0F, 0x01, 0x04, 0x03, 0x00, 0x01, 0x08, 0x01, 0x0F, 0x01, 0x0E, 0x01, 0x01, 0x10, 0x00,
    0x01, 0x05, 0x04, 0x0B, 0x01, 0x0D, 0x02, 0x0F, 0x01, 0x0C, 0x03, 0x0B, 0x01, 0x0E, 0x01, 0x0F,
    0x01, 0x0E, 0x03, 0x0B, 0x01, 0x09, 0x01, 0x01, 0x0C, 0x00, 0x01, 0x0E, 0x12, 0x0F, 0x01, 0x06,
    0x0C, 0x00, 0x01, 0x07, 0x02, 0x0C, 0x02, 0x0D, 0x02, 0x0F, 0x01, 0x0E, 0x04, 0x0D, 0x02, 0x0F,
    0x02, 0x0D, 0x02, 0x0C, 0x01, 0x0B, 0x01, 0x02, 0x10, 0x00, 0x01, 0x05, 0x02, 0x0F, 0x01, 0x04,
    0x03, 0x00, 0x01, 0x08, 0x01, 0x0F, 0x01, 0x0E, 0x01, 0x01, 0x15, 0x00, 0x01, 0x08, 0x01, 0x0F,
    0x01, 0x0E, 0x01, 0x01, 0x03, 0x00, 0x01, 0x0C, 0x01, 0x0F, 0x01, 0x0B, 0x16, 0x00, 0x01, 0x0C,
    0x01, 0x0F, 0x01, 0x0C, 0x03, 0x00, 0x01, 0x02, 0x01, 0x0E, 0x01, 0x0F, 0x01, 0x08, 0x15, 0x00,
    0x01, 0x01, 0x01, 0x0E, 0x01, 0x0F, 0x01, 0x07, 0x03, 0x00, 0x01, 0x04, 0x02, 0x0F, 0x01, 0x04,
    0x11, 0x00, 0x01, 0x03, 0x03, 0x04, 0x01, 0x07, 0x02, 0x0F, 0x01, 0x07, 0x03, 0x04, 0x01, 0x0A,
    0x01, 0x0F, 0x01, 0x0E, 0x01, 0x05, 0x03, 0x04, 0x01, 0x01, 0x0C, 0x00, 0x01, 0x04, 0x12, 0x0F,
    0x01, 0x0B, 0x0C, 0x00, 0x01, 0x05, 0x12, 0x0F, 0x01, 0x0C, 0x0D, 0x00, 0x01, 0x04, 0x02, 0x06,
    0x01, 0x07, 0x02, 0x0F, 0x01, 0x0A, 0x03, 0x06, 0x01, 0x09, 0x02, 0x0F, 0x01, 0x08, 0x03, 0x06,
    0x01, 0x05, 0x01, 0x01, 0x10, 0x00, 0x01, 0x04, 0x02, 0x0F, 0x01, 0x04, 0x03, 0x00, 0x01, 0x08,
    0x01, 0x0F, 0x01, 0x0E, 0x01, 0x01, 0x15, 0x00, 0x01, 0x09, 0x02, 0x0F, 0x01, 0x02, 0x03, 0x00,
    0x01, 0x0C, 0x01, 0x0F, 0x01, 0x0C, 0x16, 0x00, 0x01, 0x07, 0x01, 0x0F, 0x01, 0x0A, 0x04, 0x00,
    0x01, 0x0A, 0x01, 0x0F, 0x01, 0x07, 0x17, 0x00, 0x01, 0x03, 0x01, 0x01, 0x05, 0x00, 0x01, 0x03,
    0xCE, 0x00, 0x6D, 0x00, 0x01, 0x01, 0x01, 0x03, 0x02, 0x04, 0x01, 0x03, 0x01, 0x01, 0x17, 0x00,
    0x01, 0x01, 0x01, 0x06, 0x01, 0x0B, 0x01, 0x0E, 0x04, 0x0F, 0x01, 0x0E, 0x01, 0x0B, 0x01, 0x06,
    0x01, 0x01, 0x13, 0x00, 0x01, 0x06, 0x01, 0x0D, 0x0A, 0x0F, 0x01, 0x0D, 0x01, 0x06, 0x10, 0x00,
    0x01, 0x01, 0x01, 0x0A, 0x0E, 0x0F, 0x01, 0x0A, 0x01, 0x01, 0x0D, 0x00, 0x01, 0x01, 0x01, 0x0B,
    0x0B, 0x0F, 0x01, 0x0B, 0x01, 0x07, 0x01, 0x0E, 0x02, 0x0F, 0x01, 0x0C, 0x01, 0x01, 0x0C, 0x00,
    0x01, 0x0A, 0x0C, 0x0F, 0x01, 0x08, 0x01, 0x00, 0x01, 0x02, 0x01, 0x0C, 0x02, 0x0F, 0x01, 0x0A,
    0x0B, 0x00, 0x01, 0x06, 0x08, 0x0F, 0x04, 0x0E, 0x01, 0x0A, 0x01, 0x01, 0x02, 0x00, 0x01, 0x01,
    0x01, 0x0C, 0x02, 0x0F, 0x01, 0x06, 0x09, 0x00, 0x01, 0x01, 0x01, 0x0E, 0x08, 0x0F, 0x01, 0x08,
    0x03, 0x01, 0x05, 0x00, 0x01, 0x02, 0x01, 0x0E, 0x01, 0x0F, 0x01, 0x0E, 0x01, 0x01, 0x08, 0x00,
    0x01, 0x06, 0x09, 0x0F, 0x01, 0x07, 0x09, 0x00, 0x01, 0x07, 0x02, 0x0F, 0x01, 0x06, 0x08, 0x00,
    0x01, 0x0B, 0x06, 0x0F, 0x02, 0x0E, 0x01, 0x0C, 0x01, 0x02, 0x09, 0x00, 0x01, 0x01, 0x01, 0x0E,
    0x01, 0x0F, 0x01, 0x0B, 0x07, 0x00, 0x01, 0x01, 0x01, 0x0E, 0x06, 0x0F, 0x01, 0x08, 0x01, 0x01,
    0x0C, 0x00, 0x01, 0x0A, 0x01, 0x0F, 0x01, 0x0E, 0x01, 0x01, 0x06, 0x00, 0x01, 0x03, 0x02, 0x0F,
    0x01, 0x08, 0x01, 0x0B, 0x01, 0x0F, 0x01, 0x0E, 0x01, 0x0F, 0x01, 0x07, 0x0D, 0x00, 0x01, 0x07,
    0x02, 0x0F, 0x01, 0x03, 0x06, 0x00, 0x01, 0x04, 0x02, 0x0F, 0x01, 0x05, 0x01, 0x01, 0x01, 0x0C,
    0x02, 0x0F, 0x01, 0x08, 0x07, 0x01, 0x06, 0x00, 0x01, 0x06, 0x02, 0x0F, 0x01, 0x04, 0x06, 0x00,
    0x01, 0x04, 0x02, 0x0F, 0x01, 0x06, 0x01, 0x00, 0x01, 0x01, 0x01, 0x0C, 0x01, 0x0F, 0x08, 0x0E,
    0x01, 0x0C, 0x01, 0x02, 0x04, 0x00, 0x01, 0x06, 0x02, 0x0F, 0x01, 0x04, 0x06, 0x00, 0x01, 0x03,
    0x02, 0x0F, 0x01, 0x07, 0x02, 0x00, 0x01, 0x01, 0x01, 0x0C, 0x09, 0x0F, 0x01, 0x06, 0x04, 0x00,
    0x01, 0x07, 0x02, 0x0F, 0x01, 0x03, 0x06, 0x00, 0x01, 0x01, 0x01, 0x0E, 0x01, 0x0F, 0x01, 0x0A,
    0x03, 0x00, 0x01, 0x01, 0x01, 0x0C, 0x08, 0x0F, 0x01, 0x06, 0x04, 0x00, 0x01, 0x0A, 0x01, 0x0F,
    0x01, 0x0E, 0x01, 0x01, 0x07, 0x00, 0x01, 0x0B, 0x01, 0x0F, 0x01, 0x0E, 0x01, 0x01, 0x03, 0x00,
    0x01, 0x01, 0x01, 0x0C, 0x07, 0x0F, 0x01, 0x06, 0x03, 0x00, 0x01, 0x01, 0x01, 0x0E, 0x01, 0x0F,
    0x01, 0x0B, 0x08, 0x00, 0x01, 0x06, 0x02, 0x0F, 0x01, 0x07, 0x04, 0x00, 0x01, 0x02, 0x01, 0x0E,
    0x06, 0x0F, 0x01, 0x0B, 0x01, 0x09, 0x01, 0x05, 0x01, 0x00, 0x01, 0x07, 0x02, 0x0F, 0x01, 0x06,
    0x08, 0x00, 0x01, 0x01, 0x01, 0x0D, 0x01, 0x0F, 0x01, 0x0E, 0x01, 0x02, 0x03, 0x00, 0x01, 0x01,
    0x01, 0x0E, 0x09, 0x0F, 0x01, 0x06, 0x01, 0x0E, 0x01, 0x0F, 0x01, 0x0D, 0x01, 0x01, 0x09, 0x00,
    0x01, 0x05, 0x02, 0x0F, 0x01, 0x0C, 0x01, 0x01, 0x03, 0x00, 0x01, 0x0C, 0x0C, 0x0F, 0x01, 0x05,
    0x0B, 0x00, 0x01, 0x0A, 0x02, 0x0F, 0x01, 0x0C, 0x01, 0x02, 0x02, 0x00, 0x01, 0x02, 0x01, 0x0B,
    0x0A, 0x0F, 0x01, 0x0A, 0x0D, 0x00, 0x01, 0x0B, 0x02, 0x0F, 0x01, 0x0E, 0x01, 0x07, 0x01, 0x02,
    0x01, 0x00, 0x01, 0x07, 0x09, 0x0F, 0x01, 0x0B, 0x0F, 0x00, 0x01, 0x09, 0x03, 0x0F, 0x01, 0x0E,
    0x01, 0x0A, 0x01, 0x0C, 0x08, 0x0F, 0x01, 0x09, 0x11, 0x00, 0x01, 0x05, 0x01, 0x0C, 0x0A, 0x0F,
    0x01, 0x0D, 0x01, 0x05, 0x14, 0x00, 0x01, 0x05, 0x01, 0x0A, 0x01, 0x0D, 0x04, 0x0F, 0x01, 0x0D,
    0x01, 0x0A, 0x01, 0x05, 0x19, 0x00, 0x01, 0x02, 0x02, 0x03, 0x01, 0x02, 0x01, 0x01, 0x6D, 0x00,
    0xFF, 0x00, 0x0F, 0x00, 0x01, 0x01, 0x01, 0x09, 0x01, 0x0A, 0x01, 0x01, 0x1C, 0x00, 0x01, 0x04,
    0x02, 0x0F, 0x01, 0x05, 0x1C, 0x00, 0x01, 0x04, 0x02, 0x0F, 0x01, 0x06, 0x1C, 0x00, 0x01, 0x04,
    0x02, 0x0F, 0x01, 0x06, 0x1C, 0x00, 0x01, 0x04, 0x02, 0x0F, 0x01, 0x06, 0x1C, 0x00, 0x01, 0x03,
    0x02, 0x0F, 0x01, 0x05, 0x16, 0x00, 0x01, 0x01, 0x01, 0x05, 0x04, 0x06, 0x01, 0x08, 0x02, 0x0F,
    0x01, 0x09, 0x04, 0x06, 0x01, 0x05, 0x01, 0x01, 0x10, 0x00, 0x01, 0x0A, 0x0E, 0x0F, 0x01, 0x0A,
    0x10, 0x00, 0x01, 0x09, 0x0E, 0x0F, 0x01, 0x09, 0x11, 0x00, 0x05, 0x04, 0x01, 0x07, 0x02, 0x0F,
    0x01, 0x08, 0x05, 0x04, 0x17, 0x00, 0x01, 0x03, 0x02, 0x0F, 0x01, 0x05, 0x1C, 0x00, 0x01, 0x04,
    0x02, 0x0F, 0x01, 0x06, 0x1C, 0x00, 0x01, 0x04, 0x02, 0x0F, 0x01, 0x06, 0x1C, 0x00, 0x01, 0x04,
    0x02, 0x0F, 0x01, 0x06, 0x1C, 0x00, 0x01, 0x04, 0x02, 0x0F, 0x01, 0x05, 0x1D, 0x00, 0x01, 0x09,
    0x01, 0x0A, 0x01, 0x01, 0xFF, 0x00, 0x0F, 0x00, 0xFF, 0x00, 0x0C, 0x00, 0x01, 0x02, 0x01, 0x03,
    0x1D, 0x00, 0x01, 0x04, 0x01, 0x0E, 0x01, 0x0F, 0x01, 0x03, 0x1B, 0x00, 0x01, 0x04, 0x01, 0x0E,
    0x02, 0x0F, 0x01, 0x04, 0x1A, 0x00, 0x01, 0x04, 0x01, 0x0E, 0x02, 0x0F, 0x01, 0x07, 0x1A, 0x00,
    0x01, 0x04, 0x01, 0x0E, 0x02, 0x0F, 0x01, 0x06, 0x1A, 0x00, 0x01, 0x04, 0x01, 0x0E, 0x02, 0x0F,
    0x01, 0x0A, 0x01, 0x03, 0x09, 0x04, 0x01, 0x03, 0x01, 0x01, 0x0E, 0x00, 0x01, 0x02, 0x01, 0x0E,
    0x0F, 0x0F, 0x01, 0x0D, 0x01, 0x08, 0x0D, 0x00, 0x01, 0x03, 0x12, 0x0F, 0x01, 0x0B, 0x01, 0x01,
    0x0C, 0x00, 0x01, 0x05, 0x03, 0x0F, 0x01, 0x0A, 0x01, 0x05, 0x09, 0x06, 0x01, 0x08, 0x01, 0x0D,
    0x02, 0x0F, 0x01, 0x0A, 0x0D, 0x00, 0x01, 0x05, 0x02, 0x0F, 0x01, 0x0E, 0x01, 0x04, 0x0A, 0x00,
    0x01, 0x01, 0x01, 0x0C, 0x02, 0x0F, 0x01, 0x04, 0x0D, 0x00, 0x01, 0x06, 0x03, 0x0F, 0x01, 0x06,
    0x0A, 0x00, 0x01, 0x03, 0x02, 0x0F, 0x01, 0x09, 0x0E, 0x00, 0x01, 0x06, 0x03, 0x0F, 0x01, 0x03,
    0x0A, 0x00, 0x01, 0x0D, 0x01, 0x0F, 0x01, 0x0B, 0x0F, 0x00, 0x01, 0x06, 0x02, 0x0F, 0x01, 0x04,
    0x0A, 0x00, 0x01, 0x0C, 0x01, 0x0F, 0x01, 0x0B, 0x10, 0x00, 0x02, 0x04, 0x0B, 0x00, 0x01, 0x0D,
    0x01, 0x0F, 0x01, 0x0B, 0x1D, 0x00, 0x01, 0x0D, 0x01, 0x0F, 0x01, 0x0B, 0x1D, 0x00, 0x01, 0x0D,
    0x01, 0x0F, 0x01, 0x0B, 0x1D, 0x00, 0x01, 0x04, 0x01, 0x0A, 0x01, 0x03, 0xE5, 0x00, 0x8E, 0x00,
    0x04, 0x01, 0x1A, 0x00, 0x01, 0x01, 0x01, 0x0C, 0x04, 0x0E, 0x01, 0x0B, 0x14, 0x00, 0x01, 0x03,
    0x04, 0x04, 0x01, 0x07, 0x06, 0x0F, 0x01, 0x06, 0x04, 0x04, 0x01, 0x03, 0x0D, 0x00, 0x01, 0x07,
    0x12, 0x0F, 0x01, 0x07, 0x0C, 0x00, 0x01, 0x08, 0x12, 0x0F, 0x01, 0x08, 0x0D, 0x00, 0x01, 0x06,
    0x01, 0x0E, 0x0E, 0x0F, 0x01, 0x0E, 0x01, 0x05, 0x0F, 0x00, 0x01, 0x0E, 0x0E, 0x0F, 0x01, 0x0D,
    0x0F, 0x00, 0x01, 0x01, 0x01, 0x0E, 0x04, 0x0F, 0x01, 0x0A, 0x01, 0x09, 0x02, 0x0F, 0x01, 0x09,
    0x01, 0x0B, 0x04, 0x0F, 0x01, 0x0D, 0x0F, 0x00, 0x01, 0x01, 0x01, 0x0E, 0x03, 0x0F, 0x01, 0x0D,
    0x02, 0x00, 0x02, 0x0D, 0x01, 0x00, 0x01, 0x01, 0x01, 0x0E, 0x03, 0x0F, 0x01, 0x0D, 0x0F, 0x00,
    0x01, 0x01, 0x01, 0x0E, 0x03, 0x0F, 0x01, 0x0D, 0x02, 0x00, 0x02, 0x0C, 0x01, 0x00, 0x01, 0x01,
    0x01, 0x0E, 0x03, 0x0F, 0x01, 0x0D, 0x0F, 0x00, 0x01, 0x01, 0x01, 0x0E, 0x03, 0x0F, 0x01, 0x0D,
    0x02, 0x00, 0x02, 0x0C, 0x01, 0x00, 0x01, 0x01, 0x01, 0x0E, 0x03, 0x0F, 0x01, 0x0D, 0x0F, 0x00,
    0x01, 0x01, 0x01, 0x0E, 0x03, 0x0F, 0x01, 0x0D, 0x02, 0x00, 0x02, 0x0C, 0x01, 0x00, 0x01, 0x01,
    0x01, 0x0E, 0x03, 0x0F, 0x01, 0x0D, 0x0F, 0x00, 0x01, 0x01, 0x01, 0x0E, 0x03, 0x0F, 0x01, 0x0D,
    0x02, 0x00, 0x02, 0x0C, 0x01, 0x00, 0x01, 0x01, 0x01, 0x0E, 0x03, 0x0F, 0x01, 0x0D, 0x0F, 0x00,
    0x01, 0x01, 0x01, 0x0E, 0x03, 0x0F, 0x01, 0x0D, 0x02, 0x00, 0x02, 0x0C, 0x01, 0x00, 0x01, 0x01,
    0x01, 0x0E, 0x03, 0x0F, 0x01, 0x0D, 0x0F, 0x00, 0x01, 0x01, 0x01, 0x0E, 0x03, 0x0F, 0x01, 0x0D,
    0x02, 0x00, 0x02, 0x0C, 0x01, 0x00, 0x01, 0x01, 0x01, 0x0E, 0x03, 0x0F, 0x01, 0x0D, 0x0F, 0x00,
    0x01, 0x01, 0x01, 0x0E, 0x03, 0x0F, 0x01, 0x0D, 0x02, 0x00, 0x02, 0x0C, 0x01, 0x00, 0x01, 0x01,
    0x01, 0x0E, 0x03, 0x0F, 0x01, 0x0D, 0x0F, 0x00, 0x01, 0x01, 0x01, 0x0E, 0x03, 0x0F, 0x01, 0x0D,
    0x02, 0x00, 0x02, 0x0C, 0x01, 0x00, 0x01, 0x01, 0x01, 0x0E, 0x03, 0x0F, 0x01, 0x0D, 0x0F, 0x00,
    0x01, 0x01, 0x01, 0x0E, 0x03, 0x0F, 0x01, 0x0E, 0x01, 0x04, 0x01, 0x02, 0x02, 0x0E, 0x01, 0x02,
    0x01, 0x05, 0x04, 0x0F, 0x01, 0x0D, 0x0F, 0x00, 0x01, 0x01, 0x01, 0x0E, 0x0E, 0x0F, 0x01, 0x0D,
    0x0F, 0x00, 0x01, 0x01, 0x01, 0x0E, 0x0E, 0x0F, 0x01, 0x0D, 0x0F, 0x00, 0x01, 0x01, 0x01, 0x0E,
    0x0E, 0x0F, 0x01, 0x0D, 0x10, 0x00, 0x01, 0x09, 0x0E, 0x0F, 0x01, 0x07, 0x11, 0x00, 0x01, 0x07,
    0x0C, 0x0B, 0x01, 0x06, 0xA9, 0x00, 0x6F, 0x00, 0x01, 0x01, 0x1E, 0x00, 0x01, 0x05, 0x01, 0x0D,
    0x01, 0x0A, 0x1D, 0x00, 0x01, 0x0A, 0x02, 0x0F, 0x01, 0x0A, 0x1C, 0x00, 0x01, 0x09, 0x03, 0x0F,
    0x01, 0x0A, 0x15, 0x00, 0x02, 0x01, 0x04, 0x00, 0x01, 0x09, 0x04, 0x0F, 0x01, 0x0A, 0x13, 0x00,
    0x01, 0x01, 0x01, 0x0D, 0x01, 0x0E, 0x01, 0x03, 0x03, 0x00, 0x01, 0x09, 0x01, 0x0F, 0x01, 0x0B,
    0x01, 0x09, 0x02, 0x0F, 0x01, 0x0A, 0x12, 0x00, 0x01, 0x01, 0x01, 0x0E, 0x01, 0x0F, 0x01, 0x0E,
    0x01, 0x03, 0x02, 0x00, 0x01, 0x09, 0x01, 0x0F, 0x01, 0x0B, 0x01, 0x00, 0x01, 0x0A, 0x02, 0x0F,
    0x01, 0x0A, 0x12, 0x00, 0x01, 0x03, 0x01, 0x0E, 0x01, 0x0F, 0x01, 0x0E, 0x01, 0x04, 0x01, 0x00,
    0x01, 0x09, 0x01, 0x0F, 0x01, 0x0B, 0x02, 0x00, 0x01, 0x0A, 0x02, 0x0F, 0x01, 0x06, 0x12, 0x00,
    0x01, 0x04, 0x01, 0x0E, 0x01, 0x0F, 0x01, 0x0E, 0x01, 0x03, 0x01, 0x08, 0x01, 0x0F, 0x01, 0x0B,
    0x01, 0x00, 0x01, 0x03, 0x01, 0x0D, 0x02, 0x0F, 0x01, 0x03, 0x13, 0x00, 0x01, 0x04, 0x01, 0x0E,
    0x01, 0x0F, 0x01, 0x0D, 0x01, 0x0C, 0x01, 0x0F, 0x01, 0x0A, 0x01, 0x02, 0x01, 0x0E, 0x02, 0x0F,
    0x01, 0x05, 0x15, 0x00, 0x01, 0x04, 0x01, 0x0E, 0x03, 0x0F, 0x02, 0x0D, 0x02, 0x0F, 0x01, 0x05,
    0x17, 0x00, 0x01, 0x04, 0x06, 0x0F, 0x01, 0x05, 0x19, 0x00, 0x01, 0x04, 0x01, 0x0E, 0x02, 0x0F,
    0x01, 0x0E, 0x01, 0x04, 0x1A, 0x00, 0x01, 0x02, 0x01, 0x0E, 0x02, 0x0F, 0x01, 0x0E, 0x01, 0x03,
    0x19, 0x00, 0x01, 0x03, 0x01, 0x0E, 0x04, 0x0F, 0x01, 0x0E, 0x01, 0x04, 0x17, 0x00, 0x01, 0x02,
    0x01, 0x0E, 0x03, 0x0F, 0x01, 0x0D, 0x01, 0x0E, 0x01, 0x0F, 0x01, 0x0E, 0x01, 0x04, 0x15, 0x00,
    0x01, 0x02, 0x01, 0x0D, 0x01, 0x0F, 0x01, 0x0E, 0x01, 0x0C, 0x01, 0x0F, 0x01, 0x0A, 0x01, 0x03,
    0x01, 0x0E, 0x01, 0x0F, 0x01, 0x0E, 0x01, 0x04, 0x13, 0x00, 0x01, 0x02, 0x01, 0x0D, 0x02, 0x0F,
    0x01, 0x04, 0x01, 0x08, 0x01, 0x0F, 0x01, 0x0B, 0x01, 0x00, 0x01, 0x04, 0x01, 0x0E, 0x01, 0x0F,
    0x01, 0x0E, 0x01, 0x03, 0x11, 0x00, 0x01, 0x02, 0x01, 0x0D, 0x02, 0x0F, 0x01, 0x05, 0x01, 0x00,
    0x01, 0x09, 0x01, 0x0F, 0x01, 0x0B, 0x02, 0x00, 0x01, 0x0A, 0x02, 0x0F, 0x01, 0x06, 0x10, 0x00,
    0x01, 0x01, 0x01, 0x0D, 0x02, 0x0F, 0x01, 0x05, 0x02, 0x00, 0x01, 0x09, 0x01, 0x0F, 0x01, 0x0B,
    0x01, 0x00, 0x01, 0x08, 0x02, 0x0F, 0x01, 0x0B, 0x01, 0x01, 0x10, 0x00, 0x01, 0x01, 0x01, 0x0D,
    0x01, 0x0F, 0x01, 0x05, 0x03, 0x00, 0x01, 0x09, 0x01, 0x0F, 0x01, 0x0A, 0x01, 0x07, 0x02, 0x0F,
    0x01, 0x0B, 0x13, 0x00, 0x02, 0x02, 0x04, 0x00, 0x01, 0x09, 0x01, 0x0F, 0x01, 0x0E, 0x02, 0x0F,
    0x01, 0x0B, 0x1A, 0x00, 0x01, 0x09, 0x03, 0x0F, 0x01, 0x0A, 0x1B, 0x00, 0x01, 0x0A, 0x02, 0x0F,
    0x01, 0x0A, 0x1C, 0x00, 0x01, 0x05, 0x01, 0x0D, 0x01, 0x0A, 0x1E, 0x00, 0x01, 0x01, 0x70, 0x00,
    0x8F, 0x00, 0x02, 0x09, 0x1D, 0x00, 0x01, 0x07, 0x02, 0x0F, 0x01, 0x07, 0x1B, 0x00, 0x01, 0x04,
    0x04, 0x0F, 0x01, 0x04, 0x19, 0x00, 0x01, 0x02, 0x06, 0x0F, 0x01, 0x02, 0x18, 0x00, 0x01, 0x01,
    0x01, 0x08, 0x01, 0x0A, 0x02, 0x0F, 0x01, 0x0A, 0x01, 0x08, 0x01, 0x01, 0x1A, 0x00, 0x01, 0x03,
    0x02, 0x0F, 0x01, 0x03, 0x1C, 0x00, 0x01, 0x04, 0x02, 0x0F, 0x01, 0x04, 0x16, 0x00, 0x01, 0x03,
    0x01, 0x09, 0x01, 0x08, 0x01, 0x01, 0x02, 0x00, 0x01, 0x04, 0x02, 0x0F, 0x01, 0x04, 0x01, 0x00,
    0x01, 0x02, 0x04, 0x09, 0x01, 0x04, 0x0E, 0x00, 0x01, 0x03, 0x01, 0x0E, 0x02, 0x0F, 0x01, 0x0C,
    0x01, 0x01, 0x01, 0x00, 0x01, 0x04, 0x02, 0x0F, 0x01, 0x04, 0x01, 0x00, 0x01, 0x04, 0x04, 0x0F,
    0x01, 0x08, 0x0E, 0x00, 0x01, 0x07, 0x04, 0x0F, 0x01, 0x04, 0x01, 0x00, 0x01, 0x04, 0x02, 0x0F,
    0x01, 0x04, 0x01, 0x00, 0x01, 0x04, 0x04, 0x0F, 0x01, 0x07, 0x0E, 0x00, 0x01, 0x05, 0x04, 0x0F,
    0x01, 0x02, 0x01, 0x00, 0x01, 0x04, 0x02, 0x0F, 0x01, 0x04, 0x01, 0x00, 0x01, 0x04, 0x04, 0x0F,
    0x01, 0x08, 0x0F, 0x00, 0x01, 0x0A, 0x02, 0x0F, 0x01, 0x07, 0x02, 0x00, 0x01, 0x04, 0x02, 0x0F,
    0x01, 0x04, 0x01, 0x00, 0x01, 0x03, 0x04, 0x0F, 0x01, 0x07, 0x0F, 0x00, 0x01, 0x05, 0x02, 0x0F,
    0x01, 0x02, 0x02, 0x00, 0x01, 0x04, 0x02, 0x0F, 0x01, 0x04, 0x02, 0x00, 0x01, 0x04, 0x02, 0x0F,
    0x01, 0x07, 0x10, 0x00, 0x01, 0x06, 0x02, 0x0F, 0x01, 0x02, 0x02, 0x00, 0x01, 0x03, 0x02, 0x0F,
    0x01, 0x03, 0x02, 0x00, 0x01, 0x01, 0x02, 0x0F, 0x01, 0x05, 0x10, 0x00, 0x01, 0x05, 0x02, 0x0F,
    0x03, 0x0A, 0x01, 0x0B, 0x02, 0x0F, 0x01, 0x0B, 0x02, 0x0A, 0x01, 0x0B, 0x02, 0x0F, 0x01, 0x05,
    0x10, 0x00, 0x01, 0x02, 0x01, 0x0E, 0x0C, 0x0F, 0x01, 0x0E, 0x01, 0x02, 0x11, 0x00, 0x01, 0x03,
    0x01, 0x0A, 0x03, 0x0B, 0x01, 0x0C, 0x02, 0x0F, 0x01, 0x0C, 0x03, 0x0B, 0x01, 0x0A, 0x01, 0x03,
    0x17, 0x00, 0x01, 0x03, 0x02, 0x0F, 0x01, 0x03, 0x1C, 0x00, 0x01, 0x04, 0x02, 0x0F, 0x01, 0x04,
    0x1C, 0x00, 0x01, 0x04, 0x02, 0x0F, 0x01, 0x04, 0x1B, 0x00, 0x01, 0x01, 0x01, 0x0C, 0x02, 0x0F,
    0x01, 0x0C, 0x01, 0x01, 0x1A, 0x00, 0x01, 0x05, 0x04, 0x0F, 0x01, 0x05, 0x1A, 0x00, 0x01, 0x04,
    0x04, 0x0F, 0x01, 0x04, 0x1B, 0x00, 0x01, 0x0A, 0x02, 0x0F, 0x01, 0x0A, 0x1D, 0x00, 0x02, 0x03,
    0x6F, 0x00, 0x86, 0x00, 0x01, 0x06, 0x01, 0x0A, 0x01, 0x02, 0x0E, 0x00, 0x01, 0x02, 0x01, 0x0A,
    0x01, 0x05, 0x0B, 0x00, 0x01, 0x03, 0x02, 0x0F, 0x01, 0x07, 0x0E, 0x00, 0x01, 0x07, 0x02, 0x0F,
    0x01, 0x03, 0x0A, 0x00, 0x01, 0x0C, 0x01, 0x0F, 0x01, 0x0E, 0x01, 0x02, 0x0E, 0x00, 0x01, 0x02,
    0x01, 0x0E, 0x01, 0x0F, 0x01, 0x0C, 0x09, 0x00, 0x01, 0x04, 0x02, 0x0F, 0x01, 0x07, 0x02, 0x00,
    0x01, 0x05, 0x01, 0x02, 0x08, 0x00, 0x01, 0x03, 0x01, 0x07, 0x01, 0x01, 0x01, 0x00, 0x01, 0x07,
    0x02, 0x0F, 0x01, 0x05, 0x08, 0x00, 0x01, 0x0A, 0x01, 0x0F, 0x01, 0x0E, 0x01, 0x01, 0x01, 0x00,
    0x01, 0x07, 0x01, 0x0F, 0x01, 0x0C, 0x08, 0x00, 0x01, 0x0C, 0x01, 0x0F, 0x01, 0x08, 0x01, 0x00,
    0x01, 0x01, 0x01, 0x0D, 0x01, 0x0F, 0x01, 0x0B, 0x08, 0x00, 0x01, 0x0D, 0x01, 0x0F, 0x01, 0x09,
    0x01, 0x00, 0x01, 0x02, 0x01, 0x0E, 0x01, 0x0F, 0x01, 0x0C, 0x02, 0x00, 0x01, 0x05, 0x01, 0x0A,
    0x01, 0x0B, 0x01, 0x06, 0x02, 0x00, 0x01, 0x0B, 0x01, 0x0F, 0x01, 0x0E, 0x01, 0x02, 0x01, 0x00,
    0x01, 0x08, 0x01, 0x0F, 0x01, 0x0E, 0x01, 0x01, 0x06, 0x00, 0x01, 0x02, 0x02, 0x0F, 0x01, 0x06,
    0x01, 0x00, 0x01, 0x06, 0x02, 0x0F, 0x01, 0x05, 0x01, 0x00, 0x01, 0x07, 0x04, 0x0F, 0x01, 0x08,
    0x01, 0x00, 0x01, 0x04, 0x02, 0x0F, 0x01, 0x06, 0x01, 0x00, 0x01, 0x05, 0x02, 0x0F, 0x01, 0x04,
    0x06, 0x00, 0x01, 0x03, 0x02, 0x0F, 0x01, 0x05, 0x01, 0x00, 0x01, 0x09, 0x01, 0x0F, 0x01, 0x0E,
    0x01, 0x00, 0x01, 0x01, 0x01, 0x0E, 0x05, 0x0F, 0x01, 0x02, 0x01, 0x00, 0x01, 0x0D, 0x01, 0x0F,
    0x01, 0x09, 0x01, 0x00, 0x01, 0x03, 0x02, 0x0F, 0x01, 0x05, 0x06, 0x00, 0x01, 0x04, 0x02, 0x0F,
    0x01, 0x04, 0x01, 0x00, 0x01, 0x09, 0x01, 0x0F, 0x01, 0x0D, 0x01, 0x00, 0x01, 0x02, 0x06, 0x0F,
    0x01, 0x04, 0x01, 0x00, 0x01, 0x0D, 0x01, 0x0F, 0x01, 0x09, 0x01, 0x00, 0x01, 0x03, 0x02, 0x0F,
    0x01, 0x06, 0x06, 0x00, 0x01, 0x03, 0x02, 0x0F, 0x01, 0x05, 0x01, 0x00, 0x01, 0x08, 0x01, 0x0F,
    0x01, 0x0E, 0x02, 0x01, 0x01, 0x0E, 0x05, 0x0F, 0x02, 0x01, 0x01, 0x0E, 0x01, 0x0F, 0x01, 0x08,
    0x01, 0x00, 0x01, 0x03, 0x02, 0x0F, 0x01, 0x05, 0x06, 0x00, 0x01, 0x02, 0x01, 0x0E, 0x01, 0x0F,
    0x01, 0x07, 0x01, 0x00, 0x01, 0x06, 0x02, 0x0F, 0x01, 0x06, 0x01, 0x00, 0x01, 0x05, 0x01, 0x0E,
    0x03, 0x0F, 0x01, 0x06, 0x01, 0x00, 0x01, 0x05, 0x02, 0x0F, 0x01, 0x05, 0x01, 0x00, 0x01, 0x05,
    0x02, 0x0F, 0x01, 0x03, 0x07, 0x00, 0x01, 0x0C, 0x01, 0x0F, 0x01, 0x0B, 0x01, 0x00, 0x01, 0x01,
    0x01, 0x0E, 0x01, 0x0F, 0x01, 0x0D, 0x01, 0x00, 0x01, 0x01, 0x01, 0x0E, 0x02, 0x0F, 0x01, 0x0E,
    0x01, 0x01, 0x01, 0x00, 0x01, 0x0C, 0x01, 0x0F, 0x01, 0x0E, 0x01, 0x01, 0x01, 0x00, 0x01, 0x09,
    0x01, 0x0F, 0x01, 0x0E, 0x01, 0x01, 0x07, 0x00, 0x01, 0x08, 0x01, 0x0F, 0x01, 0x0E, 0x01, 0x02,
    0x01, 0x00, 0x01, 0x06, 0x01, 0x0F, 0x01, 0x0B, 0x01, 0x00, 0x01, 0x06, 0x01, 0x0F, 0x02, 0x0E,
    0x01, 0x0F, 0x01, 0x05, 0x01, 0x00, 0x01, 0x0B, 0x01, 0x0F, 0x01, 0x06, 0x01, 0x00, 0x01, 0x01,
    0x01, 0x0E, 0x01, 0x0F, 0x01, 0x0A, 0x08, 0x00, 0x01, 0x03, 0x02, 0x0F, 0x01, 0x09, 0x02, 0x00,
    0x01, 0x03, 0x01, 0x01, 0x01, 0x00, 0x01, 0x0B, 0x01, 0x0F, 0x01, 0x09, 0x01, 0x0A, 0x01, 0x0F,
    0x01, 0x09, 0x01, 0x00, 0x01, 0x01, 0x01, 0x03, 0x02, 0x00, 0x01, 0x08, 0x02, 0x0F, 0x01, 0x04,
    0x09, 0x00, 0x01, 0x0A, 0x02, 0x0F, 0x01, 0x04, 0x03, 0x00, 0x01, 0x02, 0x01, 0x0E, 0x01, 0x0F,
    0x01, 0x04, 0x01, 0x06, 0x01, 0x0F, 0x01, 0x0D, 0x04, 0x00, 0x01, 0x04, 0x01, 0x0E, 0x01, 0x0F,
    0x01, 0x0B, 0x0A, 0x00, 0x01, 0x01, 0x01, 0x0E, 0x01, 0x0F, 0x01, 0x06, 0x01, 0x00, 0x01, 0x01,
    0x01, 0x00, 0x01, 0x06, 0x01, 0x0F, 0x01, 0x0E, 0x01, 0x00, 0x01, 0x03, 0x02, 0x0F, 0x01, 0x03,
    0x01, 0x00, 0x01, 0x01, 0x01, 0x00, 0x01, 0x08, 0x01, 0x0F, 0x01, 0x0E, 0x01, 0x02, 0x0B, 0x00,
    0x01, 0x03, 0x01, 0x07, 0x01, 0x01, 0x03, 0x00, 0x01, 0x0B, 0x01, 0x0F, 0x01, 0x0A, 0x01, 0x00,
    0x01, 0x01, 0x01, 0x0D, 0x01, 0x0F, 0x01, 0x07, 0x03, 0x00, 0x01, 0x01, 0x01, 0x08, 0x01, 0x04,
    0x11, 0x00, 0x01, 0x02, 0x01, 0x0E, 0x01, 0x0F, 0x01, 0x05, 0x02, 0x00, 0x01, 0x0A, 0x01, 0x0F,
    0x01, 0x0B, 0x17, 0x00, 0x01, 0x06, 0x01, 0x0F, 0x01, 0x0E, 0x01, 0x04, 0x02, 0x02, 0x01, 0x08,
    0x01, 0x0F, 0x01, 0x0E, 0x01, 0x01, 0x16, 0x00, 0x01, 0x0B, 0x08, 0x0F, 0x01, 0x05, 0x15, 0x00,
    0x01, 0x02, 0x09, 0x0F, 0x01, 0x09, 0x15, 0x00, 0x01, 0x07, 0x01, 0x0F, 0x01, 0x0E, 0x01, 0x03,
    0x04, 0x02, 0x01, 0x09, 0x01, 0x0F, 0x01, 0x0D, 0x15, 0x00, 0x01, 0x07, 0x01, 0x0F, 0x01, 0x09,
    0x05, 0x00, 0x01, 0x03, 0x01, 0x0F, 0x01, 0x0E, 0x01, 0x01, 0x14, 0x00, 0x01, 0x01, 0x01, 0x05,
    0x01, 0x01, 0x06, 0x00, 0x01, 0x04, 0x01, 0x03, 0x8B, 0x00, 0xFF, 0x00, 0x29, 0x00, 0x01, 0x02,
    0x01, 0x03, 0x03, 0x04, 0x01, 0x03, 0x04, 0x00, 0x01, 0x02, 0x04, 0x04, 0x01, 0x02, 0x0E, 0x00,
    0x01, 0x03, 0x01, 0x0B, 0x01, 0x0E, 0x05, 0x0F, 0x01, 0x04, 0x02, 0x00, 0x01, 0x03, 0x01, 0x0E,
    0x04, 0x0F, 0x01, 0x0E, 0x01, 0x0B, 0x01, 0x03, 0x0B, 0x00, 0x01, 0x05, 0x08, 0x0F, 0x01, 0x05,
    0x02, 0x00, 0x01, 0x04, 0x08, 0x0F, 0x01, 0x05, 0x09, 0x00, 0x01, 0x03, 0x03, 0x0F, 0x01, 0x0A,
    0x04, 0x06, 0x01, 0x04, 0x04, 0x00, 0x01, 0x04, 0x04, 0x06, 0x01, 0x0A, 0x03, 0x0F, 0x01, 0x03,
    0x08, 0x00, 0x01, 0x0B, 0x02, 0x0F, 0x01, 0x06, 0x10, 0x00, 0x01, 0x06, 0x02, 0x0F, 0x01, 0x0B,
    0x07, 0x00, 0x01, 0x02, 0x01, 0x0E, 0x01, 0x0F, 0x01, 0x0A, 0x05, 0x00, 0x08, 0x04, 0x01, 0x01,
    0x04, 0x00, 0x01, 0x0A, 0x01, 0x0F, 0x01, 0x0E, 0x01, 0x02, 0x06, 0x00, 0x01, 0x04, 0x02, 0x0F,
    0x01, 0x06, 0x04, 0x00, 0x01, 0x08, 0x08, 0x0F, 0x01, 0x09, 0x04, 0x00, 0x01, 0x06, 0x02, 0x0F,
    0x01, 0x04, 0x06, 0x00, 0x01, 0x04, 0x02, 0x0F, 0x01, 0x06, 0x04, 0x00, 0x01, 0x07, 0x08, 0x0F,
    0x01, 0x09, 0x04, 0x00, 0x01, 0x06, 0x02, 0x0F, 0x01, 0x04, 0x06, 0x00, 0x01, 0x02, 0x01, 0x0E,
    0x01, 0x0F, 0x01, 0x0A, 0x05, 0x00, 0x08, 0x03, 0x05, 0x00, 0x01, 0x0A, 0x01, 0x0F, 0x01, 0x0E,
    0x01, 0x02, 0x07, 0x00, 0x01, 0x0B, 0x02, 0x0F, 0x01, 0x06, 0x10, 0x00, 0x01, 0x06, 0x02, 0x0F,
    0x01, 0x0B, 0x08, 0x00, 0x01, 0x03, 0x03, 0x0F, 0x01, 0x0A, 0x04, 0x06, 0x01, 0x04, 0x04, 0x00,
    0x01, 0x04, 0x04, 0x06, 0x01, 0x0A, 0x03, 0x0F, 0x01, 0x03, 0x09, 0x00, 0x01, 0x05, 0x08, 0x0F,
    0x01, 0x05, 0x02, 0x00, 0x01, 0x03, 0x08, 0x0F, 0x01, 0x05, 0x0B, 0x00, 0x01, 0x03, 0x01, 0x0B,
    0x01, 0x0E, 0x05, 0x0F, 0x01, 0x04, 0x02, 0x00, 0x01, 0x03, 0x05, 0x0F, 0x01, 0x0E, 0x01, 0x0B,
    0x01, 0x03, 0x0E, 0x00, 0x01, 0x02, 0x01, 0x03, 0x03, 0x04, 0x01, 0x03, 0x04, 0x00, 0x01, 0x02,
    0x04, 0x04, 0x01, 0x02, 0xFF, 0x00, 0x29, 0x00, 0xE5, 0x00, 0x01, 0x03, 0x01, 0x09, 0x01, 0x05,
    0x1D, 0x00, 0x01, 0x0B, 0x02, 0x0F, 0x01, 0x0D, 0x01, 0x08, 0x01, 0x02, 0x1A, 0x00, 0x01, 0x0B,
    0x05, 0x0F, 0x01, 0x0A, 0x01, 0x05, 0x18, 0x00, 0x01, 0x0B, 0x07, 0x0F, 0x01, 0x0D, 0x01, 0x08,
    0x01, 0x02, 0x15, 0x00, 0x01, 0x0B, 0x0A, 0x0F, 0x01, 0x0A, 0x01, 0x05, 0x01, 0x01, 0x12, 0x00,
    0x01, 0x0A, 0x0C, 0x0F, 0x01, 0x0D, 0x01, 0x08, 0x01, 0x02, 0x11, 0x00, 0x01, 0x03, 0x01, 0x08,
    0x01, 0x0D, 0x0C, 0x0F, 0x01, 0x0A, 0x01, 0x05, 0x01, 0x01, 0x11, 0x00, 0x01, 0x04, 0x01, 0x09,
    0x01, 0x0D, 0x0B, 0x0F, 0x01, 0x0D, 0x01, 0x08, 0x01, 0x02, 0x12, 0x00, 0x01, 0x04, 0x01, 0x08,
    0x01, 0x0E, 0x0A, 0x0F, 0x01, 0x0E, 0x01, 0x01, 0x11, 0x00, 0x01, 0x04, 0x01, 0x08, 0x01, 0x0E,
    0x0A, 0x0F, 0x01, 0x0E, 0x01, 0x01, 0x0E, 0x00, 0x01, 0x04, 0x01, 0x09, 0x01, 0x0D, 0x0B, 0x0F,
    0x01, 0x0D, 0x01, 0x08, 0x01, 0x02, 0x0C, 0x00, 0x01, 0x03, 0x01, 0x08, 0x01, 0x0D, 0x0C, 0x0F,
    0x01, 0x0A, 0x01, 0x05, 0x01, 0x01, 0x0D, 0x00, 0x01, 0x0A, 0x0C, 0x0F, 0x01, 0x0D, 0x01, 0x08,
    0x01, 0x02, 0x10, 0x00, 0x01, 0x0B, 0x0A, 0x0F, 0x01, 0x0A, 0x01, 0x05, 0x01, 0x01, 0x12, 0x00,
    0x01, 0x0B, 0x07, 0x0F, 0x01, 0x0D, 0x01, 0x08, 0x01, 0x02, 0x15, 0x00, 0x01, 0x0B, 0x05, 0x0F,
    0x01, 0x0A, 0x01, 0x05, 0x18, 0x00, 0x01, 0x0B, 0x02, 0x0F, 0x01, 0x0D, 0x01, 0x08, 0x01, 0x02,
    0x1A, 0x00, 0x01, 0x03, 0x01, 0x09, 0x01, 0x05, 0xF8, 0x00, 0xCB, 0x00, 0x01, 0x01, 0x0E, 0x04,
    0x01, 0x02, 0x0F, 0x00, 0x01, 0x03, 0x01, 0x0D, 0x0F, 0x0F, 0x01, 0x07, 0x0D, 0x00, 0x01, 0x01,
    0x01, 0x0D, 0x11, 0x0F, 0x01, 0x02, 0x0C, 0x00, 0x01, 0x0A, 0x12, 0x0F, 0x01, 0x04, 0x0B, 0x00,
    0x01, 0x06, 0x13, 0x0F, 0x01, 0x04, 0x0A, 0x00, 0x01, 0x03, 0x14, 0x0F, 0x01, 0x04, 0x09, 0x00,
    0x01, 0x01, 0x01, 0x0C, 0x07, 0x0F, 0x01, 0x05, 0x01, 0x02, 0x01, 0x0C, 0x02, 0x0F, 0x01, 0x0C,
    0x01, 0x02, 0x01, 0x05, 0x05, 0x0F, 0x01, 0x04, 0x09, 0x00, 0x01, 0x09, 0x08, 0x0F, 0x01, 0x02,
    0x01, 0x00, 0x01, 0x01, 0x02, 0x0C, 0x01, 0x01, 0x01, 0x00, 0x01, 0x01, 0x05, 0x0F, 0x01, 0x04,
    0x08, 0x00, 0x01, 0x05, 0x09, 0x0F, 0x01, 0x0C, 0x01, 0x01, 0x01, 0x00, 0x02, 0x01, 0x01, 0x00,
    0x01, 0x01, 0x01, 0x0C, 0x05, 0x0F, 0x01, 0x04, 0x08, 0x00, 0x01, 0x0C, 0x0A, 0x0F, 0x01, 0x0C,
    0x01, 0x02, 0x02, 0x00, 0x01, 0x02, 0x01, 0x0C, 0x06, 0x0F, 0x01, 0x04, 0x08, 0x00, 0x01, 0x0C,
    0x0A, 0x0F, 0x01, 0x0C, 0x01, 0x02, 0x02, 0x00, 0x01, 0x02, 0x01, 0x0C, 0x06, 0x0F, 0x01, 0x04,
    0x08, 0x00, 0x01, 0x05, 0x09, 0x0F, 0x01, 0x0C, 0x01, 0x01, 0x01, 0x00, 0x02, 0x01, 0x01, 0x00,
    0x01, 0x01, 0x01, 0x0C, 0x05, 0x0F, 0x01, 0x04, 0x09, 0x00, 0x01, 0x09, 0x08, 0x0F, 0x01, 0x02,
    0x01, 0x00, 0x01, 0x01, 0x02, 0x0C, 0x01, 0x01, 0x01, 0x00, 0x01, 0x01, 0x01, 0x0E, 0x04, 0x0F,
    0x01, 0x04, 0x09, 0x00, 0x01, 0x01, 0x01, 0x0C, 0x07, 0x0F, 0x01, 0x05, 0x01, 0x02, 0x01, 0x0C,
    0x02, 0x0F, 0x01, 0x0C, 0x01, 0x02, 0x01, 0x05, 0x05, 0x0F, 0x01, 0x04, 0x0A, 0x00, 0x01, 0x03,
    0x14, 0x0F, 0x01, 0x04, 0x0B, 0x00, 0x01, 0x06, 0x13, 0x0F, 0x01, 0x04, 0x0C, 0x00, 0x01, 0x0A,
    0x12, 0x0F, 0x01, 0x04, 0x0C, 0x00, 0x01, 0x01, 0x01, 0x0D, 0x11, 0x0F, 0x01, 0x02, 0x0D, 0x00,
    0x01, 0x03, 0x01, 0x0D, 0x0F, 0x0F, 0x01, 0x07, 0x0F, 0x00, 0x01, 0x01, 0x0E, 0x04, 0x01, 0x02,
    0xC5, 0x00, 0xFF, 0x00, 0xA7, 0x00, 0x01, 0x01, 0x01, 0x0C, 0x01, 0x0D, 0x01, 0x02, 0x0C, 0x00,
    0x01, 0x02, 0x01, 0x0D, 0x01, 0x0C, 0x01, 0x01, 0x0C, 0x00, 0x01, 0x04, 0x02, 0x0F, 0x01, 0x06,
    0x0C, 0x00, 0x01, 0x06, 0x02, 0x0F, 0x01, 0x04, 0x0C, 0x00, 0x01, 0x04, 0x02, 0x0F, 0x01, 0x05,
    0x0C, 0x00, 0x01, 0x05, 0x02, 0x0F, 0x01, 0x04, 0x0C, 0x00, 0x01, 0x04, 0x02, 0x0F, 0x01, 0x09,
    0x0C, 0x06, 0x01, 0x09, 0x02, 0x0F, 0x01, 0x04, 0x0C, 0x00, 0x01, 0x02, 0x12, 0x0F, 0x01, 0x02,
    0x0D, 0x00, 0x01, 0x07, 0x10, 0x0F, 0x01, 0x07, 0x0F, 0x00, 0x01, 0x02, 0x0E, 0x04, 0x01, 0x02,
    0xFF, 0x00, 0x89, 0x00, 0x6D, 0x00, 0x01, 0x01, 0x01, 0x03, 0x02, 0x04, 0x01, 0x03, 0x01, 0x01,
    0x17, 0x00, 0x01, 0x01, 0x01, 0x06, 0x01, 0x0B, 0x01, 0x0E, 0x04, 0x0F, 0x01, 0x0E, 0x01, 0x0B,
    0x01, 0x06, 0x01, 0x01, 0x13, 0x00, 0x01, 0x06, 0x01, 0x0D, 0x0A, 0x0F, 0x01, 0x0D, 0x01, 0x06,
    0x10, 0x00, 0x01, 0x01, 0x01, 0x0A, 0x0E, 0x0F, 0x01, 0x0A, 0x01, 0x01, 0x0D, 0x00, 0x01, 0x01,
    0x01, 0x0B, 0x10, 0x0F, 0x01, 0x0B, 0x01, 0x01, 0x0C, 0x00, 0x01, 0x0A, 0x12, 0x0F, 0x01, 0x0A,
    0x0B, 0x00, 0x01, 0x06, 0x09, 0x0F, 0x02, 0x0E, 0x09, 0x0F, 0x01, 0x06, 0x09, 0x00, 0x01, 0x01,
    0x01, 0x0E, 0x08, 0x0F, 0x01, 0x0D, 0x02, 0x01, 0x01, 0x0D, 0x08, 0x0F, 0x01, 0x0E, 0x01, 0x01,
    0x08, 0x00, 0x01, 0x06, 0x09, 0x0F, 0x01, 0x0C, 0x02, 0x00, 0x01, 0x0C, 0x09, 0x0F, 0x01, 0x06,
    0x08, 0x00, 0x01, 0x0B, 0x0A, 0x0F, 0x02, 0x0B, 0x0A, 0x0F, 0x01, 0x0B, 0x07, 0x00, 0x01, 0x01,
    0x01, 0x0E, 0x16, 0x0F, 0x01, 0x0E, 0x01, 0x01, 0x06, 0x00, 0x01, 0x03, 0x0B, 0x0F, 0x02, 0x09,
    0x0B, 0x0F, 0x01, 0x03, 0x06, 0x00, 0x01, 0x04, 0x0A, 0x0F, 0x01, 0x0C, 0x02, 0x00, 0x01, 0x0C,
    0x0A, 0x0F, 0x01, 0x04, 0x06, 0x00, 0x01, 0x04, 0x0A, 0x0F, 0x01, 0x0B, 0x02, 0x00, 0x01, 0x0B,
    0x0A, 0x0F, 0x01, 0x04, 0x06, 0x00, 0x01, 0x03, 0x0A, 0x0F, 0x01, 0x0B, 0x02, 0x00, 0x01, 0x0B,
    0x0A, 0x0F, 0x01, 0x03, 0x06, 0x00, 0x01, 0x01, 0x01, 0x0E, 0x09, 0x0F, 0x01, 0x0B, 0x02, 0x00,
    0x01, 0x0B, 0x09, 0x0F, 0x01, 0x0E, 0x01, 0x01, 0x07, 0x00, 0x01, 0x0B, 0x09, 0x0F, 0x01, 0x0B,
    0x02, 0x00, 0x01, 0x0B, 0x09, 0x0F, 0x01, 0x0B, 0x08, 0x00, 0x01, 0x06, 0x09, 0x0F, 0x01, 0x0B,
    0x02, 0x00, 0x01, 0x0B, 0x09, 0x0F, 0x01, 0x06, 0x08, 0x00, 0x01, 0x01, 0x01, 0x0E, 0x08, 0x0F,
    0x01, 0x0D, 0x02, 0x01, 0x01, 0x0D, 0x08, 0x0F, 0x01, 0x0E, 0x01, 0x01, 0x09, 0x00, 0x01, 0x06,
    0x09, 0x0F, 0x02, 0x0E, 0x09, 0x0F, 0x01, 0x06, 0x0B, 0x00, 0x01, 0x0A, 0x12, 0x0F, 0x01, 0x0A,
    0x0C, 0x00, 0x01, 0x01, 0x01, 0x0B, 0x10, 0x0F, 0x01, 0x0B, 0x01, 0x01, 0x0D, 0x00, 0x01, 0x01,
    0x01, 0x0A, 0x0E, 0x0F, 0x01, 0x0A, 0x01, 0x01, 0x10, 0x00, 0x01, 0x06, 0x01, 0x0D, 0x0A, 0x0F,
    0x01, 0x0D, 0x01, 0x06, 0x13, 0x00, 0x01, 0x01, 0x01, 0x06, 0x01, 0x0B, 0x01, 0x0E, 0x04, 0x0F,
    0x01, 0x0E, 0x01, 0x0B, 0x01, 0x06, 0x01, 0x01, 0x17, 0x00, 0x01, 0x01, 0x01, 0x03, 0x02, 0x04,
    0x01, 0x03, 0x01, 0x01, 0x6D, 0x00, 0xCD, 0x00, 0x01, 0x01, 0x01, 0x06, 0x02, 0x09, 0x01, 0x06,
    0x01, 0x01, 0x19, 0x00, 0x01, 0x03, 0x01, 0x0D, 0x04, 0x0F, 0x01, 0x0D, 0x01, 0x03, 0x17, 0x00,
    0x01, 0x01, 0x01, 0x0D, 0x06, 0x0F, 0x01, 0x0D, 0x01, 0x01, 0x16, 0x00, 0x01, 0x07, 0x08, 0x0F,
    0x01, 0x07, 0x16, 0x00, 0x01, 0x0B, 0x08, 0x0F, 0x01, 0x0B, 0x16, 0x00, 0x01, 0x0B, 0x08, 0x0F,
    0x01, 0x0B, 0x16, 0x00, 0x01, 0x08, 0x08, 0x0F, 0x01, 0x08, 0x16, 0x00, 0x01, 0x02, 0x08, 0x0F,
    0x01, 0x02, 0x17, 0x00, 0x01, 0x05, 0x06, 0x0F, 0x01, 0x05, 0x19, 0x00, 0x01, 0x03, 0x01, 0x0A,
    0x02, 0x0C, 0x01, 0x0A, 0x01, 0x03, 0x38, 0x00, 0x01, 0x01, 0x01, 0x03, 0x01, 0x06, 0x01, 0x08,
    0x02, 0x09, 0x01, 0x08, 0x01, 0x06, 0x01, 0x03, 0x01, 0x01, 0x14, 0x00, 0x01, 0x03, 0x01, 0x09,
    0x01, 0x0D, 0x08, 0x0F, 0x01, 0x0D, 0x01, 0x09, 0x01, 0x03, 0x10, 0x00, 0x01, 0x01, 0x01, 0x09,
    0x0E, 0x0F, 0x01, 0x09, 0x01, 0x01, 0x0E, 0x00, 0x01, 0x0A, 0x10, 0x0F, 0x01, 0x0B, 0x0D, 0x00,
    0x01, 0x03, 0x12, 0x0F, 0x01, 0x03, 0x0C, 0x00, 0x01, 0x04, 0x12, 0x0F, 0x01, 0x04, 0x0C, 0x00,
    0x01, 0x02, 0x12, 0x0F, 0x01, 0x02, 0x0D, 0x00, 0x01, 0x08, 0x10, 0x0F, 0x01, 0x08, 0x0F, 0x00,
    0x01, 0x04, 0x0E, 0x06, 0x01, 0x04, 0xC8, 0x00, 0xB3, 0x00, 0x01, 0x08, 0x01, 0x0A, 0x01, 0x01,
    0x1C, 0x00, 0x01, 0x02, 0x02, 0x0F, 0x01, 0x05, 0x10, 0x00, 0x0B, 0x01, 0x01, 0x00, 0x01, 0x02,
    0x02, 0x0F, 0x01, 0x06, 0x01, 0x01, 0x01, 0x02, 0x02, 0x01, 0x0B, 0x00, 0x01, 0x07, 0x0A, 0x0E,
    0x01, 0x0D, 0x01, 0x04, 0x01, 0x02, 0x02, 0x0F, 0x05, 0x0E, 0x01, 0x06, 0x0A, 0x00, 0x01, 0x0A,
    0x0B, 0x0F, 0x01, 0x06, 0x01, 0x01, 0x07, 0x0F, 0x01, 0x08, 0x0A, 0x00, 0x01, 0x01, 0x01, 0x05,
    0x09, 0x06, 0x01, 0x05, 0x01, 0x00, 0x01, 0x02, 0x02, 0x0F, 0x01, 0x09, 0x03, 0x06, 0x01, 0x05,
    0x01, 0x01, 0x17, 0x00, 0x01, 0x02, 0x02, 0x0F, 0x01, 0x05, 0x13, 0x00, 0x01, 0x01, 0x02, 0x0B,
    0x01, 0x01, 0x05, 0x00, 0x01, 0x01, 0x01, 0x0B, 0x01, 0x0D, 0x01, 0x03, 0x01, 0x00, 0x01, 0x01,
    0x11, 0x00, 0x01, 0x03, 0x02, 0x0F, 0x01, 0x04, 0x19, 0x00, 0x03, 0x04, 0x01, 0x07, 0x02, 0x0F,
    0x01, 0x04, 0x02, 0x00, 0x01, 0x03, 0x09, 0x04, 0x01, 0x03, 0x0B, 0x00, 0x01, 0x09, 0x06, 0x0F,
    0x01, 0x04, 0x01, 0x00, 0x01, 0x07, 0x0B, 0x0F, 0x01, 0x07, 0x0A, 0x00, 0x01, 0x09, 0x06, 0x0F,
    0x01, 0x04, 0x01, 0x00, 0x01, 0x08, 0x0B, 0x0F, 0x01, 0x07, 0x0B, 0x00, 0x03, 0x04, 0x01, 0x07,
    0x02, 0x0F, 0x01, 0x04, 0x02, 0x00, 0x01, 0x03, 0x09, 0x04, 0x01, 0x03, 0x0F, 0x00, 0x01, 0x03,
    0x02, 0x0F, 0x01, 0x04, 0x1C, 0x00, 0x01, 0x01, 0x02, 0x0B, 0x01, 0x01, 0x02, 0x00, 0x01, 0x08,
    0x01, 0x0E, 0x01, 0x05, 0x01, 0x00, 0x01, 0x01, 0x1B, 0x00, 0x01, 0x0D, 0x01, 0x0F, 0x01, 0x09,
    0x14, 0x00, 0x06, 0x04, 0x01, 0x01, 0x02, 0x00, 0x01, 0x0C, 0x01, 0x0F, 0x01, 0x0B, 0x08, 0x04,
    0x0B, 0x00, 0x01, 0x0A, 0x06, 0x0F, 0x01, 0x0D, 0x02, 0x00, 0x01, 0x0D, 0x0A, 0x0F, 0x01, 0x08,
    0x0A, 0x00, 0x01, 0x08, 0x06, 0x0F, 0x01, 0x0B, 0x02, 0x00, 0x01, 0x0D, 0x0A, 0x0F, 0x01, 0x07,
    0x0B, 0x00, 0x06, 0x02, 0x03, 0x00, 0x01, 0x0C, 0x01, 0x0F, 0x01, 0x0A, 0x08, 0x02, 0x15, 0x00,
    0x01, 0x0D, 0x01, 0x0F, 0x01, 0x09, 0x1D, 0x00, 0x01, 0x05, 0x01, 0x0B, 0x01, 0x03, 0xAE, 0x00,
    0xA4, 0x00, 0x01, 0x02, 0x01, 0x09, 0x14, 0x0B, 0x01, 0x09, 0x01, 0x02, 0x07, 0x00, 0x01, 0x01,
    0x01, 0x0C, 0x16, 0x0F, 0x01, 0x0C, 0x01, 0x01, 0x06, 0x00, 0x01, 0x03, 0x18, 0x0F, 0x01, 0x03,
    0x06, 0x00, 0x01, 0x04, 0x18, 0x0F, 0x01, 0x04, 0x06, 0x00, 0x01, 0x04, 0x18, 0x0F, 0x01, 0x04,
    0x06, 0x00, 0x01, 0x04, 0x18, 0x0F, 0x01, 0x04, 0x06, 0x00, 0x01, 0x04, 0x18, 0x0F, 0x01, 0x04,
    0x06, 0x00, 0x01, 0x04, 0x18, 0x0F, 0x01, 0x04, 0x06, 0x00, 0x01, 0x04, 0x18, 0x0F, 0x01, 0x04,
    0x06, 0x00, 0x01, 0x04, 0x18, 0x0F, 0x01, 0x04, 0x06, 0x00, 0x01, 0x04, 0x18, 0x0F, 0x01, 0x04,
    0x06, 0x00, 0x01, 0x04, 0x18, 0x0F, 0x01, 0x04, 0x06, 0x00, 0x01, 0x04, 0x18, 0x0F, 0x01, 0x04,
    0x06, 0x00, 0x01, 0x04, 0x18, 0x0F, 0x01, 0x04, 0x06, 0x00, 0x01, 0x04, 0x18, 0x0F, 0x01, 0x04,
    0x06, 0x00, 0x01, 0x04, 0x18, 0x0F, 0x01, 0x04, 0x06, 0x00, 0x01, 0x03, 0x18, 0x0F, 0x01, 0x03,
    0x07, 0x00, 0x01, 0x0B, 0x16, 0x0F, 0x01, 0x0B, 0x08, 0x00, 0x01, 0x01, 0x01, 0x07, 0x05, 0x09,
    0x01, 0x0D, 0x08, 0x0F, 0x01, 0x0D, 0x05, 0x09, 0x01, 0x07, 0x01, 0x01, 0x0E, 0x00, 0x01, 0x04,
    0x01, 0x0E, 0x08, 0x0F, 0x01, 0x0E, 0x01, 0x04, 0x13, 0x00, 0x01, 0x02, 0x0C, 0x0F, 0x01, 0x02,
    0x13, 0x00, 0x01, 0x08, 0x0A, 0x0B, 0x01, 0x08, 0xAA, 0x00, 0x6D, 0x00, 0x01, 0x01, 0x01, 0x03,
    0x02, 0x04, 0x01, 0x03, 0x01, 0x01, 0x18, 0x00, 0x01, 0x04, 0x01, 0x0A, 0x01, 0x0E, 0x04, 0x0F,
    0x01, 0x0E, 0x01, 0x0A, 0x01, 0x04, 0x14, 0x00, 0x01, 0x01, 0x01, 0x0A, 0x0A, 0x0F, 0x01, 0x0A,
    0x01, 0x01, 0x11, 0x00, 0x01, 0x02, 0x01, 0x0D, 0x0C, 0x0F, 0x01, 0x0D, 0x01, 0x02, 0x0F, 0x00,
    0x01, 0x01, 0x01, 0x0C, 0x0E, 0x0F, 0x01, 0x0C, 0x01, 0x01, 0x0E, 0x00, 0x01, 0x09, 0x10, 0x0F,
    0x01, 0x09, 0x0D, 0x00, 0x01, 0x02, 0x12, 0x0F, 0x01, 0x02, 0x0C, 0x00, 0x01, 0x08, 0x12, 0x0F,
    0x01, 0x08, 0x0C, 0x00, 0x01, 0x0B, 0x07, 0x0F, 0x01, 0x0E, 0x02, 0x08, 0x01, 0x0E, 0x07, 0x0F,
    0x01, 0x0B, 0x0C, 0x00, 0x01, 0x0D, 0x06, 0x0F, 0x01, 0x0E, 0x01, 0x03, 0x02, 0x00, 0x01, 0x03,
    0x01, 0x0E, 0x06, 0x0F, 0x01, 0x0D, 0x0B, 0x00, 0x01, 0x01, 0x01, 0x0E, 0x06, 0x0F, 0x01, 0x0B,
    0x04, 0x00, 0x01, 0x0B, 0x06, 0x0F, 0x01, 0x0E, 0x01, 0x01, 0x0A, 0x00, 0x01, 0x01, 0x01, 0x0E,
    0x06, 0x0F, 0x01, 0x0D, 0x04, 0x00, 0x01, 0x0D, 0x06, 0x0F, 0x01, 0x0E, 0x01, 0x01, 0x0B, 0x00,
    0x01, 0x0C, 0x07, 0x0F, 0x01, 0x09, 0x02, 0x02, 0x01, 0x09, 0x07, 0x0F, 0x01, 0x0C, 0x0C, 0x00,
    0x01, 0x09, 0x08, 0x0F, 0x02, 0x0E, 0x08, 0x0F, 0x01, 0x09, 0x0C, 0x00, 0x01, 0x03, 0x12, 0x0F,
    0x01, 0x03, 0x0D, 0x00, 0x01, 0x0B, 0x10, 0x0F, 0x01, 0x0B, 0x0E, 0x00, 0x01, 0x03, 0x10, 0x0F,
    0x01, 0x03, 0x0F, 0x00, 0x01, 0x08, 0x0E, 0x0F, 0x01, 0x08, 0x11, 0x00, 0x01, 0x0C, 0x0C, 0x0F,
    0x01, 0x0C, 0x12, 0x00, 0x01, 0x02, 0x01, 0x0E, 0x0A, 0x0F, 0x01, 0x0E, 0x01, 0x02, 0x13, 0x00,
    0x01, 0x03, 0x01, 0x0E, 0x08, 0x0F, 0x01, 0x0E, 0x01, 0x03, 0x15, 0x00, 0x01, 0x04, 0x01, 0x0E,
    0x06, 0x0F, 0x01, 0x0E, 0x01, 0x04, 0x17, 0x00, 0x01, 0x03, 0x01, 0x0E, 0x04, 0x0F, 0x01, 0x0E,
    0x01, 0x03, 0x19, 0x00, 0x01, 0x03, 0x01, 0x0D, 0x02, 0x0F, 0x01, 0x0D, 0x01, 0x03, 0x1B, 0x00,
    0x01, 0x01, 0x02, 0x06, 0x01, 0x01, 0x8E, 0x00, 0x6E, 0x00, 0x01, 0x02, 0x02, 0x04, 0x01, 0x01,
    0x1B, 0x00, 0x01, 0x03, 0x01, 0x0E, 0x02, 0x0F, 0x01, 0x0E, 0x01, 0x02, 0x18, 0x00, 0x02, 0x01,
    0x01, 0x08, 0x04, 0x0F, 0x01, 0x06, 0x02, 0x01, 0x14, 0x00, 0x01, 0x01, 0x01, 0x0B, 0x03, 0x0E,
    0x04, 0x0F, 0x03, 0x0E, 0x01, 0x0A, 0x13, 0x00, 0x01, 0x05, 0x0C, 0x0F, 0x01, 0x03, 0x12, 0x00,
    0x01, 0x06, 0x0C, 0x0F, 0x01, 0x04, 0x12, 0x00, 0x01, 0x06, 0x0C, 0x0F, 0x01, 0x04, 0x12, 0x00,
    0x01, 0x06, 0x0C, 0x0F, 0x01, 0x04, 0x12, 0x00, 0x01, 0x06, 0x0C, 0x0F, 0x01, 0x04, 0x12, 0x00,
    0x01, 0x06, 0x0C, 0x0F, 0x01, 0x04, 0x12, 0x00, 0x01, 0x06, 0x0C, 0x0F, 0x01, 0x04, 0x12, 0x00,
    0x01, 0x06, 0x0C, 0x0F, 0x01, 0x04, 0x12, 0x00, 0x01, 0x06, 0x0A, 0x0F, 0x01, 0x0D, 0x01, 0x0C,
    0x01, 0x02, 0x12, 0x00, 0x01, 0x06, 0x08, 0x0F, 0x01, 0x09, 0x01, 0x03, 0x01, 0x01, 0x14, 0x00,
    0x01, 0x06, 0x06, 0x0F, 0x01, 0x0D, 0x01, 0x03, 0x17, 0x00, 0x01, 0x06, 0x05, 0x0F, 0x01, 0x0E,
    0x01, 0x02, 0x05, 0x00, 0x01, 0x03, 0x12, 0x00, 0x01, 0x06, 0x05, 0x0F, 0x01, 0x06, 0x05, 0x00,
    0x01, 0x04, 0x01, 0x0E, 0x01, 0x01, 0x11, 0x00, 0x01, 0x06, 0x04, 0x0F, 0x01, 0x0C, 0x05, 0x00,
    0x01, 0x01, 0x01, 0x0D, 0x01, 0x0E, 0x01, 0x01, 0x11, 0x00, 0x01, 0x06, 0x04, 0x0F, 0x01, 0x08,
    0x05, 0x00, 0x01, 0x0A, 0x01, 0x0F, 0x01, 0x0D, 0x12, 0x00, 0x01, 0x06, 0x04, 0x0F, 0x01, 0x05,
    0x04, 0x00, 0x01, 0x07, 0x02, 0x0F, 0x01, 0x0E, 0x01, 0x05, 0x01, 0x03, 0x10, 0x00, 0x01, 0x06,
    0x04, 0x0F, 0x01, 0x04, 0x03, 0x00, 0x01, 0x02, 0x06, 0x0F, 0x01, 0x01, 0x0F, 0x00, 0x01, 0x06,
    0x04, 0x0F, 0x01, 0x05, 0x04, 0x00, 0x01, 0x04, 0x01, 0x05, 0x01, 0x0E, 0x02, 0x0F, 0x01, 0x07,
    0x10, 0x00, 0x01, 0x06, 0x04, 0x0F, 0x01, 0x07, 0x06, 0x00, 0x01, 0x0E, 0x01, 0x0F, 0x01, 0x0A,
    0x11, 0x00, 0x01, 0x06, 0x04, 0x0F, 0x01, 0x0C, 0x05, 0x00, 0x01, 0x01, 0x01, 0x0F, 0x01, 0x0D,
    0x01, 0x01, 0x11, 0x00, 0x01, 0x02, 0x01, 0x0E, 0x03, 0x0F, 0x01, 0x0E, 0x01, 0x01, 0x04, 0x00,
    0x01, 0x01, 0x01, 0x0E, 0x01, 0x03, 0x13, 0x00, 0x01, 0x01, 0x03, 0x04, 0x01, 0x02, 0x05, 0x00,
    0x01, 0x01, 0x01, 0x03, 0x6A, 0x00, 0xAC, 0x00, 0x01, 0x01, 0x01, 0x04, 0x01, 0x06, 0x02, 0x07,
    0x01, 0x06, 0x01, 0x04, 0x01, 0x01, 0x16, 0x00, 0x01, 0x03, 0x01, 0x0A, 0x01, 0x0E, 0x06, 0x0F,
    0x01, 0x0E, 0x01, 0x0A, 0x01, 0x04, 0x12, 0x00, 0x01, 0x01, 0x01, 0x0A, 0x05, 0x0F, 0x02, 0x0E,
    0x05, 0x0F, 0x01, 0x0A, 0x01, 0x01, 0x0F, 0x00, 0x01, 0x03, 0x01, 0x0D, 0x02, 0x0F, 0x01, 0x0E,
    0x01, 0x09, 0x01, 0x05, 0x01, 0x02, 0x02, 0x01, 0x01, 0x02, 0x01, 0x05, 0x01, 0x09, 0x01, 0x0E,
    0x02, 0x0F, 0x01, 0x0D, 0x01, 0x03, 0x0D, 0x00, 0x01, 0x03, 0x01, 0x0E, 0x02, 0x0F, 0x01, 0x09,
    0x01, 0x02, 0x08, 0x00, 0x01, 0x02, 0x01, 0x09, 0x02, 0x0F, 0x01, 0x0E, 0x01, 0x03, 0x0B, 0x00,
    0x01, 0x01, 0x01, 0x0D, 0x02, 0x0F, 0x01, 0x06, 0x02, 0x00, 0x01, 0x01, 0x01, 0x06, 0x01, 0x0A,
    0x02, 0x0B, 0x01, 0x0A, 0x01, 0x06, 0x01, 0x01, 0x02, 0x00, 0x01, 0x06, 0x02, 0x0F, 0x01, 0x0D,
    0x01, 0x01, 0x0A, 0x00, 0x01, 0x0A, 0x02, 0x0F, 0x01, 0x06, 0x02, 0x00, 0x01, 0x06, 0x01, 0x0E,
    0x06, 0x0F, 0x01, 0x0E, 0x01, 0x06, 0x02, 0x00, 0x01, 0x06, 0x02, 0x0F, 0x01, 0x0A, 0x09, 0x00,
    0x01, 0x03, 0x02, 0x0F, 0x01, 0x09, 0x02, 0x00, 0x01, 0x08, 0x03, 0x0F, 0x01, 0x0C, 0x02, 0x0A,
    0x01, 0x0C, 0x03, 0x0F, 0x01, 0x08, 0x02, 0x00, 0x01, 0x09, 0x02, 0x0F, 0x01, 0x03, 0x08, 0x00,
    0x01, 0x0A, 0x01, 0x0F, 0x01, 0x0E, 0x01, 0x01, 0x01, 0x00, 0x01, 0x07, 0x02, 0x0F, 0x01, 0x0D,
    0x01, 0x04, 0x04, 0x00, 0x01, 0x04, 0x01, 0x0D, 0x02, 0x0F, 0x01, 0x07, 0x01, 0x00, 0x01, 0x01,
    0x01, 0x0E, 0x01, 0x0F, 0x01, 0x0A, 0x07, 0x00, 0x01, 0x01, 0x01, 0x0E, 0x01, 0x0F, 0x01, 0x09,
    0x01, 0x00, 0x01, 0x02, 0x01, 0x0E, 0x01, 0x0F, 0x01, 0x0D, 0x01, 0x01, 0x06, 0x00, 0x01, 0x01,
    0x01, 0x0D, 0x01, 0x0F, 0x01, 0x0E, 0x01, 0x02, 0x01, 0x00, 0x01, 0x09, 0x01, 0x0F, 0x01, 0x0E,
    0x01, 0x01, 0x06, 0x00, 0x01, 0x04, 0x02, 0x0F, 0x01, 0x05, 0x01, 0x00, 0x01, 0x07, 0x02, 0x0F,
    0x01, 0x04, 0x02, 0x00, 0x01, 0x01, 0x02, 0x07, 0x01, 0x01, 0x02, 0x00, 0x01, 0x04, 0x02, 0x0F,
    0x01, 0x07, 0x01, 0x00, 0x01, 0x05, 0x02, 0x0F, 0x01, 0x04, 0x06, 0x00, 0x01, 0x06, 0x02, 0x0F,
    0x01, 0x02, 0x01, 0x00, 0x01, 0x0B, 0x01, 0x0F, 0x01, 0x0C, 0x02, 0x00, 0x01, 0x01, 0x01, 0x0D,
    0x02, 0x0F, 0x01, 0x0D, 0x01, 0x01, 0x02, 0x00, 0x01, 0x0C, 0x01, 0x0F, 0x01, 0x0B, 0x01, 0x00,
    0x01, 0x02, 0x02, 0x0F, 0x01, 0x06, 0x06, 0x00, 0x01, 0x07, 0x01, 0x0F, 0x01, 0x0E, 0x01, 0x01,
    0x01, 0x00, 0x01, 0x0C, 0x01, 0x0F, 0x01, 0x0A, 0x02, 0x00, 0x01, 0x07, 0x04, 0x0F, 0x01, 0x07,
    0x02, 0x00, 0x01, 0x0A, 0x01, 0x0F, 0x01, 0x0C, 0x01, 0x00, 0x01, 0x01, 0x01, 0x0E, 0x01, 0x0F,
    0x01, 0x07, 0x06, 0x00, 0x01, 0x07, 0x01, 0x0F, 0x01, 0x0E, 0x01, 0x01, 0x01, 0x00, 0x01, 0x0C,
    0x01, 0x0F, 0x01, 0x0A, 0x02, 0x00, 0x01, 0x07, 0x04, 0x0F, 0x01, 0x07, 0x02, 0x00, 0x01, 0x0A,
    0x01, 0x0F, 0x01, 0x0C, 0x01, 0x00, 0x01, 0x01, 0x01, 0x0E, 0x01, 0x0F, 0x01, 0x07, 0x06, 0x00,
    0x01, 0x06, 0x02, 0x0F, 0x01, 0x02, 0x01, 0x00, 0x01, 0x0B, 0x01, 0x0F, 0x01, 0x0C, 0x02, 0x00,
    0x01, 0x01, 0x01, 0x0D, 0x02, 0x0F, 0x01, 0x0D, 0x01, 0x01, 0x02, 0x00, 0x01, 0x0C, 0x01, 0x0F,
    0x01, 0x0B, 0x01, 0x00, 0x01, 0x02, 0x02, 0x0F, 0x01, 0x06, 0x06, 0x00, 0x01, 0x04, 0x02, 0x0F,
    0x01, 0x05, 0x01, 0x00, 0x01, 0x08, 0x02, 0x0F, 0x01, 0x04, 0x02, 0x00, 0x01, 0x01, 0x02, 0x07,
    0x01, 0x01, 0x02, 0x00, 0x01, 0x04, 0x02, 0x0F, 0x01, 0x07, 0x01, 0x00, 0x01, 0x05, 0x02, 0x0F,
    0x01, 0x04, 0x06, 0x00, 0x01, 0x01, 0x01, 0x0E, 0x01, 0x0F, 0x01, 0x0A, 0x01, 0x00, 0x01, 0x02,
    0x01, 0x0E, 0x01, 0x0F, 0x01, 0x0A, 0x08, 0x00, 0x01, 0x0A, 0x01, 0x0F, 0x01, 0x0E, 0x01, 0x02,
    0x01, 0x00, 0x01, 0x0A, 0x01, 0x0F, 0x01, 0x0E, 0x01, 0x01, 0x07, 0x00, 0x01, 0x0A, 0x01, 0x0F,
    0x01, 0x0E, 0x01, 0x02, 0x01, 0x00, 0x01, 0x07, 0x01, 0x0E, 0x01, 0x06, 0x08, 0x00, 0x01, 0x06,
    0x01, 0x0E, 0x01, 0x07, 0x01, 0x00, 0x01, 0x02, 0x01, 0x0E, 0x01, 0x0F, 0x01, 0x0A, 0x08, 0x00,
    0x01, 0x03, 0x02, 0x0F, 0x01, 0x0A, 0x02, 0x00, 0x01, 0x01, 0x0A, 0x00, 0x01, 0x01, 0x02, 0x00,
    0x01, 0x0A, 0x02, 0x0F, 0x01, 0x03, 0x09, 0x00, 0x01, 0x0A, 0x02, 0x0F, 0x01, 0x04, 0x0E, 0x00,
    0x01, 0x05, 0x02, 0x0F, 0x01, 0x0A, 0x0A, 0x00, 0x01, 0x01, 0x01, 0x0D, 0x01, 0x0F, 0x01, 0x04,
    0x0E, 0x00, 0x01, 0x05, 0x01, 0x0F, 0x01, 0x0D, 0x01, 0x01, 0x0B, 0x00, 0x01, 0x01, 0x01, 0x03,
    0x10, 0x00, 0x01, 0x03, 0x01, 0x01, 0xA6, 0x00, 0x6F, 0x00, 0x02, 0x02, 0x1B, 0x00, 0x01, 0x01,
    0x01, 0x05, 0x01, 0x0B, 0x02, 0x0E, 0x01, 0x0B, 0x01, 0x05, 0x01, 0x01, 0x16, 0x00, 0x01, 0x03,
    0x01, 0x08, 0x01, 0x0D, 0x06, 0x0F, 0x01, 0x0D, 0x01, 0x08, 0x01, 0x03, 0x11, 0x00, 0x01, 0x01,
    0x01, 0x06, 0x01, 0x0C, 0x0C, 0x0F, 0x01, 0x0C, 0x01, 0x06, 0x01, 0x01, 0x0D, 0x00, 0x01, 0x04,
    0x01, 0x0E, 0x10, 0x0F, 0x01, 0x0E, 0x01, 0x04, 0x0C, 0x00, 0x01, 0x0D, 0x12, 0x0F, 0x01, 0x0D,
    0x0B, 0x00, 0x01, 0x01, 0x01, 0x0E, 0x12, 0x0F, 0x01, 0x0E, 0x01, 0x01, 0x0A, 0x00, 0x01, 0x01,
    0x01, 0x0E, 0x12, 0x0F, 0x01, 0x0E, 0x01, 0x01, 0x0A, 0x00, 0x01, 0x01, 0x01, 0x0E, 0x12, 0x0F,
    0x01, 0x0E, 0x01, 0x01, 0x0A, 0x00, 0x01, 0x01, 0x01, 0x0E, 0x12, 0x0F, 0x01, 0x0E, 0x01, 0x01,
    0x0A, 0x00, 0x01, 0x01, 0x01, 0x0E, 0x12, 0x0F, 0x01, 0x0E, 0x01, 0x01, 0x0A, 0x00, 0x01, 0x01,
    0x01, 0x0E, 0x12, 0x0F, 0x01, 0x0E, 0x01, 0x01, 0x0A, 0x00, 0x01, 0x01, 0x01, 0x0E, 0x12, 0x0F,
    0x01, 0x0E, 0x01, 0x01, 0x0B, 0x00, 0x01, 0x0D, 0x12, 0x0F, 0x01, 0x0D, 0x0C, 0x00, 0x01, 0x0B,
    0x12, 0x0F, 0x01, 0x0B, 0x0C, 0x00, 0x01, 0x08, 0x12, 0x0F, 0x01, 0x08, 0x0C, 0x00, 0x01, 0x03,
    0x12, 0x0F, 0x01, 0x03, 0x0D, 0x00, 0x01, 0x0C, 0x10, 0x0F, 0x01, 0x0C, 0x0E, 0x00, 0x01, 0x05,
    0x10, 0x0F, 0x01, 0x05, 0x0F, 0x00, 0x01, 0x0B, 0x0E, 0x0F, 0x01, 0x0B, 0x10, 0x00, 0x01, 0x02,
    0x01, 0x0E, 0x0C, 0x0F, 0x01, 0x0E, 0x01, 0x02, 0x11, 0x00, 0x01, 0x04, 0x0C, 0x0F, 0x01, 0x04,
    0x13, 0x00, 0x01, 0x05, 0x01, 0x0E, 0x08, 0x0F, 0x01, 0x0E, 0x01, 0x05, 0x15, 0x00, 0x01, 0x03,
    0x01, 0x0B, 0x06, 0x0F, 0x01, 0x0B, 0x01, 0x03, 0x18, 0x00, 0x01, 0x05, 0x01, 0x0B, 0x02, 0x0E,
    0x01, 0x0B, 0x01, 0x05, 0x1C, 0x00, 0x02, 0x02, 0x6F, 0x00, 0x4D, 0x00, 0x01, 0x01, 0x01, 0x08,
    0x02, 0x0B, 0x01, 0x08, 0x01, 0x01, 0x19, 0x00, 0x01, 0x01, 0x01, 0x0D, 0x04, 0x0F, 0x01, 0x0C,
    0x01, 0x01, 0x18, 0x00, 0x01, 0x09, 0x06, 0x0F, 0x01, 0x08, 0x12, 0x00, 0x01, 0x06, 0x05, 0x0B,
    0x07, 0x0F, 0x01, 0x0E, 0x05, 0x0B, 0x01, 0x06, 0x0B, 0x00, 0x01, 0x06, 0x14, 0x0F, 0x01, 0x06,
    0x0A, 0x00, 0x01, 0x0B, 0x14, 0x0F, 0x01, 0x0B, 0x0A, 0x00, 0x01, 0x0B, 0x14, 0x0F, 0x01, 0x0B,
    0x0A, 0x00, 0x01, 0x0B, 0x14, 0x0F, 0x01, 0x0B, 0x0A, 0x00, 0x01, 0x0B, 0x14, 0x0F, 0x01, 0x0B,
    0x0A, 0x00, 0x01, 0x0B, 0x14, 0x0F, 0x01, 0x0B, 0x0A, 0x00, 0x01, 0x09, 0x14, 0x0F, 0x01, 0x0E,
    0x01, 0x08, 0x01, 0x01, 0x08, 0x00, 0x01, 0x01, 0x01, 0x05, 0x01, 0x0D, 0x14, 0x0F, 0x01, 0x0B,
    0x01, 0x01, 0x09, 0x00, 0x01, 0x03, 0x15, 0x0F, 0x01, 0x07, 0x0A, 0x00, 0x01, 0x0C, 0x14, 0x0F,
    0x01, 0x0B, 0x0A, 0x00, 0x01, 0x0C, 0x14, 0x0F, 0x01, 0x0B, 0x09, 0x00, 0x01, 0x03, 0x15, 0x0F,
    0x01, 0x07, 0x08, 0x00, 0x01, 0x05, 0x01, 0x0D, 0x14, 0x0F, 0x01, 0x0C, 0x01, 0x01, 0x07, 0x00,
    0x01, 0x09, 0x14, 0x0F, 0x01, 0x0E, 0x01, 0x09, 0x01, 0x01, 0x08, 0x00, 0x01, 0x0B, 0x14, 0x0F,
    0x01, 0x0B, 0x0A, 0x00, 0x01, 0x0B, 0x14, 0x0F, 0x01, 0x0B, 0x0A, 0x00, 0x01, 0x0B, 0x14, 0x0F,
    0x01, 0x0B, 0x0A, 0x00, 0x01, 0x0B, 0x14, 0x0F, 0x01, 0x0B, 0x0A, 0x00, 0x01, 0x0B, 0x14, 0x0F,
    0x01, 0x0B, 0x0A, 0x00, 0x01, 0x06, 0x14, 0x0F, 0x01, 0x06, 0x0B, 0x00, 0x01, 0x06, 0x12, 0x0B,
    0x01, 0x06, 0xA6, 0x00, 0x6F, 0x00, 0x01, 0x02, 0x01, 0x03, 0x1D, 0x00, 0x01, 0x02, 0x01, 0x0E,
    0x01, 0x0F, 0x01, 0x03, 0x1C, 0x00, 0x01, 0x04, 0x02, 0x0F, 0x01, 0x06, 0x1C, 0x00, 0x01, 0x04,
    0x02, 0x0F, 0x01, 0x06, 0x15, 0x00, 0x01, 0x02, 0x06, 0x00, 0x01, 0x04, 0x02, 0x0F, 0x01, 0x06,
    0x06, 0x00, 0x01, 0x02, 0x0D, 0x00, 0x01, 0x09, 0x01, 0x0F, 0x01, 0x07, 0x05, 0x00, 0x01, 0x04,
    0x02, 0x0F, 0x01, 0x06, 0x05, 0x00, 0x01, 0x07, 0x01, 0x0F, 0x01, 0x09, 0x0B, 0x00, 0x01, 0x05,
    0x02, 0x0F, 0x01, 0x0A, 0x05, 0x00, 0x01, 0x04, 0x02, 0x0F, 0x01, 0x06, 0x05, 0x00, 0x01, 0x0A,
    0x02, 0x0F, 0x01, 0x05, 0x09, 0x00, 0x01, 0x01, 0x01, 0x0D, 0x01, 0x0F, 0x01, 0x0E, 0x01, 0x03,
    0x05, 0x00, 0x01, 0x04, 0x02, 0x0F, 0x01, 0x06, 0x05, 0x00, 0x01, 0x03, 0x01, 0x0E, 0x01, 0x0F,
    0x01, 0x0D, 0x01, 0x01, 0x08, 0x00, 0x01, 0x06, 0x02, 0x0F, 0x01, 0x08, 0x06, 0x00, 0x01, 0x04,
    0x02, 0x0F, 0x01, 0x06, 0x06, 0x00, 0x01, 0x08, 0x02, 0x0F, 0x01, 0x05, 0x08, 0x00, 0x01, 0x0B,
    0x01, 0x0F, 0x01, 0x0E, 0x01, 0x01, 0x06, 0x00, 0x01, 0x04, 0x02, 0x0F, 0x01, 0x06, 0x06, 0x00,
    0x01, 0x01, 0x01, 0x0E, 0x01, 0x0F, 0x01, 0x0B, 0x07, 0x00, 0x01, 0x01, 0x01, 0x0E, 0x01, 0x0F,
    0x01, 0x0A, 0x07, 0x00, 0x01, 0x04, 0x02, 0x0F, 0x01, 0x06, 0x07, 0x00, 0x01, 0x0A, 0x01, 0x0F,
    0x01, 0x0E, 0x01, 0x01, 0x06, 0x00, 0x01, 0x03, 0x02, 0x0F, 0x01, 0x07, 0x07, 0x00, 0x01, 0x04,
    0x02, 0x0F, 0x01, 0x06, 0x07, 0x00, 0x01, 0x07, 0x02, 0x0F, 0x01, 0x03, 0x06, 0x00, 0x01, 0x04,
    0x02, 0x0F, 0x01, 0x06, 0x07, 0x00, 0x01, 0x04, 0x02, 0x0F, 0x01, 0x06, 0x07, 0x00, 0x01, 0x06,
    0x02, 0x0F, 0x01, 0x04, 0x06, 0x00, 0x01, 0x04, 0x02, 0x0F, 0x01, 0x06, 0x07, 0x00, 0x01, 0x04,
    0x02, 0x0F, 0x01, 0x05, 0x07, 0x00, 0x01, 0x06, 0x02, 0x0F, 0x01, 0x04, 0x06, 0x00, 0x01, 0x03,
    0x02, 0x0F, 0x01, 0x07, 0x08, 0x00, 0x01, 0x09, 0x01, 0x0A, 0x01, 0x01, 0x07, 0x00, 0x01, 0x07,
    0x02, 0x0F, 0x01, 0x03, 0x06, 0x00, 0x01, 0x01, 0x01, 0x0E, 0x01, 0x0F, 0x01, 0x0A, 0x12, 0x00,
    0x01, 0x0A, 0x01, 0x0F, 0x01, 0x0E, 0x01, 0x01, 0x07, 0x00, 0x01, 0x0B, 0x01, 0x0F, 0x01, 0x0E,
    0x01, 0x01, 0x10, 0x00, 0x01, 0x01, 0x01, 0x0E, 0x01, 0x0F, 0x01, 0x0B, 0x08, 0x00, 0x01, 0x06,
    0x02, 0x0F, 0x01, 0x07, 0x10, 0x00, 0x01, 0x07, 0x02, 0x0F, 0x01, 0x06, 0x08, 0x00, 0x01, 0x01,
    0x01, 0x0E, 0x01, 0x0F, 0x01, 0x0E, 0x01, 0x02, 0x0E, 0x00, 0x01, 0x02, 0x01, 0x0E, 0x01, 0x0F,
    0x01, 0x0E, 0x01, 0x01, 0x09, 0x00, 0x01, 0x06, 0x02, 0x0F, 0x01, 0x0C, 0x01, 0x01, 0x0C, 0x00,
    0x01, 0x01, 0x01, 0x0C, 0x02, 0x0F, 0x01, 0x06, 0x0B, 0x00, 0x01, 0x0A, 0x02, 0x0F, 0x01, 0x0C,
    0x01, 0x02, 0x0A, 0x00, 0x01, 0x02, 0x01, 0x0C, 0x02, 0x0F, 0x01, 0x0A, 0x0C, 0x00, 0x01, 0x01,
    0x01, 0x0B, 0x02, 0x0F, 0x01, 0x0E, 0x01, 0x07, 0x01, 0x01, 0x06, 0x00, 0x01, 0x01, 0x01, 0x07,
    0x01, 0x0E, 0x02, 0x0F, 0x01, 0x0B, 0x01, 0x01, 0x0D, 0x00, 0x01, 0x01, 0x01, 0x0A, 0x03, 0x0F,
    0x01, 0x0E, 0x01, 0x0A, 0x01, 0x07, 0x02, 0x06, 0x01, 0x07, 0x01, 0x0A, 0x01, 0x0E, 0x03, 0x0F,
    0x01, 0x0A, 0x01, 0x01, 0x10, 0x00, 0x01, 0x06, 0x01, 0x0D, 0x0A, 0x0F, 0x01, 0x0D, 0x01, 0x06,
    0x13, 0x00, 0x01, 0x01, 0x01, 0x06, 0x01, 0x0B, 0x01, 0x0E, 0x04, 0x0F, 0x01, 0x0E, 0x01, 0x0B,
    0x01, 0x06, 0x01, 0x01, 0x17, 0x00, 0x01, 0x01, 0x01, 0x03, 0x02, 0x04, 0x01, 0x03, 0x01, 0x01,
    0x6D, 0x00, 0xCE, 0x00, 0x01, 0x02, 0x02, 0x04, 0x01, 0x02, 0x19, 0x00, 0x01, 0x01, 0x01, 0x08,
    0x01, 0x0D, 0x04, 0x0F, 0x01, 0x0D, 0x01, 0x08, 0x01, 0x01, 0x15, 0x00, 0x01, 0x04, 0x01, 0x0D,
    0x08, 0x0F, 0x01, 0x0D, 0x01, 0x04, 0x13, 0x00, 0x01, 0x05, 0x0C, 0x0F, 0x01, 0x04, 0x11, 0x00,
    0x01, 0x02, 0x01, 0x0E, 0x0C, 0x0F, 0x01, 0x0E, 0x01, 0x02, 0x10, 0x00, 0x01, 0x09, 0x0E, 0x0F,
    0x01, 0x0A, 0x0E, 0x00, 0x01, 0x01, 0x01, 0x03, 0x01, 0x0E, 0x0F, 0x0F, 0x01, 0x02, 0x0C, 0x00,
    0x01, 0x08, 0x01, 0x0D, 0x11, 0x0F, 0x01, 0x05, 0x0A, 0x00, 0x01, 0x01, 0x01, 0x0B, 0x13, 0x0F,
    0x01, 0x0C, 0x01, 0x08, 0x01, 0x04, 0x08, 0x00, 0x01, 0x0A, 0x17, 0x0F, 0x01, 0x0A, 0x06, 0x00,
    0x01, 0x04, 0x19, 0x0F, 0x01, 0x0A, 0x05, 0x00, 0x01, 0x09, 0x1A, 0x0F, 0x01, 0x04, 0x04, 0x00,
    0x01, 0x0B, 0x1A, 0x0F, 0x01, 0x09, 0x04, 0x00, 0x01, 0x0B, 0x1A, 0x0F, 0x01, 0x0B, 0x04, 0x00,
    0x01, 0x09, 0x1A, 0x0F, 0x01, 0x0B, 0x04, 0x00, 0x01, 0x04, 0x1A, 0x0F, 0x01, 0x07, 0x05, 0x00,
    0x01, 0x0A, 0x18, 0x0F, 0x01, 0x0E, 0x01, 0x02, 0x05, 0x00, 0x01, 0x01, 0x01, 0x0B, 0x17, 0x0F,
    0x01, 0x05, 0x08, 0x00, 0x01, 0x08, 0x01, 0x0D, 0x13, 0x0F, 0x01, 0x0B, 0x01, 0x04, 0x0A, 0x00,
    0x01, 0x01, 0x01, 0x03, 0x11, 0x04, 0x01, 0x02, 0xC6, 0x00, 0x65, 0x00, 0x01, 0x02, 0x14, 0x04,
    0x01, 0x02, 0x09, 0x00, 0x01, 0x07, 0x16, 0x0F, 0x01, 0x07, 0x07, 0x00, 0x01, 0x02, 0x18, 0x0F,
    0x01, 0x02, 0x06, 0x00, 0x01, 0x04, 0x02, 0x0F, 0x01, 0x09, 0x12, 0x06, 0x01, 0x09, 0x02, 0x0F,
    0x01, 0x04, 0x06, 0x00, 0x01, 0x04, 0x02, 0x0F, 0x01, 0x05, 0x12, 0x00, 0x01, 0x05, 0x02, 0x0F,
    0x01, 0x04, 0x06, 0x00, 0x01, 0x04, 0x02, 0x0F, 0x01, 0x06, 0x01, 0x00, 0x01, 0x01, 0x0E, 0x00,
    0x01, 0x01, 0x01, 0x00, 0x01, 0x06, 0x02, 0x0F, 0x01, 0x04, 0x06, 0x00, 0x01, 0x04, 0x02, 0x0F,
    0x01, 0x05, 0x12, 0x00, 0x01, 0x05, 0x02, 0x0F, 0x01, 0x04, 0x06, 0x00, 0x01, 0x04, 0x02, 0x0F,
    0x01, 0x0A, 0x01, 0x07, 0x01, 0x08, 0x0E, 0x07, 0x01, 0x08, 0x01, 0x07, 0x01, 0x0A, 0x02, 0x0F,
    0x01, 0x04, 0x06, 0x00, 0x01, 0x01, 0x01, 0x0E, 0x16, 0x0F, 0x01, 0x0E, 0x01, 0x01, 0x07, 0x00,
    0x01, 0x04, 0x01, 0x0E, 0x14, 0x0F, 0x01, 0x0E, 0x01, 0x04, 0x09, 0x00, 0x01, 0x0B, 0x14, 0x0F,
    0x01, 0x0B, 0x0A, 0x00, 0x01, 0x0B, 0x14, 0x0F, 0x01, 0x0B, 0x0A, 0x00, 0x01, 0x0B, 0x08, 0x0F,
    0x04, 0x0E, 0x08, 0x0F, 0x01, 0x0B, 0x0A, 0x00, 0x01, 0x0B, 0x06, 0x0F, 0x01, 0x0E, 0x01, 0x04,
    0x04, 0x01, 0x01, 0x04, 0x01, 0x0E, 0x06, 0x0F, 0x01, 0x0B, 0x0A, 0x00, 0x01, 0x0B, 0x06, 0x0F,
    0x01, 0x0D, 0x06, 0x00, 0x01, 0x0D, 0x06, 0x0F, 0x01, 0x0B, 0x0A, 0x00, 0x01, 0x0B, 0x07, 0x0F,
    0x01, 0x0C, 0x04, 0x09, 0x01, 0x0C, 0x07, 0x0F, 0x01, 0x0B, 0x0A, 0x00, 0x01, 0x0B, 0x14, 0x0F,
    0x01, 0x0B, 0x0A, 0x00, 0x01, 0x0B, 0x14, 0x0F, 0x01, 0x0B, 0x0A, 0x00, 0x01, 0x0B, 0x14, 0x0F,
    0x01, 0x0B, 0x0A, 0x00, 0x01, 0x0B, 0x14, 0x0F, 0x01, 0x0B, 0x0A, 0x00, 0x01, 0x0B, 0x14, 0x0F,
    0x01, 0x0B, 0x0A, 0x00, 0x01, 0x0B, 0x14, 0x0F, 0x01, 0x0B, 0x0A, 0x00, 0x01, 0x0B, 0x14, 0x0F,
    0x01, 0x0B, 0x0A, 0x00, 0x01, 0x09, 0x14, 0x0F, 0x01, 0x09, 0x0A, 0x00, 0x01, 0x02, 0x01, 0x0C,
    0x12, 0x0F, 0x01, 0x0C, 0x01, 0x02, 0x0C, 0x00, 0x01, 0x03, 0x10, 0x04, 0x01, 0x03, 0x67, 0x00,
    0xFF, 0x00, 0x17, 0x00, 0x01, 0x01, 0x01, 0x09, 0x01, 0x06, 0x1C, 0x00, 0x01, 0x02, 0x01, 0x0D,
    0x02, 0x0F, 0x01, 0x02, 0x12, 0x00, 0x02, 0x04, 0x06, 0x00, 0x01, 0x02, 0x01, 0x0D, 0x02, 0x0F,
    0x01, 0x0A, 0x11, 0x00, 0x01, 0x02, 0x01, 0x0C, 0x02, 0x0F, 0x01, 0x0B, 0x01, 0x01, 0x03, 0x00,
    0x01, 0x02, 0x01, 0x0D, 0x02, 0x0F, 0x01, 0x0A, 0x11, 0x00, 0x01, 0x02, 0x01, 0x0D, 0x04, 0x0F,
    0x01, 0x0C, 0x01, 0x01, 0x01, 0x00, 0x01, 0x02, 0x01, 0x0D, 0x02, 0x0F, 0x01, 0x0B, 0x11, 0x00,
    0x01, 0x02, 0x01, 0x0D, 0x02, 0x0F, 0x01, 0x09, 0x01, 0x0B, 0x02, 0x0F, 0x01, 0x0C, 0x01, 0x04,
    0x01, 0x0D, 0x02, 0x0F, 0x01, 0x0A, 0x11, 0x00, 0x01, 0x02, 0x01, 0x0D, 0x02, 0x0F, 0x01, 0x0A,
    0x01, 0x00, 0x01, 0x01, 0x01, 0x0C, 0x05, 0x0F, 0x01, 0x0A, 0x01, 0x00, 0x01, 0x02, 0x01, 0x0A,
    0x01, 0x07, 0x0D, 0x00, 0x01, 0x01, 0x01, 0x0D, 0x02, 0x0F, 0x01, 0x0A, 0x03, 0x00, 0x01, 0x01,
    0x01, 0x0C, 0x03, 0x0F, 0x01, 0x0A, 0x01, 0x01, 0x01, 0x00, 0x01, 0x07, 0x02, 0x0F, 0x01, 0x02,
    0x0C, 0x00, 0x01, 0x03, 0x02, 0x0F, 0x01, 0x0A, 0x01, 0x00, 0x01, 0x03, 0x01, 0x02, 0x02, 0x00,
    0x01, 0x01, 0x01, 0x08, 0x01, 0x0B, 0x01, 0x07, 0x03, 0x00, 0x01, 0x07, 0x02, 0x0F, 0x01, 0x02,
    0x0D, 0x00, 0x01, 0x06, 0x01, 0x08, 0x01, 0x00, 0x01, 0x03, 0x01, 0x0F, 0x01, 0x0E, 0x01, 0x02,
    0x04, 0x00, 0x01, 0x01, 0x01, 0x0A, 0x01, 0x08, 0x01, 0x00, 0x01, 0x07, 0x02, 0x0F, 0x01, 0x02,
    0x10, 0x00, 0x01, 0x06, 0x02, 0x0F, 0x01, 0x04, 0x04, 0x00, 0x01, 0x07, 0x02, 0x0F, 0x01, 0x01,
    0x01, 0x07, 0x02, 0x0F, 0x01, 0x02, 0x10, 0x00, 0x01, 0x06, 0x02, 0x0F, 0x01, 0x04, 0x01, 0x00,
    0x01, 0x03, 0x01, 0x02, 0x01, 0x00, 0x01, 0x08, 0x02, 0x0F, 0x01, 0x01, 0x01, 0x07, 0x02, 0x0F,
    0x01, 0x02, 0x0E, 0x00, 0x01, 0x01, 0x01, 0x00, 0x01, 0x06, 0x02, 0x0F, 0x02, 0x03, 0x01, 0x0F,
    0x01, 0x0E, 0x01, 0x01, 0x01, 0x07, 0x02, 0x0F, 0x01, 0x01, 0x01, 0x07, 0x02, 0x0F, 0x01, 0x02,
    0x0C, 0x00, 0x01, 0x01, 0x01, 0x0C, 0x01, 0x0D, 0x01, 0x01, 0x01, 0x05, 0x02, 0x0F, 0x01, 0x03,
    0x01, 0x05, 0x02, 0x0F, 0x01, 0x03, 0x01, 0x07, 0x02, 0x0F, 0x01, 0x01, 0x01, 0x07, 0x02, 0x0F,
    0x01, 0x02, 0x0C, 0x00, 0x01, 0x04, 0x02, 0x0F, 0x01, 0x05, 0x01, 0x04, 0x02, 0x0F, 0x01, 0x03,
    0x01, 0x05, 0x02, 0x0F, 0x01, 0x03, 0x01, 0x07, 0x02, 0x0F, 0x01, 0x01, 0x01, 0x07, 0x02, 0x0F,
    0x01, 0x02, 0x0C, 0x00, 0x01, 0x04, 0x02, 0x0F, 0x02, 0x05, 0x02, 0x0F, 0x01, 0x03, 0x01, 0x05,
    0x02, 0x0F, 0x01, 0x03, 0x01, 0x07, 0x02, 0x0F, 0x01, 0x01, 0x01, 0x07, 0x02, 0x0F, 0x01, 0x02,
    0x0C, 0x00, 0x01, 0x02, 0x01, 0x0D, 0x01, 0x0E, 0x02, 0x02, 0x01, 0x0E, 0x01, 0x0D, 0x01, 0x01,
    0x01, 0x02, 0x01, 0x0E, 0x01, 0x0D, 0x01, 0x01, 0x01, 0x04, 0x01, 0x0E, 0x01, 0x0C, 0x01, 0x00,
    0x01, 0x04, 0x01, 0x0E, 0x01, 0x0C, 0x01, 0x01, 0x0D, 0x00, 0x02, 0x01, 0x02, 0x00, 0x02, 0x01,
    0x02, 0x00, 0x02, 0x01, 0x02, 0x00, 0x01, 0x02, 0x01, 0x01, 0x02, 0x00, 0x01, 0x02, 0x01, 0x01,
    0xC7, 0x00, 0xFF, 0x00, 0x05, 0x00, 0x01, 0x01, 0x01, 0x09, 0x03, 0x0B, 0x01, 0x0A, 0x01, 0x01,
    0x01, 0x00, 0x01, 0x08, 0x01, 0x0B, 0x01, 0x09, 0x02, 0x00, 0x01, 0x09, 0x01, 0x0B, 0x01, 0x08,
    0x01, 0x00, 0x01, 0x01, 0x01, 0x0A, 0x03, 0x0B, 0x01, 0x09, 0x01, 0x02, 0x07, 0x00, 0x01, 0x01,
    0x01, 0x0C, 0x05, 0x0F, 0x01, 0x01, 0x01, 0x00, 0x01, 0x0C, 0x01, 0x0F, 0x01, 0x0D, 0x02, 0x00,
    0x01, 0x0D, 0x01, 0x0F, 0x01, 0x0C, 0x01, 0x00, 0x01, 0x01, 0x05, 0x0F, 0x01, 0x0C, 0x01, 0x01,
    0x06, 0x00, 0x01, 0x03, 0x05, 0x0F, 0x01, 0x0E, 0x01, 0x01, 0x01, 0x00, 0x01, 0x0B, 0x01, 0x0F,
    0x01, 0x0C, 0x02, 0x00, 0x01, 0x0C, 0x01, 0x0F, 0x01, 0x0B, 0x01, 0x00, 0x01, 0x01, 0x01, 0x0E,
    0x05, 0x0F, 0x01, 0x03, 0x06, 0x00, 0x01, 0x04, 0x05, 0x0F, 0x01, 0x0E, 0x01, 0x01, 0x01, 0x00,
    0x01, 0x0B, 0x01, 0x0F, 0x01, 0x0D, 0x02, 0x00, 0x01, 0x0D, 0x01, 0x0F, 0x01, 0x0B, 0x01, 0x00,
    0x01, 0x01, 0x01, 0x0E, 0x05, 0x0F, 0x01, 0x04, 0x06, 0x00, 0x01, 0x04, 0x05, 0x0F, 0x01, 0x0E,
    0x01, 0x01, 0x01, 0x00, 0x01, 0x0B, 0x01, 0x0F, 0x01, 0x0D, 0x02, 0x00, 0x01, 0x0D, 0x01, 0x0F,
    0x01, 0x0B, 0x01, 0x00, 0x01, 0x01, 0x01, 0x0E, 0x05, 0x0F, 0x01, 0x04, 0x06, 0x00, 0x01, 0x04,
    0x05, 0x0F, 0x01, 0x0E, 0x01, 0x01, 0x01, 0x00, 0x01, 0x0B, 0x01, 0x0F, 0x01, 0x0D, 0x02, 0x00,
    0x01, 0x0D, 0x01, 0x0F, 0x01, 0x0B, 0x01, 0x00, 0x01, 0x01, 0x01, 0x0E, 0x05, 0x0F, 0x01, 0x04,
    0x06, 0x00, 0x01, 0x04, 0x05, 0x0F, 0x01, 0x0E, 0x02, 0x00, 0x01, 0x0B, 0x01, 0x0F, 0x01, 0x0D,
    0x02, 0x00, 0x01, 0x0D, 0x01, 0x0F, 0x01, 0x0B, 0x02, 0x00, 0x01, 0x0E, 0x05, 0x0F, 0x01, 0x04,
    0x06, 0x00, 0x01, 0x04, 0x06, 0x0F, 0x01, 0x06, 0x01, 0x04, 0x01, 0x0E, 0x01, 0x0F, 0x01, 0x0E,
    0x02, 0x05, 0x01, 0x0E, 0x01, 0x0F, 0x01, 0x0E, 0x01, 0x04, 0x01, 0x06, 0x06, 0x0F, 0x01, 0x04,
    0x06, 0x00, 0x01, 0x04, 0x18, 0x0F, 0x01, 0x04, 0x06, 0x00, 0x01, 0x04, 0x18, 0x0F, 0x01, 0x04,
    0x06, 0x00, 0x01, 0x04, 0x18, 0x0F, 0x01, 0x04, 0x06, 0x00, 0x01, 0x04, 0x18, 0x0F, 0x01, 0x04,
    0x06, 0x00, 0x01, 0x04, 0x18, 0x0F, 0x01, 0x04, 0x06, 0x00, 0x01, 0x03, 0x18, 0x0F, 0x01, 0x03,
    0x07, 0x00, 0x01, 0x0B, 0x16, 0x0F, 0x01, 0x0B, 0x08, 0x00, 0x01, 0x01, 0x01, 0x07, 0x14, 0x09,
    0x01, 0x07, 0x01, 0x01, 0xFF, 0x00, 0x05, 0x00, 0xCB, 0x00, 0x01, 0x02, 0x02, 0x05, 0x01, 0x02,
    0x03, 0x00, 0x01, 0x03, 0x01, 0x06, 0x01, 0x03, 0x14, 0x00, 0x01, 0x01, 0x01, 0x09, 0x04, 0x0F,
    0x01, 0x09, 0x01, 0x01, 0x01, 0x00, 0x01, 0x04, 0x02, 0x0F, 0x01, 0x0B, 0x01, 0x02, 0x12, 0x00,
    0x01, 0x0A, 0x06, 0x0F, 0x01, 0x0A, 0x02, 0x00, 0x01, 0x09, 0x02, 0x0F, 0x01, 0x0D, 0x01, 0x01,
    0x10, 0x00, 0x01, 0x04, 0x08, 0x0F, 0x01, 0x05, 0x01, 0x00, 0x01, 0x04, 0x03, 0x0F, 0x01, 0x08,
    0x10, 0x00, 0x01, 0x09, 0x08, 0x0F, 0x01, 0x09, 0x01, 0x00, 0x01, 0x02, 0x01, 0x0E, 0x02, 0x0F,
    0x01, 0x0C, 0x10, 0x00, 0x01, 0x09, 0x08, 0x0F, 0x01, 0x09, 0x01, 0x00, 0x01, 0x01, 0x01, 0x0E,
    0x02, 0x0F, 0x01, 0x0D, 0x10, 0x00, 0x01, 0x07, 0x08, 0x0F, 0x01, 0x07, 0x01, 0x00, 0x01, 0x02,
    0x03, 0x0F, 0x01, 0x0B, 0x10, 0x00, 0x01, 0x02, 0x01, 0x0E, 0x06, 0x0F, 0x01, 0x0E, 0x01, 0x02,
    0x01, 0x00, 0x01, 0x06, 0x03, 0x0F, 0x01, 0x04, 0x11, 0x00, 0x01, 0x05, 0x06, 0x0F, 0x01, 0x05,
    0x01, 0x00, 0x01, 0x01, 0x01, 0x0D, 0x02, 0x0F, 0x01, 0x08, 0x13, 0x00, 0x01, 0x03, 0x01, 0x0A,
    0x02, 0x0C, 0x01, 0x0A, 0x01, 0x03, 0x02, 0x00, 0x01, 0x05, 0x01, 0x0D, 0x01, 0x0A, 0x01, 0x05,
    0x1C, 0x00, 0x01, 0x01, 0x15, 0x00, 0x01, 0x01, 0x01, 0x04, 0x01, 0x06, 0x01, 0x08, 0x02, 0x09,
    0x01, 0x08, 0x01, 0x06, 0x01, 0x04, 0x01, 0x01, 0x04, 0x00, 0x01, 0x02, 0x01, 0x01, 0x0E, 0x00,
    0x01, 0x03, 0x01, 0x09, 0x01, 0x0D, 0x08, 0x0F, 0x01, 0x0D, 0x01, 0x09, 0x01, 0x03, 0x02, 0x00,
    0x01, 0x02, 0x01, 0x0C, 0x01, 0x09, 0x01, 0x03, 0x0A, 0x00, 0x01, 0x01, 0x01, 0x09, 0x0E, 0x0F,
    0x01, 0x09, 0x01, 0x01, 0x01, 0x00, 0x01, 0x04, 0x02, 0x0F, 0x01, 0x0A, 0x01, 0x01, 0x08, 0x00,
    0x01, 0x0B, 0x10, 0x0F, 0x01, 0x0A, 0x02, 0x00, 0x01, 0x0C, 0x02, 0x0F, 0x01, 0x0B, 0x07, 0x00,
    0x01, 0x03, 0x12, 0x0F, 0x01, 0x03, 0x01, 0x00, 0x01, 0x08, 0x03, 0x0F, 0x01, 0x03, 0x06, 0x00,
    0x01, 0x04, 0x12, 0x0F, 0x01, 0x04, 0x01, 0x00, 0x01, 0x08, 0x03, 0x0F, 0x01, 0x04, 0x06, 0x00,
    0x01, 0x02, 0x12, 0x0F, 0x01, 0x03, 0x01, 0x00, 0x01, 0x08, 0x03, 0x0F, 0x01, 0x02, 0x07, 0x00,
    0x01, 0x08, 0x10, 0x0F, 0x01, 0x08, 0x01, 0x00, 0x01, 0x01, 0x01, 0x0D, 0x02, 0x0F, 0x01, 0x08,
    0x09, 0x00, 0x01, 0x04, 0x0E, 0x06, 0x01, 0x04, 0x02, 0x00, 0x01, 0x01, 0x02, 0x06, 0x01, 0x04,
    0xC5, 0x00, 0x6D, 0x00, 0x01, 0x03, 0x01, 0x06, 0x02, 0x07, 0x01, 0x06, 0x01, 0x03, 0x18, 0x00,
    0x01, 0x05, 0x01, 0x0C, 0x06, 0x0F, 0x01, 0x0C, 0x01, 0x05, 0x14, 0x00, 0x01, 0x01, 0x01, 0x0A,
    0x0A, 0x0F, 0x01, 0x0A, 0x01, 0x01, 0x11, 0x00, 0x01, 0x01, 0x01, 0x0B, 0x0C, 0x0F, 0x01, 0x0B,
    0x01, 0x01, 0x10, 0x00, 0x01, 0x09, 0x0E, 0x0F, 0x01, 0x09, 0x0F, 0x00, 0x01, 0x04, 0x10, 0x0F,
    0x01, 0x04, 0x0E, 0x00, 0x01, 0x0A, 0x10, 0x0F, 0x01, 0x0A, 0x0D, 0x00, 0x01, 0x01, 0x01, 0x0E,
    0x10, 0x0F, 0x01, 0x0E, 0x01, 0x01, 0x0C, 0x00, 0x01, 0x03, 0x12, 0x0F, 0x01, 0x03, 0x0C, 0x00,
    0x01, 0x04, 0x12, 0x0F, 0x01, 0x04, 0x0C, 0x00, 0x01, 0x04, 0x12, 0x0F, 0x01, 0x03, 0x0C, 0x00,
    0x01, 0x02, 0x12, 0x0F, 0x01, 0x02, 0x0D, 0x00, 0x01, 0x0C, 0x10, 0x0F, 0x01, 0x0C, 0x0E, 0x00,
    0x01, 0x07, 0x10, 0x0F, 0x01, 0x07, 0x0E, 0x00, 0x01, 0x01, 0x01, 0x0E, 0x0E, 0x0F, 0x01, 0x0D,
    0x01, 0x01, 0x0F, 0x00, 0x01, 0x05, 0x0E, 0x0F, 0x01, 0x04, 0x11, 0x00, 0x01, 0x06, 0x0C, 0x0F,
    0x01, 0x05, 0x13, 0x00, 0x01, 0x04, 0x01, 0x08, 0x08, 0x07, 0x01, 0x08, 0x01, 0x03, 0x35, 0x00,
    0x01, 0x05, 0x01, 0x0C, 0x06, 0x0D, 0x01, 0x0C, 0x01, 0x03, 0x16, 0x00, 0x01, 0x09, 0x08, 0x0F,
    0x01, 0x07, 0x16, 0x00, 0x01, 0x02, 0x01, 0x07, 0x06, 0x08, 0x01, 0x07, 0x01, 0x01, 0x38, 0x00,
    0x01, 0x04, 0x01, 0x0E, 0x02, 0x0D, 0x01, 0x0E, 0x01, 0x04, 0x1A, 0x00, 0x01, 0x01, 0x01, 0x0D,
    0x02, 0x0F, 0x01, 0x0D, 0x01, 0x01, 0x1B, 0x00, 0x01, 0x01, 0x02, 0x06, 0x01, 0x01, 0x6E, 0x00,
    0xFF, 0x00, 0x0F, 0x00, 0x01, 0x03, 0x02, 0x07, 0x01, 0x03, 0x1B, 0x00, 0x01, 0x07, 0x04, 0x0F,
    0x01, 0x06, 0x19, 0x00, 0x01, 0x03, 0x06, 0x0F, 0x01, 0x03, 0x13, 0x00, 0x01, 0x01, 0x04, 0x00,
    0x01, 0x07, 0x06, 0x0F, 0x01, 0x07, 0x05, 0x00, 0x01, 0x01, 0x0B, 0x00, 0x01, 0x06, 0x02, 0x0D,
    0x01, 0x07, 0x03, 0x00, 0x01, 0x07, 0x06, 0x0F, 0x01, 0x07, 0x03, 0x00, 0x01, 0x06, 0x02, 0x0D,
    0x01, 0x07, 0x09, 0x00, 0x01, 0x02, 0x04, 0x0F, 0x01, 0x03, 0x02, 0x00, 0x01, 0x03, 0x06, 0x0F,
    0x01, 0x03, 0x02, 0x00, 0x01, 0x02, 0x04, 0x0F, 0x01, 0x03, 0x08, 0x00, 0x01, 0x04, 0x02, 0x0F,
    0x01, 0x0E, 0x01, 0x0F, 0x01, 0x06, 0x03, 0x00, 0x01, 0x07, 0x04, 0x0F, 0x01, 0x06, 0x03, 0x00,
    0x01, 0x04, 0x02, 0x0F, 0x01, 0x0E, 0x01, 0x0F, 0x01, 0x06, 0x08, 0x00, 0x01, 0x01, 0x01, 0x0D,
    0x02, 0x0F, 0x01, 0x0E, 0x01, 0x02, 0x04, 0x00, 0x01, 0x03, 0x02, 0x07, 0x01, 0x03, 0x04, 0x00,
    0x01, 0x01, 0x01, 0x0D, 0x02, 0x0F, 0x01, 0x0E, 0x01, 0x02, 0x09, 0x00, 0x01, 0x02, 0x01, 0x08,
    0x01, 0x09, 0x01, 0x03, 0x0E, 0x00, 0x01, 0x02, 0x01, 0x08, 0x01, 0x09, 0x01, 0x03, 0x10, 0x00,
    0x01, 0x03, 0x01, 0x08, 0x01, 0x0C, 0x01, 0x0D, 0x02, 0x0E, 0x01, 0x0D, 0x01, 0x0C, 0x01, 0x08,
    0x01, 0x03, 0x0E, 0x00, 0x01, 0x01, 0x01, 0x07, 0x01, 0x0B, 0x01, 0x0D, 0x01, 0x0C, 0x01, 0x02,
    0x01, 0x00, 0x01, 0x09, 0x0A, 0x0F, 0x01, 0x09, 0x01, 0x00, 0x01, 0x02, 0x02, 0x0D, 0x01, 0x0B,
    0x01, 0x07, 0x01, 0x01, 0x05, 0x00, 0x01, 0x02, 0x01, 0x0D, 0x03, 0x0F, 0x01, 0x0C, 0x01, 0x00,
    0x01, 0x07, 0x0C, 0x0F, 0x01, 0x07, 0x01, 0x00, 0x01, 0x0C, 0x03, 0x0F, 0x01, 0x0D, 0x01, 0x02,
    0x04, 0x00, 0x01, 0x09, 0x01, 0x0F, 0x02, 0x0E, 0x01, 0x0F, 0x01, 0x08, 0x01, 0x00, 0x01, 0x0D,
    0x0C, 0x0F, 0x01, 0x0D, 0x01, 0x00, 0x01, 0x08, 0x01, 0x0F, 0x02, 0x0E, 0x01, 0x0F, 0x01, 0x09,
    0x04, 0x00, 0x01, 0x0A, 0x04, 0x0F, 0x01, 0x08, 0x01, 0x00, 0x01, 0x0D, 0x0C, 0x0F, 0x01, 0x0D,
    0x01, 0x00, 0x01, 0x08, 0x04, 0x0F, 0x01, 0x0A, 0x04, 0x00, 0x01, 0x04, 0x01, 0x0C, 0x01, 0x0D,
    0x01, 0x0C, 0x01, 0x0D, 0x01, 0x06, 0x01, 0x00, 0x01, 0x06, 0x01, 0x0C, 0x0A, 0x0D, 0x01, 0x0C,
    0x01, 0x06, 0x01, 0x00, 0x01, 0x06, 0x01, 0x0D, 0x01, 0x0C, 0x01, 0x0D, 0x01, 0x0C, 0x01, 0x04,
    0xFF, 0x00, 0x23, 0x00, 0xD8, 0x00, 0x01, 0x06, 0x01, 0x04, 0x1C, 0x00, 0x01, 0x03, 0x01, 0x0C,
    0x02, 0x0F, 0x01, 0x01, 0x1A, 0x00, 0x01, 0x03, 0x03, 0x0F, 0x01, 0x0A, 0x15, 0x00, 0x01, 0x05,
    0x01, 0x08, 0x01, 0x01, 0x03, 0x00, 0x01, 0x04, 0x02, 0x0F, 0x01, 0x07, 0x14, 0x00, 0x01, 0x03,
    0x01, 0x0B, 0x02, 0x0F, 0x01, 0x07, 0x04, 0x00, 0x01, 0x04, 0x01, 0x03, 0x13, 0x00, 0x01, 0x01,
    0x01, 0x09, 0x04, 0x0F, 0x01, 0x08, 0x13, 0x00, 0x01, 0x03, 0x04, 0x04, 0x01, 0x06, 0x01, 0x0D,
    0x05, 0x0F, 0x01, 0x07, 0x01, 0x01, 0x01, 0x05, 0x10, 0x00, 0x01, 0x0A, 0x0C, 0x0F, 0x01, 0x07,
    0x01, 0x00, 0x01, 0x0E, 0x01, 0x02, 0x0E, 0x00, 0x01, 0x05, 0x0D, 0x0F, 0x01, 0x07, 0x01, 0x00,
    0x01, 0x0F, 0x01, 0x08, 0x03, 0x00, 0x01, 0x03, 0x02, 0x04, 0x01, 0x03, 0x07, 0x00, 0x01, 0x08,
    0x0D, 0x0F, 0x01, 0x07, 0x01, 0x00, 0x01, 0x0F, 0x01, 0x0B, 0x02, 0x00, 0x01, 0x04, 0x04, 0x0F,
    0x01, 0x05, 0x06, 0x00, 0x01, 0x08, 0x0D, 0x0F, 0x01, 0x07, 0x01, 0x00, 0x01, 0x0F, 0x01, 0x0B,
    0x02, 0x00, 0x01, 0x04, 0x04, 0x0F, 0x01, 0x05, 0x06, 0x00, 0x01, 0x05, 0x0D, 0x0F, 0x01, 0x07,
    0x01, 0x00, 0x01, 0x0F, 0x01, 0x08, 0x03, 0x00, 0x01, 0x03, 0x02, 0x04, 0x01, 0x03, 0x08, 0x00,
    0x01, 0x0A, 0x0C, 0x0F, 0x01, 0x07, 0x01, 0x00, 0x01, 0x0E, 0x01, 0x02, 0x10, 0x00, 0x01, 0x03,
    0x01, 0x09, 0x02, 0x0F, 0x01, 0x0D, 0x01, 0x05, 0x01, 0x0D, 0x05, 0x0F, 0x01, 0x07, 0x01, 0x01,
    0x01, 0x05, 0x12, 0x00, 0x01, 0x07, 0x02, 0x0F, 0x01, 0x0D, 0x01, 0x00, 0x01, 0x01, 0x01, 0x08,
    0x01, 0x0E, 0x03, 0x0F, 0x01, 0x08, 0x14, 0x00, 0x01, 0x08, 0x02, 0x0F, 0x01, 0x0D, 0x03, 0x00,
    0x01, 0x03, 0x01, 0x0B, 0x02, 0x0F, 0x01, 0x07, 0x04, 0x00, 0x01, 0x04, 0x01, 0x03, 0x0E, 0x00,
    0x01, 0x07, 0x02, 0x0F, 0x01, 0x0D, 0x05, 0x00, 0x01, 0x05, 0x01, 0x07, 0x01, 0x01, 0x03, 0x00,
    0x01, 0x04, 0x02, 0x0F, 0x01, 0x08, 0x0D, 0x00, 0x01, 0x08, 0x02, 0x0F, 0x01, 0x0D, 0x0B, 0x00,
    0x01, 0x03, 0x03, 0x0F, 0x01, 0x0B, 0x01, 0x01, 0x0B, 0x00, 0x01, 0x03, 0x01, 0x0E, 0x01, 0x0F,
    0x01, 0x08, 0x0C, 0x00, 0x01, 0x03, 0x01, 0x0C, 0x02, 0x0F, 0x01, 0x01, 0x0C, 0x00, 0x01, 0x02,
    0x01, 0x03, 0x0F, 0x00, 0x01, 0x06, 0x01, 0x04, 0xC6, 0x00, 0x6B, 0x00, 0x01, 0x05, 0x08, 0x07,
    0x01, 0x04, 0x15, 0x00, 0x01, 0x0A, 0x0A, 0x0F, 0x01, 0x08, 0x13, 0x00, 0x01, 0x03, 0x05, 0x0F,
    0x02, 0x0E, 0x05, 0x0F, 0x01, 0x01, 0x12, 0x00, 0x01, 0x04, 0x04, 0x0F, 0x01, 0x0D, 0x01, 0x01,
    0x01, 0x02, 0x01, 0x0E, 0x04, 0x0F, 0x01, 0x02, 0x12, 0x00, 0x01, 0x04, 0x04, 0x0F, 0x01, 0x0D,
    0x01, 0x00, 0x01, 0x01, 0x01, 0x0E, 0x04, 0x0F, 0x01, 0x02, 0x12, 0x00, 0x01, 0x04, 0x04, 0x0F,
    0x01, 0x0D, 0x01, 0x00, 0x01, 0x01, 0x01, 0x0E, 0x04, 0x0F, 0x01, 0x02, 0x12, 0x00, 0x01, 0x04,
    0x04, 0x0F, 0x01, 0x0D, 0x01, 0x00, 0x01, 0x01, 0x01, 0x0E, 0x04, 0x0F, 0x01, 0x02, 0x12, 0x00,
    0x01, 0x04, 0x04, 0x0F, 0x01, 0x0D, 0x01, 0x00, 0x01, 0x01, 0x01, 0x0E, 0x04, 0x0F, 0x01, 0x02,
    0x12, 0x00, 0x01, 0x04, 0x04, 0x0F, 0x01, 0x0D, 0x01, 0x00, 0x01, 0x01, 0x01, 0x0E, 0x04, 0x0F,
    0x01, 0x02, 0x12, 0x00, 0x01, 0x04, 0x04, 0x0F, 0x01, 0x0D, 0x01, 0x00, 0x01, 0x01, 0x01, 0x0E,
    0x04, 0x0F, 0x01, 0x02, 0x12, 0x00, 0x01, 0x03, 0x04, 0x0F, 0x01, 0x0D, 0x01, 0x00, 0x01, 0x01,
    0x01, 0x0E, 0x04, 0x0F, 0x01, 0x02, 0x13, 0x00, 0x01, 0x0A, 0x03, 0x0F, 0x01, 0x0D, 0x02, 0x00,
    0x01, 0x0E, 0x03, 0x0F, 0x01, 0x09, 0x15, 0x00, 0x01, 0x08, 0x03, 0x0F, 0x01, 0x08, 0x01, 0x09,
    0x03, 0x0F, 0x01, 0x07, 0x17, 0x00, 0x01, 0x05, 0x01, 0x0E, 0x04, 0x0F, 0x01, 0x0D, 0x01, 0x04,
    0x19, 0x00, 0x01, 0x02, 0x01, 0x0B, 0x02, 0x0F, 0x01, 0x0A, 0x01, 0x01, 0x1B, 0x00, 0x01, 0x01,
    0x01, 0x0F, 0x01, 0x0D, 0x1D, 0x00, 0x01, 0x04, 0x02, 0x0F, 0x01, 0x02, 0x18, 0x00, 0x01, 0x01,
    0x01, 0x06, 0x01, 0x07, 0x01, 0x06, 0x01, 0x0B, 0x02, 0x0F, 0x01, 0x0A, 0x01, 0x06, 0x01, 0x07,
    0x01, 0x06, 0x15, 0x00, 0x01, 0x02, 0x09, 0x0F, 0x01, 0x0E, 0x01, 0x01, 0x15, 0x00, 0x01, 0x02,
    0x01, 0x0B, 0x06, 0x0F, 0x01, 0x09, 0x01, 0x01, 0x18, 0x00, 0x01, 0x0A, 0x04, 0x0F, 0x01, 0x09,
    0x1A, 0x00, 0x01, 0x0C, 0x04, 0x0F, 0x01, 0x0A, 0x19, 0x00, 0x01, 0x03, 0x02, 0x0F, 0x01, 0x0A,
    0x01, 0x0B, 0x01, 0x0F, 0x01, 0x0E, 0x01, 0x01, 0x18, 0x00, 0x01, 0x07, 0x01, 0x0F, 0x01, 0x07,
    0x02, 0x00, 0x01, 0x08, 0x01, 0x0F, 0x01, 0x05, 0x18, 0x00, 0x01, 0x02, 0x01, 0x03, 0x04, 0x00,
    0x01, 0x03, 0x01, 0x01, 0x8C, 0x00, 0xE6, 0x00, 0x01, 0x03, 0x01, 0x04, 0x10, 0x00, 0x01, 0x04,
    0x01, 0x02, 0x0B, 0x00, 0x01, 0x02, 0x01, 0x0E, 0x01, 0x0F, 0x01, 0x05, 0x0E, 0x00, 0x01, 0x05,
    0x01, 0x0F, 0x01, 0x0D, 0x01, 0x01, 0x0A, 0x00, 0x01, 0x0B, 0x02, 0x0F, 0x01, 0x04, 0x0E, 0x00,
    0x01, 0x04, 0x02, 0x0F, 0x01, 0x09, 0x09, 0x00, 0x01, 0x04, 0x02, 0x0F, 0x01, 0x09, 0x02, 0x00,
    0x01, 0x02, 0x0A, 0x00, 0x01, 0x01, 0x02, 0x00, 0x01, 0x0A, 0x02, 0x0F, 0x01, 0x03, 0x08, 0x00,
    0x01, 0x0A, 0x01, 0x0F, 0x01, 0x0E, 0x01, 0x02, 0x01, 0x00, 0x01, 0x08, 0x01, 0x0F, 0x01, 0x07,
    0x08, 0x00, 0x01, 0x06, 0x01, 0x0D, 0x01, 0x06, 0x01, 0x00, 0x01, 0x02, 0x01, 0x0E, 0x01, 0x0F,
    0x01, 0x0A, 0x07, 0x00, 0x01, 0x01, 0x01, 0x0E, 0x01, 0x0F, 0x01, 0x09, 0x01, 0x00, 0x01, 0x02,
    0x02, 0x0F, 0x01, 0x0A, 0x08, 0x00, 0x01, 0x0A, 0x01, 0x0F, 0x01, 0x0E, 0x01, 0x02, 0x01, 0x00,
    0x01, 0x09, 0x01, 0x0F, 0x01, 0x0E, 0x01, 0x01, 0x06, 0x00, 0x01, 0x04, 0x02, 0x0F, 0x01, 0x05,
    0x01, 0x00, 0x01, 0x08, 0x02, 0x0F, 0x01, 0x03, 0x02, 0x00, 0x01, 0x07, 0x02, 0x0C, 0x01, 0x07,
    0x02, 0x00, 0x01, 0x04, 0x02, 0x0F, 0x01, 0x07, 0x01, 0x00, 0x01, 0x05, 0x02, 0x0F, 0x01, 0x04,
    0x06, 0x00, 0x01, 0x06, 0x02, 0x0F, 0x01, 0x02, 0x01, 0x00, 0x01, 0x0B, 0x01, 0x0F, 0x01, 0x0C,
    0x02, 0x00, 0x01, 0x07, 0x04, 0x0F, 0x01, 0x06, 0x02, 0x00, 0x01, 0x0C, 0x01, 0x0F, 0x01, 0x0B,
    0x01, 0x00, 0x01, 0x02, 0x02, 0x0F, 0x01, 0x06, 0x06, 0x00, 0x01, 0x07, 0x01, 0x0F, 0x01, 0x0E,
    0x01, 0x01, 0x01, 0x00, 0x01, 0x0C, 0x01, 0x0F, 0x01, 0x0A, 0x02, 0x00, 0x01, 0x0C, 0x04, 0x0F,
    0x01, 0x0C, 0x02, 0x00, 0x01, 0x0A, 0x01, 0x0F, 0x01, 0x0C, 0x01, 0x00, 0x01, 0x01, 0x01, 0x0E,
    0x01, 0x0F, 0x01, 0x07, 0x06, 0x00, 0x01, 0x07, 0x01, 0x0F, 0x01, 0x0E, 0x01, 0x01, 0x01, 0x00,
    0x01, 0x0C, 0x01, 0x0F, 0x01, 0x0A, 0x02, 0x00, 0x01, 0x0C, 0x04, 0x0F, 0x01, 0x0C, 0x02, 0x00,
    0x01, 0x0A, 0x01, 0x0F, 0x01, 0x0C, 0x01, 0x00, 0x01, 0x01, 0x01, 0x0E, 0x01, 0x0F, 0x01, 0x07,
    0x06, 0x00, 0x01, 0x06, 0x02, 0x0F, 0x01, 0x02, 0x01, 0x00, 0x01, 0x0B, 0x01, 0x0F, 0x01, 0x0C,
    0x02, 0x00, 0x01, 0x07, 0x04, 0x0F, 0x01, 0x07, 0x02, 0x00, 0x01, 0x0C, 0x01, 0x0F, 0x01, 0x0B,
    0x01, 0x00, 0x01, 0x02, 0x02, 0x0F, 0x01, 0x06, 0x06, 0x00, 0x01, 0x04, 0x02, 0x0F, 0x01, 0x05,
    0x01, 0x00, 0x01, 0x07, 0x02, 0x0F, 0x01, 0x04, 0x02, 0x00, 0x01, 0x07, 0x02, 0x0C, 0x01, 0x07,
    0x02, 0x00, 0x01, 0x04, 0x02, 0x0F, 0x01, 0x07, 0x01, 0x00, 0x01, 0x05, 0x02, 0x0F, 0x01, 0x04,
    0x06, 0x00, 0x01, 0x01, 0x01, 0x0E, 0x01, 0x0F, 0x01, 0x0A, 0x01, 0x00, 0x01, 0x02, 0x01, 0x0E,
    0x01, 0x0F, 0x01, 0x0A, 0x08, 0x00, 0x01, 0x0A, 0x01, 0x0F, 0x01, 0x0E, 0x01, 0x02, 0x01, 0x00,
    0x01, 0x0A, 0x01, 0x0F, 0x01, 0x0E, 0x01, 0x01, 0x07, 0x00, 0x01, 0x0A, 0x01, 0x0F, 0x01, 0x0E,
    0x01, 0x02, 0x01, 0x00, 0x01, 0x06, 0x01, 0x0D, 0x01, 0x06, 0x08, 0x00, 0x01, 0x06, 0x01, 0x0D,
    0x01, 0x06, 0x01, 0x00, 0x01, 0x02, 0x01, 0x0E, 0x01, 0x0F, 0x01, 0x0A, 0x08, 0x00, 0x01, 0x03,
    0x02, 0x0F, 0x01, 0x0B, 0x02, 0x00, 0x01, 0x01, 0x0A, 0x00, 0x01, 0x01, 0x02, 0x00, 0x01, 0x0A,
    0x02, 0x0F, 0x01, 0x03, 0x09, 0x00, 0x01, 0x0A, 0x02, 0x0F, 0x01, 0x05, 0x0E, 0x00, 0x01, 0x05,
    0x02, 0x0F, 0x01, 0x09, 0x0A, 0x00, 0x01, 0x01, 0x01, 0x0D, 0x01, 0x0F, 0x01, 0x04, 0x0E, 0x00,
    0x01, 0x05, 0x01, 0x0F, 0x01, 0x0D, 0x01, 0x01, 0x0B, 0x00, 0x01, 0x01, 0x01, 0x03, 0x10, 0x00,
    0x01, 0x03, 0x01, 0x01, 0xE6, 0x00, 0x6F, 0x00, 0x01, 0x02, 0x01, 0x03, 0x1D, 0x00, 0x01, 0x05,
    0x02, 0x0F, 0x01, 0x06, 0x1C, 0x00, 0x01, 0x0A, 0x02, 0x0F, 0x01, 0x0B, 0x1C, 0x00, 0x01, 0x0A,
    0x02, 0x0F, 0x01, 0x0B, 0x1A, 0x00, 0x01, 0x06, 0x01, 0x0B, 0x01, 0x0E, 0x03, 0x0F, 0x01, 0x0C,
    0x01, 0x07, 0x01, 0x01, 0x15, 0x00, 0x01, 0x02, 0x01, 0x0C, 0x08, 0x0F, 0x01, 0x0C, 0x01, 0x02,
    0x13, 0x00, 0x01, 0x01, 0x01, 0x0D, 0x0A, 0x0F, 0x01, 0x0D, 0x01, 0x02, 0x12, 0x00, 0x01, 0x0A,
    0x0C, 0x0F, 0x01, 0x0B, 0x11, 0x00, 0x01, 0x04, 0x0E, 0x0F, 0x01, 0x04, 0x10, 0x00, 0x01, 0x09,
    0x0E, 0x0F, 0x01, 0x09, 0x10, 0x00, 0x01, 0x0C, 0x0E, 0x0F, 0x01, 0x0C, 0x10, 0x00, 0x01, 0x0D,
    0x0E, 0x0F, 0x01, 0x0D, 0x10, 0x00, 0x01, 0x0D, 0x0E, 0x0F, 0x01, 0x0D, 0x10, 0x00, 0x01, 0x0D,
    0x0E, 0x0F, 0x01, 0x0D, 0x10, 0x00, 0x01, 0x0D, 0x0E, 0x0F, 0x01, 0x0D, 0x10, 0x00, 0x01, 0x0D,
    0x0E, 0x0F, 0x01, 0x0D, 0x10, 0x00, 0x01, 0x0D, 0x0E, 0x0F, 0x01, 0x0D, 0x10, 0x00, 0x01, 0x0D,
    0x0E, 0x0F, 0x01, 0x0D, 0x0F, 0x00, 0x01, 0x01, 0x01, 0x0D, 0x0E, 0x0F, 0x01, 0x0D, 0x01, 0x01,
    0x0D, 0x00, 0x01, 0x02, 0x01, 0x0D, 0x10, 0x0F, 0x01, 0x0D, 0x01, 0x02, 0x0C, 0x00, 0x01, 0x03,
    0x12, 0x0F, 0x01, 0x03, 0x0D, 0x00, 0x01, 0x05, 0x01, 0x08, 0x0E, 0x07, 0x01, 0x08, 0x01, 0x05,
    0x34, 0x00, 0x01, 0x05, 0x01, 0x0F, 0x02, 0x0E, 0x01, 0x0F, 0x01, 0x05, 0x1A, 0x00, 0x01, 0x01,
    0x01, 0x0B, 0x02, 0x0F, 0x01, 0x0B, 0x01, 0x01, 0x1C, 0x00, 0x02, 0x05, 0x6F, 0x00, 0xAA, 0x00,
    0x01, 0x04, 0x01, 0x0A, 0x08, 0x0B, 0x01, 0x0A, 0x01, 0x04, 0x13, 0x00, 0x01, 0x02, 0x0C, 0x0F,
    0x01, 0x02, 0x12, 0x00, 0x01, 0x05, 0x0C, 0x0F, 0x01, 0x05, 0x10, 0x00, 0x01, 0x07, 0x01, 0x08,
    0x01, 0x0B, 0x0C, 0x0F, 0x01, 0x0B, 0x01, 0x08, 0x01, 0x07, 0x0D, 0x00, 0x01, 0x03, 0x07, 0x0F,
    0x01, 0x0E, 0x02, 0x05, 0x01, 0x0E, 0x07, 0x0F, 0x01, 0x03, 0x0C, 0x00, 0x01, 0x01, 0x01, 0x0E,
    0x06, 0x0F, 0x01, 0x07, 0x02, 0x00, 0x01, 0x07, 0x06, 0x0F, 0x01, 0x0E, 0x01, 0x01, 0x0D, 0x00,
    0x01, 0x06, 0x06, 0x0F, 0x01, 0x09, 0x02, 0x00, 0x01, 0x09, 0x06, 0x0F, 0x01, 0x05, 0x0F, 0x00,
    0x01, 0x04, 0x01, 0x0C, 0x05, 0x0F, 0x02, 0x0B, 0x05, 0x0F, 0x01, 0x0C, 0x01, 0x04, 0x0F, 0x00,
    0x02, 0x04, 0x01, 0x08, 0x0C, 0x0F, 0x01, 0x08, 0x02, 0x04, 0x0D, 0x00, 0x01, 0x03, 0x08, 0x0F,
    0x02, 0x09, 0x08, 0x0F, 0x01, 0x03, 0x0C, 0x00, 0x01, 0x02, 0x07, 0x0F, 0x01, 0x08, 0x02, 0x00,
    0x01, 0x08, 0x07, 0x0F, 0x01, 0x02, 0x0D, 0x00, 0x01, 0x08, 0x06, 0x0F, 0x01, 0x08, 0x02, 0x00,
    0x01, 0x08, 0x06, 0x0F, 0x01, 0x08, 0x0F, 0x00, 0x01, 0x08, 0x01, 0x0E, 0x04, 0x0F, 0x01, 0x0E,
    0x02, 0x07, 0x01, 0x0E, 0x04, 0x0F, 0x01, 0x0E, 0x01, 0x08, 0x0F, 0x00, 0x02, 0x01, 0x01, 0x07,
    0x0C, 0x0F, 0x01, 0x07, 0x02, 0x01, 0x0D, 0x00, 0x01, 0x02, 0x01, 0x0D, 0x01, 0x0F, 0x01, 0x0E,
    0x05, 0x0F, 0x02, 0x0C, 0x05, 0x0F, 0x01, 0x0E, 0x01, 0x0F, 0x01, 0x0D, 0x01, 0x02, 0x0C, 0x00,
    0x01, 0x03, 0x07, 0x0F, 0x01, 0x0A, 0x02, 0x00, 0x01, 0x0A, 0x07, 0x0F, 0x01, 0x03, 0x0D, 0x00,
    0x01, 0x0A, 0x06, 0x0F, 0x01, 0x06, 0x02, 0x00, 0x01, 0x07, 0x06, 0x0F, 0x01, 0x0A, 0x0E, 0x00,
    0x01, 0x01, 0x01, 0x0C, 0x05, 0x0F, 0x01, 0x0D, 0x02, 0x04, 0x01, 0x0D, 0x05, 0x0F, 0x01, 0x0C,
    0x01, 0x01, 0x10, 0x00, 0x01, 0x08, 0x0C, 0x0F, 0x01, 0x08, 0x12, 0x00, 0x01, 0x05, 0x0C, 0x0F,
    0x01, 0x05, 0x12, 0x00, 0x01, 0x03, 0x0C, 0x0F, 0x01, 0x03, 0x13, 0x00, 0x01, 0x05, 0x01, 0x0C,
    0x08, 0x0D, 0x01, 0x0C, 0x01, 0x05, 0xAA, 0x00, 0xAF, 0x00, 0x02, 0x07, 0x1D, 0x00, 0x01, 0x05,
    0x02, 0x0F, 0x01, 0x05, 0x1C, 0x00, 0x01, 0x0B, 0x02, 0x0F, 0x01, 0x0B, 0x1B, 0x00, 0x01, 0x03,
    0x04, 0x0F, 0x01, 0x03, 0x1A, 0x00, 0x01, 0x09, 0x04, 0x0F, 0x01, 0x09, 0x19, 0x00, 0x01, 0x01,
    0x01, 0x0E, 0x04, 0x0F, 0x01, 0x0E, 0x01, 0x01, 0x14, 0x00, 0x01, 0x01, 0x01, 0x02, 0x01, 0x03,
    0x01, 0x04, 0x01, 0x09, 0x06, 0x0F, 0x01, 0x09, 0x01, 0x04, 0x01, 0x03, 0x01, 0x02, 0x01, 0x01,
    0x0D, 0x00, 0x01, 0x04, 0x01, 0x0C, 0x01, 0x0D, 0x01, 0x0E, 0x0E, 0x0F, 0x01, 0x0E, 0x01, 0x0D,
    0x01, 0x0C, 0x01, 0x04, 0x0A, 0x00, 0x01, 0x0B, 0x14, 0x0F, 0x01, 0x0A, 0x0A, 0x00, 0x01, 0x03,
    0x01, 0x0E, 0x12, 0x0F, 0x01, 0x0E, 0x01, 0x03, 0x0B, 0x00, 0x01, 0x02, 0x01, 0x0D, 0x10, 0x0F,
    0x01, 0x0D, 0x01, 0x02, 0x0D, 0x00, 0x01, 0x01, 0x01, 0x0B, 0x0E, 0x0F, 0x01, 0x0B, 0x01, 0x01,
    0x10, 0x00, 0x01, 0x09, 0x0C, 0x0F, 0x01, 0x09, 0x13, 0x00, 0x01, 0x0C, 0x0A, 0x0F, 0x01, 0x0C,
    0x13, 0x00, 0x01, 0x01, 0x01, 0x0E, 0x0A, 0x0F, 0x01, 0x0E, 0x01, 0x01, 0x12, 0x00, 0x01, 0x04,
    0x0C, 0x0F, 0x01, 0x04, 0x12, 0x00, 0x01, 0x07, 0x0C, 0x0F, 0x01, 0x07, 0x12, 0x00, 0x01, 0x0A,
    0x05, 0x0F, 0x02, 0x0A, 0x05, 0x0F, 0x01, 0x0A, 0x11, 0x00, 0x01, 0x01, 0x01, 0x0D, 0x03, 0x0F,
    0x01, 0x0D, 0x01, 0x05, 0x02, 0x00, 0x01, 0x05, 0x01, 0x0D, 0x03, 0x0F, 0x01, 0x0D, 0x01, 0x01,
    0x10, 0x00, 0x01, 0x02, 0x02, 0x0F, 0x01, 0x0E, 0x01, 0x08, 0x01, 0x01, 0x04, 0x00, 0x01, 0x01,
    0x01, 0x08, 0x01, 0x0E, 0x02, 0x0F, 0x01, 0x02, 0x11, 0x00, 0x01, 0x06, 0x01, 0x09, 0x01, 0x02,
    0x08, 0x00, 0x01, 0x02, 0x01, 0x09, 0x01, 0x06, 0xC9, 0x00, 0x6F, 0x00, 0x01, 0x03, 0x01, 0x02,
    0x1D, 0x00, 0x01, 0x06, 0x02, 0x0F, 0x01, 0x05, 0x12, 0x00, 0x01, 0x03, 0x01, 0x06, 0x08, 0x00,
    0x01, 0x0B, 0x02, 0x0F, 0x01, 0x0A, 0x11, 0x00, 0x01, 0x01, 0x01, 0x0E, 0x01, 0x0F, 0x01, 0x09,
    0x07, 0x00, 0x01, 0x0B, 0x02, 0x0F, 0x01, 0x0A, 0x12, 0x00, 0x01, 0x0A, 0x02, 0x0F, 0x01, 0x09,
    0x04, 0x00, 0x01, 0x03, 0x01, 0x0B, 0x03, 0x0F, 0x01, 0x0E, 0x01, 0x0B, 0x01, 0x06, 0x11, 0x00,
    0x01, 0x0A, 0x02, 0x0F, 0x01, 0x09, 0x03, 0x00, 0x01, 0x08, 0x07, 0x0F, 0x01, 0x0B, 0x01, 0x01,
    0x10, 0x00, 0x01, 0x0B, 0x02, 0x0F, 0x01, 0x09, 0x02, 0x00, 0x01, 0x02, 0x01, 0x0E, 0x07, 0x0F,
    0x01, 0x0C, 0x01, 0x01, 0x10, 0x00, 0x01, 0x0B, 0x02, 0x0F, 0x01, 0x09, 0x02, 0x00, 0x01, 0x03,
    0x01, 0x0E, 0x07, 0x0F, 0x01, 0x09, 0x11, 0x00, 0x01, 0x0B, 0x02, 0x0F, 0x01, 0x09, 0x02, 0x00,
    0x01, 0x03, 0x01, 0x0E, 0x07, 0x0F, 0x01, 0x02, 0x10, 0x00, 0x01, 0x0A, 0x03, 0x0F, 0x01, 0x09,
    0x02, 0x00, 0x01, 0x03, 0x01, 0x0E, 0x06, 0x0F, 0x01, 0x07, 0x10, 0x00, 0x01, 0x0D, 0x04, 0x0F,
    0x01, 0x09, 0x02, 0x00, 0x01, 0x03, 0x01, 0x0E, 0x05, 0x0F, 0x01, 0x0A, 0x0F, 0x00, 0x01, 0x01,
    0x01, 0x0E, 0x05, 0x0F, 0x01, 0x09, 0x02, 0x00, 0x01, 0x03, 0x01, 0x0E, 0x04, 0x0F, 0x01, 0x0B,
    0x0F, 0x00, 0x01, 0x01, 0x01, 0x0E, 0x06, 0x0F, 0x01, 0x09, 0x02, 0x00, 0x01, 0x03, 0x01, 0x0D,
    0x03, 0x0F, 0x01, 0x0B, 0x0F, 0x00, 0x01, 0x01, 0x01, 0x0E, 0x07, 0x0F, 0x01, 0x09, 0x02, 0x00,
    0x01, 0x02, 0x01, 0x0D, 0x02, 0x0F, 0x01, 0x0B, 0x0F, 0x00, 0x01, 0x01, 0x01, 0x0E, 0x08, 0x0F,
    0x01, 0x09, 0x02, 0x00, 0x01, 0x02, 0x01, 0x0D, 0x01, 0x0F, 0x01, 0x0A, 0x0F, 0x00, 0x01, 0x01,
    0x01, 0x0E, 0x09, 0x0F, 0x01, 0x09, 0x02, 0x00, 0x01, 0x02, 0x01, 0x07, 0x01, 0x01, 0x0F, 0x00,
    0x01, 0x01, 0x01, 0x0E, 0x0A, 0x0F, 0x01, 0x09, 0x13, 0x00, 0x01, 0x01, 0x01, 0x0E, 0x0B, 0x0F,
    0x01, 0x09, 0x12, 0x00, 0x01, 0x02, 0x01, 0x0E, 0x0C, 0x0F, 0x01, 0x09, 0x10, 0x00, 0x01, 0x03,
    0x01, 0x0D, 0x0C, 0x0F, 0x01, 0x0E, 0x01, 0x0F, 0x01, 0x09, 0x0F, 0x00, 0x01, 0x04, 0x10, 0x0F,
    0x01, 0x09, 0x0F, 0x00, 0x01, 0x05, 0x01, 0x08, 0x09, 0x07, 0x02, 0x08, 0x01, 0x07, 0x01, 0x0B,
    0x02, 0x0F, 0x01, 0x09, 0x1D, 0x00, 0x01, 0x0A, 0x02, 0x0F, 0x01, 0x09, 0x13, 0x00, 0x01, 0x05,
    0x01, 0x0F, 0x03, 0x0E, 0x01, 0x02, 0x04, 0x00, 0x01, 0x0A, 0x02, 0x0F, 0x01, 0x04, 0x12, 0x00,
    0x01, 0x02, 0x01, 0x0E, 0x02, 0x0F, 0x01, 0x0B, 0x01, 0x01, 0x05, 0x00, 0x01, 0x09, 0x01, 0x0B,
    0x01, 0x01, 0x13, 0x00, 0x01, 0x01, 0x01, 0x05, 0x01, 0x04, 0x6F, 0x00, 0x4D, 0x00, 0x01, 0x02,
    0x01, 0x07, 0x02, 0x09, 0x01, 0x07, 0x01, 0x02, 0x19, 0x00, 0x01, 0x08, 0x01, 0x0E, 0x05, 0x0F,
    0x01, 0x08, 0x17, 0x00, 0x01, 0x09, 0x03, 0x0F, 0x02, 0x0E, 0x03, 0x0F, 0x01, 0x09, 0x15, 0x00,
    0x01, 0x05, 0x02, 0x0F, 0x01, 0x0E, 0x01, 0x05, 0x02, 0x02, 0x01, 0x05, 0x01, 0x0E, 0x02, 0x0F,
    0x01, 0x05, 0x14, 0x00, 0x01, 0x0C, 0x01, 0x0F, 0x01, 0x0E, 0x01, 0x03, 0x04, 0x00, 0x01, 0x03,
    0x01, 0x0E, 0x01, 0x0F, 0x01, 0x0C, 0x13, 0x00, 0x01, 0x01, 0x01, 0x0E, 0x01, 0x0F, 0x01, 0x0A,
    0x06, 0x00, 0x01, 0x0A, 0x01, 0x0F, 0x01, 0x0E, 0x01, 0x01, 0x12, 0x00, 0x01, 0x02, 0x02, 0x0F,
    0x01, 0x07, 0x06, 0x00, 0x01, 0x07, 0x02, 0x0F, 0x01, 0x02, 0x12, 0x00, 0x01, 0x02, 0x02, 0x0F,
    0x01, 0x08, 0x06, 0x00, 0x01, 0x08, 0x02, 0x0F, 0x01, 0x02, 0x12, 0x00, 0x01, 0x02, 0x02, 0x0F,
    0x01, 0x07, 0x06, 0x00, 0x01, 0x07, 0x02, 0x0F, 0x01, 0x02, 0x10, 0x00, 0x01, 0x01, 0x01, 0x09,
    0x01, 0x0C, 0x02, 0x0F, 0x01, 0x0D, 0x06, 0x0B, 0x01, 0x0D, 0x02, 0x0F, 0x01, 0x0C, 0x01, 0x09,
    0x01, 0x01, 0x0D, 0x00, 0x01, 0x01, 0x01, 0x0C, 0x10, 0x0F, 0x01, 0x0C, 0x01, 0x01, 0x0C, 0x00,
    0x01, 0x03, 0x12, 0x0F, 0x01, 0x03, 0x0C, 0x00, 0x01, 0x04, 0x12, 0x0F, 0x01, 0x04, 0x0C, 0x00,
    0x01, 0x04, 0x12, 0x0F, 0x01, 0x04, 0x0C, 0x00, 0x01, 0x04, 0x12, 0x0F, 0x01, 0x04, 0x0C, 0x00,
    0x01, 0x04, 0x07, 0x0F, 0x01, 0x0E, 0x01, 0x09, 0x01, 0x08, 0x01, 0x0E, 0x07, 0x0F, 0x01, 0x04,
    0x0C, 0x00, 0x01, 0x04, 0x06, 0x0F, 0x01, 0x0E, 0x01, 0x03, 0x02, 0x00, 0x01, 0x03, 0x01, 0x0E,
    0x06, 0x0F, 0x01, 0x04, 0x0C, 0x00, 0x01, 0x04, 0x06, 0x0F, 0x01, 0x0B, 0x04, 0x00, 0x01, 0x0B,
    0x06, 0x0F, 0x01, 0x04, 0x0C, 0x00, 0x01, 0x04, 0x06, 0x0F, 0x01, 0x0D, 0x04, 0x00, 0x01, 0x0D,
    0x06, 0x0F, 0x01, 0x04, 0x0C, 0x00, 0x01, 0x04, 0x07, 0x0F, 0x01, 0x09, 0x02, 0x02, 0x01, 0x09,
    0x07, 0x0F, 0x01, 0x04, 0x0C, 0x00, 0x01, 0x04, 0x08, 0x0F, 0x02, 0x0E, 0x08, 0x0F, 0x01, 0x04,
    0x0C, 0x00, 0x01, 0x04, 0x12, 0x0F, 0x01, 0x04, 0x0C, 0x00, 0x01, 0x04, 0x12, 0x0F, 0x01, 0x04,
    0x0C, 0x00, 0x01, 0x04, 0x12, 0x0F, 0x01, 0x04, 0x0C, 0x00, 0x01, 0x02, 0x12, 0x0F, 0x01, 0x02,
    0x0D, 0x00, 0x01, 0x07, 0x10, 0x0F, 0x01, 0x07, 0x0F, 0x00, 0x01, 0x02, 0x0E, 0x04, 0x01, 0x02,
    0x68, 0x00, 0x6D, 0x00, 0x01, 0x01, 0x01, 0x03, 0x02, 0x04, 0x01, 0x03, 0x01, 0x01, 0x17, 0x00,
    0x01, 0x01, 0x01, 0x06, 0x01, 0x0B, 0x01, 0x0E, 0x04, 0x0F, 0x01, 0x0E, 0x01, 0x0B, 0x01, 0x06,
    0x01, 0x01, 0x13, 0x00, 0x01, 0x06, 0x01, 0x0D, 0x0A, 0x0F, 0x01, 0x0D, 0x01, 0x06, 0x10, 0x00,
    0x01, 0x01, 0x01, 0x0A, 0x0E, 0x0F, 0x01, 0x0A, 0x01, 0x01, 0x0D, 0x00, 0x01, 0x01, 0x01, 0x0C,
    0x10, 0x0F, 0x01, 0x0C, 0x01, 0x01, 0x0C, 0x00, 0x01, 0x0B, 0x08, 0x0F, 0x01, 0x0A, 0x01, 0x09,
    0x08, 0x0F, 0x01, 0x0A, 0x0B, 0x00, 0x01, 0x06, 0x08, 0x0F, 0x01, 0x0C, 0x02, 0x00, 0x01, 0x0C,
    0x08, 0x0F, 0x01, 0x06, 0x09, 0x00, 0x01, 0x01, 0x01, 0x0E, 0x08, 0x0F, 0x01, 0x0B, 0x02, 0x00,
    0x01, 0x0B, 0x08, 0x0F, 0x01, 0x0E, 0x01, 0x01, 0x08, 0x00, 0x01, 0x06, 0x09, 0x0F, 0x01, 0x0B,
    0x02, 0x00, 0x01, 0x0B, 0x09, 0x0F, 0x01, 0x06, 0x08, 0x00, 0x01, 0x0B, 0x09, 0x0F, 0x01, 0x0B,
    0x02, 0x00, 0x01, 0x0B, 0x09, 0x0F, 0x01, 0x0B, 0x07, 0x00, 0x01, 0x01, 0x01, 0x0E, 0x09, 0x0F,
    0x01, 0x0B, 0x02, 0x00, 0x01, 0x0B, 0x09, 0x0F, 0x01, 0x0E, 0x01, 0x01, 0x06, 0x00, 0x01, 0x03,
    0x0A, 0x0F, 0x01, 0x0B, 0x02, 0x00, 0x01, 0x0B, 0x0A, 0x0F, 0x01, 0x03, 0x06, 0x00, 0x01, 0x04,
    0x0A, 0x0F, 0x01, 0x0B, 0x02, 0x00, 0x01, 0x04, 0x01, 0x0E, 0x09, 0x0F, 0x01, 0x04, 0x06, 0x00,
    0x01, 0x04, 0x0B, 0x0F, 0x01, 0x05, 0x02, 0x00, 0x01, 0x04, 0x01, 0x0E, 0x08, 0x0F, 0x01, 0x04,
    0x06, 0x00, 0x01, 0x03, 0x0C, 0x0F, 0x01, 0x05, 0x02, 0x00, 0x01, 0x04, 0x01, 0x0E, 0x07, 0x0F,
    0x01, 0x03, 0x06, 0x00, 0x01, 0x01, 0x01, 0x0E, 0x0C, 0x0F, 0x01, 0x05, 0x02, 0x00, 0x01, 0x04,
    0x01, 0x0E, 0x05, 0x0F, 0x01, 0x0E, 0x01, 0x01, 0x07, 0x00, 0x01, 0x0B, 0x0D, 0x0F, 0x01, 0x05,
    0x02, 0x00, 0x01, 0x0A, 0x05, 0x0F, 0x01, 0x0B, 0x08, 0x00, 0x01, 0x06, 0x0E, 0x0F, 0x01, 0x06,
    0x01, 0x04, 0x01, 0x0E, 0x05, 0x0F, 0x01, 0x06, 0x08, 0x00, 0x01, 0x01, 0x01, 0x0D, 0x14, 0x0F,
    0x01, 0x0D, 0x01, 0x01, 0x09, 0x00, 0x01, 0x05, 0x14, 0x0F, 0x01, 0x05, 0x0B, 0x00, 0x01, 0x0A,
    0x12, 0x0F, 0x01, 0x0A, 0x0D, 0x00, 0x01, 0x0B, 0x10, 0x0F, 0x01, 0x0B, 0x0F, 0x00, 0x01, 0x09,
    0x0E, 0x0F, 0x01, 0x0A, 0x11, 0x00, 0x01, 0x05, 0x01, 0x0D, 0x0A, 0x0F, 0x01, 0x0D, 0x01, 0x05,
    0x14, 0x00, 0x01, 0x05, 0x01, 0x0A, 0x01, 0x0D, 0x04, 0x0F, 0x01, 0x0D, 0x01, 0x0A, 0x01, 0x05,
    0x01, 0x01, 0x18, 0x00, 0x01, 0x02, 0x02, 0x03, 0x01, 0x02, 0x01, 0x01, 0x6D, 0x00, 0xFF, 0x00,
    0x15, 0x00, 0x01, 0x01, 0x05, 0x00, 0x01, 0x01, 0x17, 0x00, 0x01, 0x02, 0x01, 0x0C, 0x01, 0x0D,
    0x01, 0x02, 0x03, 0x00, 0x01, 0x06, 0x01, 0x0D, 0x01, 0x08, 0x15, 0x00, 0x01, 0x02, 0x01, 0x0D,
    0x02, 0x0F, 0x01, 0x05, 0x02, 0x00, 0x01, 0x06, 0x02, 0x0F, 0x01, 0x0E, 0x14, 0x00, 0x01, 0x02,
    0x01, 0x0D, 0x02, 0x0F, 0x01, 0x09, 0x02, 0x00, 0x01, 0x06, 0x03, 0x0F, 0x01, 0x05, 0x13, 0x00,
    0x01, 0x02, 0x01, 0x0D, 0x02, 0x0F, 0x01, 0x09, 0x02, 0x00, 0x01, 0x06, 0x03, 0x0F, 0x01, 0x05,
    0x14, 0x00, 0x01, 0x0B, 0x02, 0x0F, 0x01, 0x09, 0x02, 0x00, 0x01, 0x06, 0x03, 0x0F, 0x01, 0x05,
    0x0B, 0x00, 0x01, 0x02, 0x05, 0x00, 0x01, 0x03, 0x01, 0x04, 0x02, 0x00, 0x01, 0x07, 0x01, 0x0E,
    0x01, 0x09, 0x02, 0x00, 0x01, 0x06, 0x03, 0x0F, 0x01, 0x05, 0x0B, 0x00, 0x01, 0x06, 0x01, 0x0E,
    0x01, 0x0B, 0x01, 0x01, 0x02, 0x00, 0x01, 0x03, 0x02, 0x0F, 0x01, 0x07, 0x02, 0x00, 0x01, 0x02,
    0x02, 0x00, 0x01, 0x06, 0x03, 0x0F, 0x01, 0x05, 0x0C, 0x00, 0x01, 0x09, 0x02, 0x0F, 0x01, 0x0B,
    0x01, 0x01, 0x01, 0x00, 0x01, 0x02, 0x01, 0x0E, 0x02, 0x0F, 0x01, 0x07, 0x03, 0x00, 0x01, 0x06,
    0x03, 0x0F, 0x01, 0x05, 0x0D, 0x00, 0x01, 0x01, 0x01, 0x0C, 0x02, 0x0F, 0x01, 0x0B, 0x01, 0x01,
    0x01, 0x00, 0x01, 0x04, 0x03, 0x0F, 0x01, 0x07, 0x01, 0x00, 0x01, 0x07, 0x03, 0x0F, 0x01, 0x05,
    0x0F, 0x00, 0x01, 0x01, 0x01, 0x0C, 0x02, 0x0F, 0x01, 0x0B, 0x01, 0x01, 0x01, 0x00, 0x01, 0x04,
    0x03, 0x0F, 0x01, 0x0A, 0x03, 0x0F, 0x01, 0x05, 0x11, 0x00, 0x01, 0x01, 0x01, 0x0C, 0x02, 0x0F,
    0x01, 0x0B, 0x01, 0x01, 0x01, 0x00, 0x01, 0x05, 0x05, 0x0F, 0x01, 0x05, 0x13, 0x00, 0x01, 0x01,
    0x01, 0x0C, 0x02, 0x0F, 0x01, 0x07, 0x02, 0x00, 0x01, 0x05, 0x03, 0x0F, 0x01, 0x05, 0x15, 0x00,
    0x01, 0x01, 0x01, 0x0B, 0x01, 0x0D, 0x01, 0x03, 0x03, 0x00, 0x01, 0x04, 0x01, 0x0B, 0x01, 0x05,
    0xFF, 0x00, 0x4F, 0x00, 0x6D, 0x00, 0x01, 0x01, 0x01, 0x03, 0x02, 0x04, 0x01, 0x03, 0x01, 0x01,
    0x17, 0x00, 0x01, 0x01, 0x01, 0x06, 0x01, 0x0B, 0x01, 0x0E, 0x04, 0x0F, 0x01, 0x0E, 0x01, 0x0B,
    0x01, 0x06, 0x01, 0x01, 0x13, 0x00, 0x01, 0x06, 0x01, 0x0D, 0x0A, 0x0F, 0x01, 0x0D, 0x01, 0x06,
    0x10, 0x00, 0x01, 0x01, 0x01, 0x0A, 0x0E, 0x0F, 0x01, 0x0A, 0x01, 0x01, 0x0D, 0x00, 0x01, 0x01,
    0x01, 0x0B, 0x10, 0x0F, 0x01, 0x0B, 0x01, 0x01, 0x0C, 0x00, 0x01, 0x0A, 0x12, 0x0F, 0x01, 0x0A,
    0x0B, 0x00, 0x01, 0x06, 0x09, 0x0F, 0x02, 0x0E, 0x09, 0x0F, 0x01, 0x06, 0x09, 0x00, 0x01, 0x01,
    0x01, 0x0E, 0x08, 0x0F, 0x01, 0x0D, 0x01, 0x02, 0x01, 0x01, 0x01, 0x0D, 0x08, 0x0F, 0x01, 0x0E,
    0x01, 0x01, 0x08, 0x00, 0x01, 0x06, 0x09, 0x0F, 0x01, 0x0B, 0x02, 0x00, 0x01, 0x0B, 0x09, 0x0F,
    0x01, 0x06, 0x08, 0x00, 0x01, 0x0B, 0x09, 0x0F, 0x01, 0x0B, 0x02, 0x00, 0x01, 0x0B, 0x09, 0x0F,
    0x01, 0x0B, 0x07, 0x00, 0x01, 0x01, 0x01, 0x0E, 0x09, 0x0F, 0x01, 0x0B, 0x02, 0x00, 0x01, 0x0B,
    0x09, 0x0F, 0x01, 0x0E, 0x01, 0x01, 0x06, 0x00, 0x01, 0x03, 0x0A, 0x0F, 0x01, 0x0B, 0x02, 0x00,
    0x01, 0x0B, 0x0A, 0x0F, 0x01, 0x03, 0x06, 0x00, 0x01, 0x04, 0x0A, 0x0F, 0x01, 0x0B, 0x02, 0x00,
    0x01, 0x0B, 0x0A, 0x0F, 0x01, 0x04, 0x06, 0x00, 0x01, 0x04, 0x0A, 0x0F, 0x01, 0x0C, 0x02, 0x00,
    0x01, 0x0C, 0x0A, 0x0F, 0x01, 0x04, 0x06, 0x00, 0x01, 0x03, 0x0B, 0x0F, 0x02, 0x09, 0x0B, 0x0F,
    0x01, 0x03, 0x06, 0x00, 0x01, 0x01, 0x01, 0x0E, 0x16, 0x0F, 0x01, 0x0E, 0x01, 0x01, 0x07, 0x00,
    0x01, 0x0B, 0x0A, 0x0F, 0x02, 0x0B, 0x0A, 0x0F, 0x01, 0x0B, 0x08, 0x00, 0x01, 0x06, 0x09, 0x0F,
    0x01, 0x0C, 0x02, 0x00, 0x01, 0x0C, 0x09, 0x0F, 0x01, 0x06, 0x08, 0x00, 0x01, 0x01, 0x01, 0x0E,
    0x08, 0x0F, 0x01, 0x0C, 0x02, 0x00, 0x01, 0x0C, 0x08, 0x0F, 0x01, 0x0E, 0x01, 0x01, 0x09, 0x00,
    0x01, 0x06, 0x09, 0x0F, 0x02, 0x0D, 0x09, 0x0F, 0x01, 0x06, 0x0B, 0x00, 0x01, 0x0A, 0x12, 0x0F,
    0x01, 0x0A, 0x0C, 0x00, 0x01, 0x01, 0x01, 0x0B, 0x10, 0x0F, 0x01, 0x0B, 0x01, 0x01, 0x0D, 0x00,
    0x01, 0x01, 0x01, 0x0A, 0x0E, 0x0F, 0x01, 0x0A, 0x01, 0x01, 0x10, 0x00, 0x01, 0x06, 0x01, 0x0D,
    0x0A, 0x0F, 0x01, 0x0D, 0x01, 0x06, 0x13, 0x00, 0x01, 0x01, 0x01, 0x06, 0x01, 0x0B, 0x01, 0x0E,
    0x04, 0x0F, 0x01, 0x0E, 0x01, 0x0B, 0x01, 0x06, 0x01, 0x01, 0x17, 0x00, 0x01, 0x01, 0x01, 0x03,
    0x02, 0x04, 0x01, 0x03, 0x01, 0x01, 0x6D, 0x00,
};

/* Where each icon's runs start, plus a final entry so the last icon has an end.
   One line per icon, named, because this is the table a bad merge shows up in. */
static const uint32_t k_run_offsets[MESH_UI_ICON_COUNT + 1] = {
    0,    /* MESH_UI_ICON_NONE (-) */
    5,    /* MESH_UI_ICON_MESSAGES (forum) */
    174,  /* MESH_UI_ICON_NODES (hub) */
    449,  /* MESH_UI_ICON_DEVICES (settings_input_antenna) */
    764,  /* MESH_UI_ICON_STATUS (speed) */
    911,  /* MESH_UI_ICON_SETTINGS (settings) */
    1094, /* MESH_UI_ICON_MAP (map) */
    1295, /* MESH_UI_ICON_CHEVRON (chevron_right) */
    1361, /* MESH_UI_ICON_BACK (arrow_back) */
    1457, /* MESH_UI_ICON_EDIT (edit) */
    1561, /* MESH_UI_ICON_UNSAVED (fiber_manual_record) */
    1644, /* MESH_UI_ICON_CHECK (check) */
    1725, /* MESH_UI_ICON_CLOSE (close) */
    1837, /* MESH_UI_ICON_WARNING (warning) */
    1965, /* MESH_UI_ICON_CHANNEL (tag) */
    2137, /* MESH_UI_ICON_BROADCAST (public) */
    2408, /* MESH_UI_ICON_COMPOSE (add) */
    2484, /* MESH_UI_ICON_REPLY (reply) */
    2591, /* MESH_UI_ICON_DELETE (delete) */
    2779, /* MESH_UI_ICON_BLUETOOTH (bluetooth) */
    2992, /* MESH_UI_ICON_USB (usb) */
    3169, /* MESH_UI_ICON_RADIO (cell_tower) */
    3533, /* MESH_UI_ICON_LINK (link) */
    3684, /* MESH_UI_ICON_SEND (send) */
    3797, /* MESH_UI_ICON_BACKSPACE (backspace) */
    3945, /* MESH_UI_ICON_SPACE (space_bar) */
    3994, /* MESH_UI_ICON_ABOUT (info) */
    4179, /* MESH_UI_ICON_USER (person) */
    4276, /* MESH_UI_ICON_DEVICE (tune) */
    4432, /* MESH_UI_ICON_DISPLAY (monitor) */
    4533, /* MESH_UI_ICON_POSITION (place) */
    4684, /* MESH_UI_ICON_POWER (battery_charging_full) */
    4851, /* MESH_UI_ICON_LORA (wifi_tethering) */
    5196, /* MESH_UI_ICON_SECURITY (shield) */
    5333, /* MESH_UI_ICON_MODULES (extension) */
    5450, /* MESH_UI_ICON_ACTIONS (power_settings_new) */
    5713, /* MESH_UI_ICON_MQTT (cloud) */
    5813, /* MESH_UI_ICON_STORE_FWD (inventory_2) */
    5968, /* MESH_UI_ICON_TELEMETRY (monitoring) */
    6201, /* MESH_UI_ICON_RANGE_TEST (straighten) */
    6380, /* MESH_UI_ICON_NEIGHBORS (group) */
    6561, /* MESH_UI_ICON_AMBIENT (lightbulb) */
    6680, /* MESH_UI_ICON_PAXCOUNTER (groups) */
    6858, /* MESH_UI_ICON_STATUS_MSG (campaign) */
    7029, /* MESH_UI_ICON_TAK (military_tech) */
    7203, /* MESH_UI_ICON_DETECTION (sensors) */
    7475, /* MESH_UI_ICON_EXT_NOTIFY (notifications) */
    7591, /* MESH_UI_ICON_TRAFFIC (traffic) */
    7748, /* MESH_UI_ICON_PINNED (star) */
    7877, /* MESH_UI_ICON_MUTED (notifications_off) */
    8078, /* MESH_UI_ICON_ENCRYPTED (lock) */
    8257, /* MESH_UI_ICON_SENDING (schedule) */
    8447, /* MESH_UI_ICON_DELIVERED (done_all) */
    8594, /* MESH_UI_ICON_UNDELIVERED (error) */
    8780, /* end */
};

const struct mesh_ui_icon_table mesh_ui_icon_table = {
    .runs = k_runs,
    .run_offsets = k_run_offsets,
};
